subscription_id,start_date,end_date,payment_date,invoice_amount,booking_amount,refund_date,refund_amount,kind
202262,2026-01-19,2027-01-19,2026-01-19,374.02,374.02,,0,Upfront
206816,2026-01-29,2027-01-30,2026-01-29,374.02,374.02,,0,Upfront
202264,2026-01-19,2027-01-19,2026-01-19,455.98,455.98,,0,Upfront
212828,2026-02-15,2027-02-15,2026-02-15,292.56,292.56,,0,Upfront
200663,2026-01-16,2027-01-16,2026-01-16,374.02,374.02,,0,Upfront
212892,2026-02-17,2027-02-17,2026-02-17,345.53,345.53,,0,Upfront
208904,2026-02-03,2027-02-03,2026-02-03,351.64,351.64,,0,Upfront
186701,2026-01-10,2027-01-10,2026-01-10,269.67,269.67,,0,Upfront
211550,2026-02-11,2027-02-11,2026-02-11,374.02,374.02,,0,Upfront
217110,2026-02-28,2027-02-28,2026-02-28,351.64,351.64,,0,Upfront
194395,2026-01-24,2027-01-24,2026-01-24,351.64,351.64,,0,Upfront
213890,2026-02-19,2027-02-19,2026-02-19,374.02,374.02,,0,Upfront
216077,2026-02-26,2027-02-26,2026-02-26,374.02,374.02,,0,Upfront
216093,2026-02-26,2027-02-26,2026-02-26,374.02,374.02,,0,Upfront
202536,2026-01-20,2027-01-20,2026-01-20,455.98,455.98,,0,Upfront
211247,2026-02-10,2027-02-10,2026-02-10,351.64,351.64,,0,Upfront
216420,2026-02-27,2027-02-27,2026-02-27,269.67,269.67,,0,Upfront
194651,2026-01-06,2027-01-06,2026-01-06,263.57,263.57,,0,Upfront
205238,2026-01-30,2027-01-30,2026-01-30,269.67,269.67,,0,Upfront
195992,2026-01-08,2027-01-08,2026-01-08,345.53,345.53,,0,Upfront
207833,2026-01-31,2027-01-31,2026-01-31,269.67,269.67,,0,Upfront
196261,2026-01-08,2027-01-08,2026-01-08,339.02,339.02,,0,Upfront
208253,2026-02-03,2027-02-03,2026-02-03,351.64,351.64,,0,Upfront
195030,2026-01-07,2027-01-07,2026-01-07,374.02,374.02,,0,Upfront
198769,2026-01-12,2027-01-12,2026-01-12,351.64,351.64,,0,Upfront
207090,2026-01-30,2027-01-30,2026-01-30,269.67,269.67,,0,Upfront
210665,2026-02-08,2027-02-08,2026-02-08,351.64,351.64,,0,Upfront
203001,2026-01-21,2027-01-21,2026-01-21,420.98,420.98,,0,Upfront
194692,2026-01-06,2027-01-06,2026-01-06,263.57,263.57,,0,Upfront
207561,2026-01-30,2027-01-30,2026-01-30,339.02,339.02,2026-02-06,339.02,Upfront
199494,2026-01-13,2027-01-13,2026-01-13,105.74,105.74,,0,Upfront
197058,2026-01-09,2027-01-09,2026-01-09,269.67,269.67,,0,Upfront
209836,2026-02-06,2027-02-06,2026-02-06,269.67,269.67,,0,Upfront
214641,2026-02-22,2027-02-22,2026-02-22,351.64,351.64,,0,Upfront
214595,2026-02-21,2027-02-21,2026-02-21,374.02,374.02,,0,Upfront
202537,2026-01-20,2027-01-20,2026-01-20,374.02,374.02,,0,Upfront
216057,2026-02-26,2027-02-26,2026-02-26,374.02,374.02,,0,Upfront
205621,2026-01-27,2027-01-27,2026-01-27,269.67,269.67,,0,Upfront
208286,2026-02-01,2027-02-01,2026-02-01,351.64,351.64,,0,Upfront
201853,2026-01-18,2027-01-18,2026-01-18,433.61,433.61,,0,Upfront
198171,2026-01-11,2027-01-11,2026-01-11,269.67,269.67,,0,Upfront
198768,2026-01-12,2027-01-12,2026-01-12,351.64,351.64,,0,Upfront
212818,2026-02-14,2027-02-14,2026-02-14,351.64,351.64,,0,Upfront
202263,2026-01-20,2027-01-20,2026-01-20,374.02,374.02,,0,Upfront
195031,2026-01-07,2027-01-07,2026-01-07,345.53,345.53,,0,Upfront
202869,2026-01-21,2027-01-21,2026-01-21,455.98,455.98,,0,Upfront
201257,2026-01-17,2027-01-17,2026-01-17,292.05,292.05,,0,Upfront
198770,2026-01-12,2027-01-12,2026-01-12,269.67,269.67,,0,Upfront
194398,2026-01-05,2027-01-05,2026-01-05,269.67,269.67,,0,Upfront
194691,2026-01-06,2027-01-06,2026-01-06,351.64,351.64,,0,Upfront
200060,2026-01-15,2027-01-15,2026-01-15,292.05,292.05,,0,Upfront
200045,2026-01-15,2027-01-15,2026-01-15,345.53,345.53,,0,Upfront
201834,2026-01-18,2027-01-18,2026-01-18,345.53,345.53,,0,Upfront
204274,2026-01-24,2027-01-24,2026-01-24,345.53,345.53,,0,Upfront
209846,2026-02-07,2027-02-07,2026-02-07,263.57,263.57,,0,Upfront
202242,2026-01-22,2027-01-22,2026-01-22,351.64,351.64,,0,Upfront
204831,2026-01-29,2027-01-29,2026-01-29,292.05,292.05,,0,Upfront
200058,2026-01-15,2027-01-15,2026-01-15,269.67,269.67,,0,Upfront
201836,2026-01-18,2027-01-18,2026-01-18,351.64,351.64,,0,Upfront
199575,2026-01-14,2027-01-14,2026-01-14,351.64,351.64,,0,Upfront
195993,2026-01-08,2027-01-08,2026-01-08,269.67,269.67,,0,Upfront
205259,2026-01-26,2027-01-26,2026-01-26,269.67,269.67,,0,Upfront
204830,2026-01-25,2027-01-25,2026-01-25,292.05,292.05,,0,Upfront
194693,2026-01-06,2027-01-06,2026-01-06,351.64,351.64,,0,Upfront
208287,2026-02-01,2027-02-01,2026-02-01,292.05,292.05,,0,Upfront
198731,2026-01-12,2027-01-12,2026-01-12,263.57,263.57,,0,Upfront
201835,2026-01-18,2027-01-18,2026-01-18,374.02,374.02,,0,Upfront
203744,2026-01-23,2027-01-23,2026-01-23,351.64,351.64,,0,Upfront
206009,2026-01-28,2027-01-28,2026-01-28,292.05,292.05,,0,Upfront
198766,2026-01-12,2027-01-12,2026-01-12,263.57,263.57,,0,Upfront
202235,2026-01-19,2027-01-19,2026-01-19,269.67,269.67,,0,Upfront
199576,2026-01-14,2027-01-14,2026-01-14,269.67,269.67,,0,Upfront
199113,2026-01-13,2027-01-13,2026-01-13,351.64,351.64,,0,Upfront
198049,2026-01-11,2027-01-11,2026-01-11,292.05,292.05,,0,Upfront
199108,2026-01-16,2027-01-16,2026-01-16,374.02,374.02,,0,Upfront
202538,2026-01-20,2027-01-20,2026-01-20,351.64,351.64,,0,Upfront
198767,2026-01-12,2027-01-12,2026-01-12,269.67,269.67,,0,Upfront
213888,2026-02-21,2027-02-21,2026-02-21,374.02,374.02,,0,Upfront
202540,2026-01-20,2027-01-20,2026-01-20,833.36,833.36,,0,Upfront
201832,2026-01-18,2027-01-18,2026-01-18,351.64,351.64,,0,Upfront
209474,2026-02-05,2027-02-05,2026-02-05,374.02,374.02,,0,Upfront
200053,2026-01-16,2027-01-16,2026-01-16,269.67,269.67,,0,Upfront
205278,2026-01-26,2027-01-26,2026-01-26,374.02,374.02,,0,Upfront
203741,2026-01-23,2027-01-23,2026-01-23,292.05,292.05,,0,Upfront
199116,2026-01-13,2027-01-13,2026-01-13,374.02,374.02,,0,Upfront
208662,2026-02-02,2027-02-02,2026-02-02,292.05,292.05,,0,Upfront
208663,2026-02-02,2027-02-02,2026-02-02,345.53,345.53,,0,Upfront
200059,2026-01-15,2027-01-15,2026-01-15,374.02,374.02,,0,Upfront
206958,2026-01-30,2027-01-30,2026-01-30,263.57,263.57,,0,Upfront
203740,2026-01-23,2027-01-23,2026-01-23,269.67,269.67,,0,Upfront
203743,2026-01-23,2027-01-23,2026-01-23,351.64,351.64,,0,Upfront
203745,2026-01-23,2027-01-23,2026-01-23,374.02,374.02,,0,Upfront
204280,2026-01-24,2027-01-24,2026-01-24,269.67,269.67,,0,Upfront
204828,2026-01-25,2027-01-25,2026-01-25,292.05,292.05,,0,Upfront
211279,2026-02-10,2027-02-10,2026-02-10,292.05,292.05,,0,Upfront
208889,2026-02-03,2027-02-03,2026-02-03,292.05,292.05,,0,Upfront
209465,2026-02-05,2027-02-05,2026-02-05,263.57,263.57,,0,Upfront
211866,2026-02-12,2027-02-12,2026-02-12,292.05,292.05,,0,Upfront
216067,2026-02-26,2027-02-26,2026-02-26,292.05,292.05,,0,Upfront
213162,2026-02-16,2027-02-16,2026-02-16,292.05,292.05,,0,Upfront
211280,2026-02-10,2027-02-10,2026-02-10,292.05,292.05,,0,Upfront
204820,2026-01-25,2027-01-25,2026-01-25,263.57,263.57,,0,Upfront
202539,2026-01-20,2027-01-20,2026-01-20,292.05,292.05,,0,Upfront
203739,2026-01-23,2027-01-23,2026-01-23,263.57,263.57,,0,Upfront
206963,2026-01-30,2027-01-30,2026-01-30,269.67,269.67,,0,Upfront
203742,2026-01-23,2027-01-23,2026-01-23,292.05,292.05,,0,Upfront
207698,2026-01-31,2027-01-31,2026-01-31,292.05,292.05,,0,Upfront
207701,2026-01-31,2027-01-31,2026-01-31,269.67,269.67,,0,Upfront
207702,2026-01-31,2027-01-31,2026-01-31,292.05,292.05,,0,Upfront
210238,2026-02-08,2027-02-08,2026-02-08,292.05,292.05,,0,Upfront
204829,2026-01-25,2027-01-25,2026-01-25,345.53,345.53,,0,Upfront
206008,2026-01-28,2027-01-28,2026-01-28,292.05,292.05,,0,Upfront
206010,2026-01-28,2027-01-28,2026-01-28,269.67,269.67,,0,Upfront
208901,2026-02-03,2027-02-03,2026-02-03,351.64,351.64,,0,Upfront
206436,2026-01-29,2027-01-29,2026-01-29,269.67,269.67,,0,Upfront
212885,2026-02-15,2027-02-15,2026-02-15,374.02,374.02,,0,Upfront
208881,2026-02-03,2027-02-03,2026-02-03,269.67,269.67,,0,Upfront
205604,2026-01-27,2027-01-27,2026-01-27,269.67,269.67,,0,Upfront
143013,2026-01-15,2027-01-15,2026-01-15,269.67,269.67,,0,Upfront
213606,2026-02-19,2027-02-19,2026-02-19,374.02,374.02,,0,Upfront
205279,2026-01-26,2027-01-26,2026-01-26,269.67,269.67,,0,Upfront
208902,2026-02-03,2027-02-03,2026-02-03,292.05,292.05,,0,Upfront
208903,2026-02-03,2027-02-03,2026-02-03,374.02,374.02,,0,Upfront
209159,2026-02-04,2027-02-04,2026-02-04,292.05,292.05,,0,Upfront
206007,2026-01-28,2027-01-28,2026-01-28,351.64,351.64,,0,Upfront
205603,2026-01-27,2027-01-27,2026-01-27,1164,1164,,0,Upfront
211277,2026-02-10,2027-02-10,2026-02-10,269.67,269.67,,0,Upfront
206437,2026-01-29,2027-01-29,2026-01-29,263.57,263.57,,0,Upfront
211278,2026-02-10,2027-02-10,2026-02-10,292.05,292.05,,0,Upfront
202252,2026-01-19,2027-01-19,2026-01-19,269.67,269.67,,0,Upfront
215789,2026-02-25,2027-02-25,2026-02-25,292.05,292.05,,0,Upfront
213596,2026-02-18,2027-02-18,2026-02-18,269.67,269.67,,0,Upfront
211877,2026-02-13,2027-02-13,2026-02-13,269.67,269.67,,0,Upfront
197585,2026-01-10,2027-01-10,2026-01-10,433.61,433.61,,0,Upfront
211276,2026-02-10,2027-02-10,2026-02-10,292.05,292.05,,0,Upfront
215288,2026-02-23,2027-02-23,2026-02-23,269.67,269.67,,0,Upfront
193646,2026-01-04,2027-01-04,2026-01-04,339.02,339.02,,0,Upfront
209473,2026-02-05,2027-02-05,2026-02-05,351.64,351.64,,0,Upfront
213351,2026-02-17,2027-02-17,2026-02-17,351.64,351.64,,0,Upfront
215523,2026-02-24,2027-02-24,2026-02-24,292.05,292.05,,0,Upfront
210260,2026-02-07,2027-02-07,2026-02-07,292.05,292.05,,0,Upfront
216855,2026-02-28,2027-02-28,2026-02-28,292.05,292.05,,0,Upfront
213160,2026-02-16,2027-02-16,2026-02-16,269.67,269.67,,0,Upfront
216089,2026-02-26,2027-02-26,2026-02-26,292.05,292.05,,0,Upfront
212207,2026-02-17,2027-02-17,2026-02-17,374.02,374.02,,0,Upfront
215515,2026-02-24,2027-02-24,2026-02-24,292.05,292.05,,0,Upfront
213350,2026-02-17,2027-02-17,2026-02-17,292.05,292.05,,0,Upfront
213881,2026-02-21,2027-02-21,2026-02-21,374.02,374.02,,0,Upfront
193052,2026-01-06,2027-01-06,2026-01-06,269.67,269.67,,0,Upfront
215519,2026-02-24,2027-02-24,2026-02-24,351.64,351.64,2026-02-26,351.64,Upfront
215520,2026-02-24,2027-02-24,2026-02-24,345.53,345.53,,0,Upfront
216422,2026-02-28,2027-02-28,2026-02-28,374.02,374.02,,0,Upfront
208154,2026-02-18,2027-02-18,2026-02-18,269.67,269.67,,0,Upfront
213882,2026-02-19,2027-02-19,2026-02-19,351.64,351.64,,0,Upfront
216091,2026-02-26,2027-02-26,2026-02-26,269.67,269.67,,0,Upfront
213605,2026-02-18,2027-02-18,2026-02-18,351.64,351.64,,0,Upfront
199394,2026-01-13,2026-02-14,2026-01-13,35.16,421.92,2026-02-13,35.16,Monthly
213889,2026-02-19,2027-02-19,2026-02-19,1033.36,1033.36,,0,Upfront
216086,2026-02-26,2027-02-26,2026-02-26,292.05,292.05,,0,Upfront
195998,2026-01-08,2027-01-08,2026-01-08,351.64,351.64,,0,Upfront
215521,2026-02-24,2027-02-24,2026-02-24,455.98,455.98,,0,Upfront
215522,2026-02-24,2027-02-24,2026-02-24,269.67,269.67,,0,Upfront
216092,2026-02-26,2027-02-26,2026-02-26,269.67,269.67,,0,Upfront
215524,2026-02-24,2027-02-24,2026-02-24,263.57,263.57,,0,Upfront
216090,2026-02-26,2027-02-26,2026-02-26,263.57,263.57,,0,Upfront
193718,2026-01-04,2027-01-04,2026-01-04,263.57,263.57,,0,Upfront
206882,2026-01-29,2027-01-29,2026-01-29,70.32,421.92,,0,Monthly
209471,2026-02-05,2027-02-05,2026-02-05,351.64,351.64,,0,Upfront
196049,2026-01-08,2027-01-08,2026-01-08,351.64,351.64,,0,Upfront
201881,2026-01-18,2027-01-18,2026-01-18,433.61,433.61,,0,Upfront
199376,2026-01-13,2027-01-13,2026-01-13,269.67,269.67,,0,Upfront
200056,2026-01-15,2027-01-15,2026-01-15,420.98,420.98,2026-01-23,420.98,Upfront
209855,2026-02-06,2027-02-06,2026-02-06,351.64,351.64,,0,Upfront
200928,2026-01-16,2027-01-16,2026-01-16,433.61,433.61,,0,Upfront
192763,2026-01-03,2027-01-03,2026-01-03,269.67,269.67,,0,Upfront
202978,2026-01-21,2027-01-21,2026-01-21,351.64,351.64,,0,Upfront
200509,2026-01-15,2027-01-15,2026-01-15,420.98,420.98,,0,Upfront
210592,2026-02-07,2027-02-07,2026-02-07,269.67,269.67,,0,Upfront
200591,2026-01-16,2027-01-16,2026-01-16,228.69,228.69,,0,Upfront
196074,2026-01-08,2027-01-08,2026-01-08,433.61,433.61,,0,Upfront
195962,2026-01-08,2027-01-08,2026-01-08,351.64,351.64,,0,Upfront
217285,2026-02-28,2027-02-28,2026-02-28,0,0,,0,Upfront
202857,2026-01-21,2027-01-21,2026-01-21,269.67,269.67,,0,Upfront
205586,2026-01-27,2027-01-27,2026-01-27,269.67,269.67,,0,Upfront
204854,2026-01-25,2027-01-25,2026-01-25,351.64,351.64,,0,Upfront
212895,2026-02-15,2027-02-15,2026-02-15,833.36,833.36,,0,Upfront
208277,2026-02-02,2027-02-02,2026-02-02,269.67,269.67,,0,Upfront
213688,2026-02-19,2027-02-19,2026-02-19,433.61,433.61,,0,Upfront
194690,2026-01-06,2027-01-06,2026-01-06,263.57,263.57,,0,Upfront
195955,2026-01-08,2027-01-08,2026-01-08,269.67,269.67,,0,Upfront
201793,2026-01-18,2027-01-18,2026-01-18,269.67,269.67,,0,Upfront
194652,2026-01-06,2027-01-06,2026-01-06,345.53,345.53,,0,Upfront
194402,2026-01-06,2027-01-06,2026-01-06,351.64,351.64,,0,Upfront
202278,2026-01-19,2027-01-19,2026-01-19,351.64,351.64,,0,Upfront
198080,2026-01-13,2027-01-13,2026-01-13,228.69,228.69,,0,Upfront
215023,2026-02-22,2027-02-22,2026-02-22,345.53,345.53,,0,Upfront
209145,2026-02-06,2027-02-06,2026-02-06,339.02,339.02,,0,Upfront
199547,2026-01-14,2027-01-14,2026-01-14,351.64,351.64,,0,Upfront
202279,2026-01-19,2027-01-19,2026-01-19,433.61,433.61,,0,Upfront
211766,2026-02-11,2027-02-11,2026-02-11,228.69,228.69,2026-03-05,228.69,Upfront
201230,2026-01-17,2027-01-17,2026-01-17,420.98,420.98,,0,Upfront
214211,2026-02-26,2027-02-26,2026-02-26,351.64,351.64,,0,Upfront
204426,2026-01-24,2027-01-24,2026-01-24,351.64,351.64,,0,Upfront
216411,2026-02-27,2027-02-27,2026-02-27,351.64,351.64,,0,Upfront
193726,2026-01-04,2027-01-04,2026-01-04,351.64,351.64,,0,Upfront
196722,2026-01-09,2027-01-09,2026-01-09,351.64,351.64,,0,Upfront
213886,2026-02-20,2027-02-20,2026-02-20,351.64,351.64,,0,Upfront
195206,2026-01-24,2027-01-24,2026-01-24,1033.36,1033.36,,0,Upfront
199114,2026-01-13,2027-01-13,2026-01-13,1033.36,1033.36,,0,Upfront
202238,2026-01-19,2027-01-19,2026-01-19,792.38,792.38,,0,Upfront
211025,2026-02-09,2027-02-09,2026-02-09,420.98,420.98,,0,Upfront
198127,2026-01-11,2027-01-11,2026-01-11,833.36,833.36,,0,Upfront
202534,2026-01-21,2027-01-21,2026-01-21,433.61,433.61,,0,Upfront
208661,2026-02-02,2027-02-02,2026-02-02,433.61,433.61,,0,Upfront
208673,2026-02-02,2027-02-02,2026-02-02,351.64,351.64,,0,Upfront
203736,2026-01-23,2027-01-23,2026-01-23,351.64,351.64,,0,Upfront
194699,2026-01-08,2027-01-08,2026-01-08,269.67,269.67,2026-02-25,13.02,Upfront
193707,2026-01-04,2027-01-04,2026-01-04,269.67,269.67,,0,Upfront
209826,2026-02-06,2027-02-06,2026-02-06,351.64,351.64,,0,Upfront
210661,2026-02-08,2027-02-08,2026-02-08,269.67,269.67,,0,Upfront
194688,2026-01-06,2027-01-06,2026-01-06,257.05,257.05,,0,Upfront
192764,2026-01-03,2027-01-03,2026-01-03,351.64,351.64,,0,Upfront
211526,2026-02-11,2027-02-11,2026-02-11,351.64,351.64,,0,Upfront
204827,2026-01-25,2027-01-25,2026-01-25,351.64,351.64,,0,Upfront
194689,2026-01-06,2027-01-06,2026-01-06,433.61,433.61,,0,Upfront
198164,2026-01-11,2027-01-11,2026-01-11,269.67,269.67,,0,Upfront
202241,2026-01-20,2027-01-20,2026-01-20,345.53,345.53,,0,Upfront
195036,2026-01-07,2027-01-07,2026-01-07,351.64,351.64,,0,Upfront
214210,2026-02-20,2027-02-20,2026-02-20,351.64,351.64,,0,Upfront
185513,2026-01-08,2027-01-08,2026-01-08,269.67,269.67,,0,Upfront
198170,2026-01-11,2027-01-11,2026-01-11,351.64,351.64,,0,Upfront
209164,2026-02-04,2027-02-04,2026-02-04,351.64,351.64,,0,Upfront
198756,2026-01-12,2027-01-12,2026-01-12,351.64,351.64,,0,Upfront
199262,2026-01-13,2027-01-13,2026-01-13,433.61,433.61,,0,Upfront
206021,2026-01-28,2027-01-28,2026-01-28,269.67,269.67,,0,Upfront
213887,2026-02-19,2027-02-19,2026-02-19,433.61,433.61,,0,Upfront
206424,2026-01-30,2027-01-30,2026-01-30,833.36,833.36,,0,Upfront
201844,2026-01-18,2027-01-18,2026-01-18,351.64,351.64,,0,Upfront
212191,2026-02-13,2027-02-13,2026-02-13,269.67,269.67,,0,Upfront
199112,2026-01-13,2027-01-13,2026-01-13,351.64,351.64,,0,Upfront
195029,2026-01-07,2027-01-07,2026-01-07,433.61,433.61,,0,Upfront
203304,2026-01-22,2027-01-22,2026-01-22,351.64,351.64,,0,Upfront
202277,2026-01-19,2027-01-19,2026-01-19,269.67,269.67,,0,Upfront
195237,2026-01-07,2027-01-07,2026-01-07,374.02,374.02,,0,Upfront
205276,2026-01-26,2027-01-26,2026-01-26,269.67,269.67,,0,Upfront
205594,2026-01-27,2027-01-27,2026-01-27,257.05,257.05,,0,Upfront
195982,2026-01-08,2027-01-08,2026-01-08,269.67,269.67,,0,Upfront
202280,2026-01-19,2027-01-19,2026-01-19,433.61,433.61,,0,Upfront
195999,2026-01-08,2027-01-08,2026-01-08,269.67,269.67,,0,Upfront
203295,2026-01-22,2027-01-22,2026-01-22,339.02,339.02,,0,Upfront
194125,2026-01-04,2027-01-04,2026-01-04,427.5,427.5,,0,Upfront
200057,2026-01-15,2027-01-15,2026-01-15,269.67,269.67,,0,Upfront
201749,2026-01-17,2027-01-17,2026-01-17,351.64,351.64,,0,Upfront
210259,2026-02-07,2027-02-07,2026-02-07,269.67,269.67,,0,Upfront
198138,2026-01-30,2027-01-30,2026-01-30,269.67,269.67,,0,Upfront
204819,2026-01-25,2027-01-25,2026-01-25,351.64,351.64,,0,Upfront
201833,2026-01-18,2027-01-18,2026-01-18,269.67,269.67,,0,Upfront
216087,2026-02-26,2027-02-26,2026-02-26,263.57,263.57,,0,Upfront
205260,2026-01-26,2027-01-26,2026-01-26,269.67,269.67,,0,Upfront
202876,2026-01-22,2027-01-22,2026-01-22,269.67,269.67,,0,Upfront
201542,2026-01-17,2027-01-17,2026-01-17,433.61,433.61,,0,Upfront
211040,2026-02-09,2027-02-09,2026-02-09,1033.36,1033.36,2026-02-12,1033.36,Upfront
213349,2026-02-20,2027-02-20,2026-02-20,351.64,351.64,,0,Upfront
205593,2026-01-27,2027-01-27,2026-01-27,269.67,269.67,,0,Upfront
199088,2026-01-13,2027-01-13,2026-01-13,351.64,351.64,2026-01-16,81.97,Upfront
207685,2026-01-31,2027-01-31,2026-01-31,269.67,269.67,,0,Upfront
199584,2026-01-14,2027-01-14,2026-01-14,433.61,433.61,,0,Upfront
210257,2026-02-07,2027-02-07,2026-02-07,269.67,269.67,,0,Upfront
202552,2026-01-20,2027-01-20,2026-01-20,269.67,269.67,,0,Upfront
207687,2026-02-02,2027-02-02,2026-02-02,351.64,351.64,,0,Upfront
202868,2026-01-21,2027-01-21,2026-01-21,269.67,269.67,,0,Upfront
213878,2026-02-19,2027-02-19,2026-02-19,351.64,351.64,,0,Upfront
204279,2026-01-25,2027-01-25,2026-01-25,351.64,351.64,,0,Upfront
204269,2026-01-24,2027-01-24,2026-01-24,269.67,269.67,,0,Upfront
205277,2026-01-26,2027-01-26,2026-01-26,269.67,269.67,,0,Upfront
213897,2026-02-19,2027-02-19,2026-02-19,269.67,269.67,,0,Upfront
206435,2026-01-29,2027-01-29,2026-01-29,269.67,269.67,,0,Upfront
206962,2026-01-30,2027-01-30,2026-01-30,269.67,269.67,,0,Upfront
206001,2026-01-28,2027-01-28,2026-01-28,269.67,269.67,,0,Upfront
216854,2026-02-28,2027-02-28,2026-02-28,351.64,351.64,,0,Upfront
208262,2026-02-13,2027-02-13,2026-02-13,351.64,351.64,,0,Upfront
196720,2026-01-09,2027-01-09,2026-01-09,269.67,269.67,,0,Upfront
209158,2026-02-04,2027-02-04,2026-02-04,269.67,269.67,,0,Upfront
207686,2026-01-31,2027-01-31,2026-01-31,269.67,269.67,,0,Upfront
204261,2026-01-24,2027-01-24,2026-01-24,269.67,269.67,,0,Upfront
201299,2026-01-17,2027-01-17,2026-01-17,269.67,269.67,,0,Upfront
213612,2026-02-25,2027-02-25,2026-02-25,351.64,351.64,,0,Upfront
205990,2026-01-28,2027-01-28,2026-01-28,269.67,269.67,,0,Upfront
211542,2026-02-11,2027-02-11,2026-02-11,269.67,269.67,,0,Upfront
212529,2026-02-14,2027-02-14,2026-02-14,351.64,351.64,,0,Upfront
213613,2026-02-18,2027-02-18,2026-02-18,292.05,292.05,,0,Upfront
208647,2026-02-02,2027-02-02,2026-02-02,269.67,269.67,,0,Upfront
205585,2026-01-27,2027-01-27,2026-01-27,263.57,263.57,,0,Upfront
209480,2026-02-05,2027-02-05,2026-02-05,269.67,269.67,,0,Upfront
199134,2026-01-13,2027-01-13,2026-01-13,269.67,269.67,,0,Upfront
213174,2026-02-16,2027-02-16,2026-02-16,351.64,351.64,,0,Upfront
211038,2026-02-09,2027-02-09,2026-02-09,351.64,351.64,,0,Upfront
206956,2026-01-30,2027-01-30,2026-01-30,351.64,351.64,,0,Upfront
215025,2026-02-22,2027-02-22,2026-02-22,269.67,269.67,,0,Upfront
211857,2026-02-12,2027-02-12,2026-02-12,351.64,351.64,,0,Upfront
213602,2026-02-18,2027-02-18,2026-02-18,455.98,455.98,,0,Upfront
208672,2026-02-02,2027-02-02,2026-02-02,433.61,433.61,,0,Upfront
209472,2026-02-05,2027-02-05,2026-02-05,269.67,269.67,,0,Upfront
215027,2026-02-22,2027-02-22,2026-02-22,269.67,269.67,,0,Upfront
216415,2026-02-27,2027-02-27,2026-02-27,433.61,433.61,,0,Upfront
211039,2026-02-09,2027-02-09,2026-02-09,433.61,433.61,,0,Upfront
202533,2026-01-20,2027-01-20,2026-01-20,351.64,351.64,,0,Upfront
211549,2026-02-11,2027-02-11,2026-02-11,351.64,351.64,,0,Upfront
215024,2026-02-22,2027-02-22,2026-02-22,420.98,420.98,,0,Upfront
211302,2026-02-10,2027-02-10,2026-02-10,351.64,351.64,,0,Upfront
213166,2026-02-16,2027-02-16,2026-02-16,351.64,351.64,,0,Upfront
213348,2026-02-17,2027-02-17,2026-02-17,269.67,269.67,,0,Upfront
211878,2026-02-12,2027-02-12,2026-02-12,269.67,269.67,,0,Upfront
211560,2026-02-11,2027-02-11,2026-02-11,351.64,351.64,,0,Upfront
213898,2026-02-19,2027-02-19,2026-02-19,351.64,351.64,,0,Upfront
214196,2026-02-20,2027-02-20,2026-02-20,263.57,263.57,,0,Upfront
215545,2026-02-24,2027-02-24,2026-02-24,351.64,351.64,,0,Upfront
215777,2026-02-25,2027-02-25,2026-02-25,351.64,351.64,,0,Upfront
215544,2026-02-24,2027-02-24,2026-02-24,292.05,292.05,,0,Upfront
215518,2026-02-24,2027-02-24,2026-02-24,263.57,263.57,,0,Upfront
185740,2026-01-20,2027-01-20,2026-01-20,269.67,269.67,,0,Upfront
215546,2026-02-24,2027-02-24,2026-02-24,257.05,257.05,,0,Upfront
201884,2026-01-18,2027-01-18,2026-01-18,345.53,345.53,,0,Upfront
216865,2026-02-28,2027-02-28,2026-02-28,269.67,269.67,,0,Upfront
200635,2026-01-16,2027-01-16,2026-01-16,345.53,345.53,,0,Upfront
193645,2026-01-04,2027-01-04,2026-01-04,269.67,269.67,,0,Upfront
205601,2026-01-27,2027-01-27,2026-01-27,269.67,269.67,,0,Upfront
196068,2026-01-08,2027-01-08,2026-01-08,339.02,339.02,,0,Upfront
196742,2026-01-09,2027-01-09,2026-01-09,257.05,257.05,,0,Upfront
211862,2026-02-12,2027-02-12,2026-02-12,351.64,351.64,,0,Upfront
192798,2026-01-03,2027-01-03,2026-01-03,433.61,433.61,,0,Upfront
200761,2026-01-16,2027-01-16,2026-01-16,351.64,351.64,,0,Upfront
201557,2026-01-17,2027-01-17,2026-01-17,269.67,269.67,,0,Upfront
193687,2026-01-04,2027-01-04,2026-01-04,269.67,269.67,,0,Upfront
201822,2026-01-22,2027-01-22,2026-01-22,351.64,351.64,,0,Upfront
196716,2026-01-09,2027-01-09,2026-01-09,345.53,345.53,,0,Upfront
196345,2026-01-08,2027-01-08,2026-01-08,420.98,420.98,,0,Upfront
195051,2026-01-07,2027-01-07,2026-01-07,351.64,351.64,,0,Upfront
198040,2026-01-10,2027-01-10,2026-01-10,146.72,146.72,,0,Upfront
201265,2026-01-17,2027-01-17,2026-01-17,433.61,433.61,,0,Upfront
194844,2026-01-06,2027-01-06,2026-01-06,345.53,345.53,,0,Upfront
187405,2026-02-08,2027-02-08,2026-02-08,269.67,269.67,2026-02-11,269.67,Upfront
197455,2026-01-10,2027-01-10,2026-01-10,433.61,433.61,,0,Upfront
196539,2026-01-09,2027-01-09,2026-01-09,420.98,420.98,,0,Upfront
182979,2026-01-21,2027-01-21,2026-01-21,269.67,269.67,,0,Upfront
204809,2026-01-25,2027-01-25,2026-01-25,269.67,269.67,,0,Upfront
194679,2026-01-06,2027-01-06,2026-01-06,345.53,345.53,,0,Upfront
193708,2026-01-04,2027-01-04,2026-01-04,455.98,455.98,,0,Upfront
212536,2026-02-14,2027-02-14,2026-02-14,351.64,351.64,,0,Upfront
209837,2026-02-06,2027-02-06,2026-02-06,269.67,269.67,,0,Upfront
205082,2026-01-25,2027-01-25,2026-01-25,351.64,351.64,,0,Upfront
197450,2026-01-10,2027-01-10,2026-01-10,351.64,351.64,,0,Upfront
195216,2026-01-07,2027-01-07,2026-01-07,433.61,433.61,,0,Upfront
214593,2026-02-21,2027-02-21,2026-02-21,269.67,269.67,,0,Upfront
195234,2026-01-07,2027-01-07,2026-01-07,345.53,345.53,,0,Upfront
199565,2026-01-14,2027-01-14,2026-01-14,374.02,374.02,,0,Upfront
199110,2026-01-13,2027-01-13,2026-01-13,433.61,433.61,,0,Upfront
193938,2026-01-06,2027-01-06,2026-01-06,351.64,351.64,,0,Upfront
195048,2026-01-07,2027-01-07,2026-01-07,351.64,351.64,,0,Upfront
197605,2026-01-13,2027-01-13,2026-01-13,351.64,351.64,,0,Upfront
215021,2026-02-22,2027-02-22,2026-02-22,269.67,269.67,,0,Upfront
212541,2026-02-14,2027-02-14,2026-02-14,351.64,351.64,,0,Upfront
205393,2026-01-26,2027-01-26,2026-01-26,351.64,351.64,,0,Upfront
195052,2026-01-07,2027-01-07,2026-01-07,433.61,433.61,,0,Upfront
186294,2026-01-08,2027-01-08,2026-01-08,269.67,269.67,,0,Upfront
214285,2026-02-20,2027-02-20,2026-02-20,433.61,433.61,,0,Upfront
199097,2026-01-14,2027-01-14,2026-01-14,433.61,433.61,,0,Upfront
212528,2026-02-14,2027-02-14,2026-02-14,269.67,269.67,,0,Upfront
194379,2026-01-05,2027-01-05,2026-01-05,351.64,351.64,,0,Upfront
203300,2026-01-22,2027-01-22,2026-01-22,345.53,345.53,,0,Upfront
198758,2026-01-12,2027-01-12,2026-01-12,351.64,351.64,,0,Upfront
205573,2026-01-27,2027-01-27,2026-01-27,351.64,351.64,,0,Upfront
201240,2026-01-17,2027-01-17,2026-01-17,269.67,269.67,,0,Upfront
192099,2026-02-26,2027-02-26,2026-02-26,257.05,257.05,,0,Upfront
197378,2026-01-09,2027-01-10,2026-01-09,433.61,433.61,,0,Upfront
197459,2026-01-10,2027-01-10,2026-01-10,269.67,269.67,,0,Upfront
211258,2026-02-10,2027-02-10,2026-02-10,374.02,374.02,,0,Upfront
194378,2026-01-08,2027-01-08,2026-01-08,269.67,269.67,,0,Upfront
206961,2026-01-30,2027-01-30,2026-01-30,269.67,269.67,,0,Upfront
212216,2026-02-13,2027-02-13,2026-02-13,269.67,269.67,,0,Upfront
195233,2026-01-07,2027-01-07,2026-01-07,269.67,269.67,,0,Upfront
201685,2026-01-17,2027-01-17,2026-01-17,310.66,310.66,,0,Upfront
195236,2026-01-07,2027-01-07,2026-01-07,433.61,433.61,,0,Upfront
211274,2026-02-10,2027-02-10,2026-02-10,351.64,351.64,,0,Upfront
204288,2026-01-24,2027-01-24,2026-01-24,433.61,433.61,,0,Upfront
192819,2026-01-03,2027-01-03,2026-01-03,263.57,263.57,,0,Upfront
204812,2026-01-25,2027-01-25,2026-01-25,455.98,455.98,,0,Upfront
196638,2026-01-09,2027-01-09,2026-01-09,269.67,269.67,,0,Upfront
200661,2026-01-16,2027-01-16,2026-01-16,269.67,269.67,,0,Upfront
195027,2026-01-07,2027-01-07,2026-01-07,351.64,351.64,,0,Upfront
203663,2026-01-22,2027-01-23,2026-01-22,1033.36,1033.36,,0,Upfront
195235,2026-01-07,2027-01-07,2026-01-07,345.53,345.53,,0,Upfront
205581,2026-01-27,2027-01-27,2026-01-27,269.67,269.67,,0,Upfront
192825,2026-01-03,2027-01-03,2026-01-03,269.67,269.67,,0,Upfront
194149,2026-01-04,2027-01-04,2026-01-04,269.67,269.67,,0,Upfront
199392,2026-01-13,2027-01-13,2026-01-13,351.64,351.64,,0,Upfront
209175,2026-02-04,2027-02-04,2026-02-04,269.67,269.67,,0,Upfront
193712,2026-01-04,2027-01-04,2026-01-04,269.67,269.67,,0,Upfront
198137,2026-01-11,2027-01-11,2026-01-11,433.61,433.61,,0,Upfront
198788,2026-01-14,2027-01-14,2026-01-14,351.64,351.64,,0,Upfront
198183,2026-01-11,2027-01-11,2026-01-11,269.67,269.67,,0,Upfront
197454,2026-01-10,2027-01-10,2026-01-10,269.67,269.67,,0,Upfront
204826,2026-01-25,2027-01-25,2026-01-25,269.67,269.67,,0,Upfront
200054,2026-01-15,2027-01-15,2026-01-15,433.61,433.61,,0,Upfront
202102,2026-02-18,2027-02-18,2026-02-18,433.61,433.61,,0,Upfront
194349,2026-01-05,2027-01-05,2026-01-05,263.57,263.57,2026-01-14,263.57,Upfront
193711,2026-01-04,2027-01-04,2026-01-04,269.67,269.67,,0,Upfront
209064,2026-02-03,2027-02-03,2026-02-03,339.02,339.02,,0,Upfront
197422,2026-01-10,2027-01-10,2026-01-10,269.67,269.67,,0,Upfront
193727,2026-01-04,2027-01-04,2026-01-04,351.64,351.64,,0,Upfront
207667,2026-01-31,2027-01-31,2026-01-31,263.57,263.57,,0,Upfront
216841,2026-02-28,2027-02-28,2026-02-28,455.98,455.98,,0,Upfront
210269,2026-02-07,2027-02-07,2026-02-07,351.64,351.64,,0,Upfront
195232,2026-01-07,2027-01-07,2026-01-07,351.64,351.64,,0,Upfront
186031,2026-01-10,2027-01-10,2026-01-10,269.67,269.67,,0,Upfront
194389,2026-01-05,2027-01-05,2026-01-05,351.64,351.64,,0,Upfront
192827,2026-01-03,2027-01-03,2026-01-03,351.64,351.64,,0,Upfront
194380,2026-01-05,2027-01-05,2026-01-05,345.53,345.53,,0,Upfront
201267,2026-01-17,2027-01-17,2026-01-17,269.67,269.67,,0,Upfront
195989,2026-01-08,2027-01-08,2026-01-08,269.67,269.67,,0,Upfront
204849,2026-01-25,2027-01-25,2026-01-25,351.64,351.64,,0,Upfront
208645,2026-02-02,2027-02-02,2026-02-02,351.64,351.64,,0,Upfront
213599,2026-02-18,2027-02-18,2026-02-18,351.64,351.64,,0,Upfront
196693,2026-01-09,2027-01-09,2026-01-09,351.64,351.64,,0,Upfront
204805,2026-01-25,2027-01-25,2026-01-25,345.53,345.53,,0,Upfront
194400,2026-01-05,2027-01-05,2026-01-05,269.67,269.67,,0,Upfront
194392,2026-01-05,2027-01-05,2026-01-05,269.67,269.67,,0,Upfront
192830,2026-01-03,2027-01-03,2026-01-03,345.53,345.53,,0,Upfront
195055,2026-01-07,2027-01-07,2026-01-07,433.61,433.61,,0,Upfront
204290,2026-01-24,2027-01-24,2026-01-24,351.64,351.64,,0,Upfront
213196,2026-02-16,2027-02-16,2026-02-16,351.64,351.64,,0,Upfront
210235,2026-02-07,2027-02-07,2026-02-07,269.67,269.67,,0,Upfront
199137,2026-01-13,2027-01-13,2026-01-13,351.64,351.64,,0,Upfront
202845,2026-01-21,2027-01-21,2026-01-21,269.67,269.67,,0,Upfront
210648,2026-02-08,2027-02-08,2026-02-08,345.53,345.53,,0,Upfront
205577,2026-01-27,2027-01-27,2026-01-27,351.64,351.64,,0,Upfront
209831,2026-02-11,2027-02-11,2026-02-11,420.98,420.98,,0,Upfront
193716,2026-01-04,2027-01-04,2026-01-04,351.64,351.64,,0,Upfront
204845,2026-01-25,2027-01-25,2026-01-25,351.64,351.64,,0,Upfront
199562,2026-01-14,2027-01-14,2026-01-14,351.64,351.64,,0,Upfront
208660,2026-02-02,2027-02-02,2026-02-02,351.64,351.64,,0,Upfront
194377,2026-01-06,2027-01-06,2026-01-06,427.5,427.5,,0,Upfront
194686,2026-01-06,2027-01-06,2026-01-06,269.67,269.67,,0,Upfront
193693,2026-01-04,2027-01-04,2026-01-04,433.61,433.61,,0,Upfront
195990,2026-01-08,2027-01-08,2026-01-08,351.64,351.64,,0,Upfront
203721,2026-01-23,2027-01-23,2026-01-23,269.67,269.67,,0,Upfront
193717,2026-01-04,2027-01-04,2026-01-04,433.61,433.61,,0,Upfront
201264,2026-01-17,2027-01-17,2026-01-17,351.64,351.64,,0,Upfront
212901,2026-02-17,2027-02-17,2026-02-17,351.64,351.64,,0,Upfront
202560,2026-01-20,2027-01-20,2026-01-20,427.5,427.5,,0,Upfront
193710,2026-01-04,2027-01-04,2026-01-04,351.64,351.64,,0,Upfront
186961,2026-01-07,2027-01-07,2026-01-07,269.67,269.67,,0,Upfront
192824,2026-01-03,2027-01-03,2026-01-03,351.64,351.64,,0,Upfront
194712,2026-01-06,2027-01-06,2026-01-06,420.98,420.98,,0,Upfront
192820,2026-01-03,2027-01-03,2026-01-03,433.61,433.61,,0,Upfront
193109,2026-01-03,2027-01-03,2026-01-03,339.02,339.02,,0,Upfront
213598,2026-02-19,2027-02-19,2026-02-19,351.64,351.64,,0,Upfront
198789,2026-01-12,2027-01-12,2026-01-12,351.64,351.64,,0,Upfront
192826,2026-01-03,2027-01-03,2026-01-03,351.64,351.64,,0,Upfront
192823,2026-01-03,2027-01-03,2026-01-03,433.61,433.61,,0,Upfront
207682,2026-02-01,2027-02-01,2026-02-01,351.64,351.64,,0,Upfront
194401,2026-01-05,2027-01-05,2026-01-05,351.64,351.64,,0,Upfront
193719,2026-01-04,2027-01-04,2026-01-04,345.53,345.53,,0,Upfront
197460,2026-01-10,2027-01-10,2026-01-10,351.64,351.64,,0,Upfront
207670,2026-01-31,2027-01-31,2026-01-31,269.67,269.67,,0,Upfront
192817,2026-01-03,2027-01-03,2026-01-03,269.67,269.67,,0,Upfront
195046,2026-01-07,2027-01-07,2026-01-07,351.64,351.64,,0,Upfront
196736,2026-01-09,2027-01-09,2026-01-09,374.02,374.02,,0,Upfront
192821,2026-01-03,2027-01-03,2026-01-03,351.64,351.64,,0,Upfront
209832,2026-02-06,2027-02-06,2026-02-06,351.64,351.64,2026-02-11,351.64,Upfront
199101,2026-01-13,2027-01-13,2026-01-13,345.53,345.53,,0,Upfront
205600,2026-01-27,2027-01-27,2026-01-27,269.67,269.67,,0,Upfront
213884,2026-02-19,2027-02-19,2026-02-19,433.61,433.61,,0,Upfront
194677,2026-01-06,2027-01-06,2026-01-06,433.61,433.61,,0,Upfront
208299,2026-02-01,2027-02-01,2026-02-01,351.64,351.64,,0,Upfront
194391,2026-01-05,2027-01-05,2026-01-05,263.57,263.57,,0,Upfront
199561,2026-01-14,2027-01-14,2026-01-14,269.67,269.67,,0,Upfront
199559,2026-01-14,2027-01-14,2026-01-14,269.67,269.67,,0,Upfront
199109,2026-01-13,2027-01-13,2026-01-13,433.61,433.61,,0,Upfront
198762,2026-01-12,2027-01-12,2026-01-12,433.61,433.61,,0,Upfront
205602,2026-01-27,2027-01-27,2026-01-27,351.64,351.64,,0,Upfront
195974,2026-01-08,2027-01-08,2026-01-08,433.61,433.61,,0,Upfront
193725,2026-01-04,2027-01-04,2026-01-04,269.67,269.67,,0,Upfront
194399,2026-01-05,2027-01-05,2026-01-05,351.64,351.64,,0,Upfront
214473,2026-02-20,2027-02-20,2026-02-20,351.64,351.64,,0,Upfront
193721,2026-01-04,2027-01-04,2026-01-04,269.67,269.67,,0,Upfront
193709,2026-01-04,2027-01-04,2026-01-04,433.61,433.61,,0,Upfront
197452,2026-01-10,2027-01-10,2026-01-10,269.67,269.67,,0,Upfront
208283,2026-02-01,2027-02-01,2026-02-01,351.64,351.64,,0,Upfront
207661,2026-01-31,2027-01-31,2026-01-31,269.67,269.67,,0,Upfront
193644,2026-01-04,2027-01-04,2026-01-04,269.67,269.67,,0,Upfront
203716,2026-01-24,2027-01-24,2026-01-24,351.64,351.64,,0,Upfront
201824,2026-01-19,2027-01-19,2026-01-19,351.64,351.64,,0,Upfront
192822,2026-01-03,2027-01-03,2026-01-03,433.61,433.61,,0,Upfront
212900,2026-02-15,2027-02-15,2026-02-15,263.57,263.57,,0,Upfront
195047,2026-01-07,2027-01-07,2026-01-07,351.64,351.64,,0,Upfront
198761,2026-01-12,2027-01-12,2026-01-12,351.64,351.64,,0,Upfront
195983,2026-01-08,2027-01-08,2026-01-08,433.61,433.61,,0,Upfront
212544,2026-02-14,2027-02-14,2026-02-14,433.61,433.61,,0,Upfront
198759,2026-01-12,2027-01-12,2026-01-12,269.67,269.67,,0,Upfront
200634,2026-01-16,2027-01-16,2026-01-16,269.67,269.67,,0,Upfront
198742,2026-01-12,2027-01-12,2026-01-12,351.64,351.64,,0,Upfront
194678,2026-01-06,2027-01-06,2026-01-06,351.64,351.64,,0,Upfront
193720,2026-01-04,2027-01-04,2026-01-04,269.67,269.67,,0,Upfront
209459,2026-02-05,2027-02-05,2026-02-05,351.64,351.64,,0,Upfront
198165,2026-01-11,2027-01-11,2026-01-11,351.64,351.64,,0,Upfront
197441,2026-01-10,2027-01-10,2026-01-10,269.67,269.67,,0,Upfront
193682,2026-01-04,2027-01-04,2026-01-04,433.61,433.61,,0,Upfront
194361,2026-01-05,2027-01-05,2026-01-05,269.67,269.67,,0,Upfront
195981,2026-01-08,2027-01-08,2026-01-08,263.57,263.57,,0,Upfront
197440,2026-01-10,2027-01-10,2026-01-10,433.61,433.61,,0,Upfront
207696,2026-01-31,2027-01-31,2026-01-31,351.64,351.64,,0,Upfront
194388,2026-01-05,2027-01-05,2026-01-05,1233.36,1233.36,,0,Upfront
200909,2026-01-16,2027-01-16,2026-01-16,433.61,433.61,,0,Upfront
194687,2026-01-06,2027-01-06,2026-01-06,263.57,263.57,,0,Upfront
197456,2026-01-10,2027-01-10,2026-01-10,433.61,433.61,,0,Upfront
193715,2026-01-04,2027-01-04,2026-01-04,351.64,351.64,,0,Upfront
193722,2026-01-04,2027-01-04,2026-01-04,269.67,269.67,,0,Upfront
195028,2026-01-07,2027-01-07,2026-01-07,345.53,345.53,,0,Upfront
197963,2026-01-11,2027-01-11,2026-01-11,269.67,269.67,,0,Upfront
194711,2026-01-07,2027-01-07,2026-01-07,345.53,345.53,,0,Upfront
201253,2026-01-17,2027-01-17,2026-01-17,351.64,351.64,,0,Upfront
199254,2026-01-15,2027-01-15,2026-01-15,433.61,433.61,,0,Upfront
204289,2026-01-24,2027-01-24,2026-01-24,351.64,351.64,,0,Upfront
204855,2026-01-25,2027-01-25,2026-01-25,351.64,351.64,,0,Upfront
202867,2026-01-21,2027-01-21,2026-01-21,351.64,351.64,,0,Upfront
195960,2026-01-08,2027-01-08,2026-01-08,351.64,351.64,,0,Upfront
193791,2026-01-04,2027-01-04,2026-01-04,269.67,269.67,,0,Upfront
213159,2026-02-16,2027-02-16,2026-02-16,1033.36,1033.36,,0,Upfront
195961,2026-01-08,2027-01-08,2026-01-08,345.53,345.53,,0,Upfront
214982,2026-02-21,2027-02-21,2026-02-21,269.67,269.67,,0,Upfront
195022,2026-01-07,2027-01-07,2026-01-07,269.67,269.67,,0,Upfront
193724,2026-01-04,2027-01-04,2026-01-04,269.67,269.67,,0,Upfront
194685,2026-01-06,2027-01-06,2026-01-06,351.64,351.64,,0,Upfront
199573,2026-01-14,2027-01-14,2026-01-14,351.64,351.64,,0,Upfront
195098,2026-01-07,2027-01-07,2026-01-07,433.61,433.61,,0,Upfront
196711,2026-01-09,2027-01-09,2026-01-09,351.64,351.64,,0,Upfront
198182,2026-01-13,2027-01-13,2026-01-13,433.61,433.61,,0,Upfront
194680,2026-01-06,2027-01-06,2026-01-06,351.64,351.64,,0,Upfront
193723,2026-01-04,2027-01-04,2026-01-04,263.57,263.57,,0,Upfront
202290,2026-01-19,2027-01-19,2026-01-19,269.67,269.67,,0,Upfront
196723,2026-01-09,2027-01-09,2026-01-09,269.67,269.67,,0,Upfront
212531,2026-02-14,2027-02-14,2026-02-14,269.67,269.67,2026-02-25,3.93,Upfront
196712,2026-01-09,2027-01-09,2026-01-09,351.64,351.64,,0,Upfront
192828,2026-01-03,2027-01-03,2026-01-03,269.67,269.67,,0,Upfront
205272,2026-01-26,2027-01-26,2026-01-26,374.02,374.02,,0,Upfront
195053,2026-01-07,2027-01-07,2026-01-07,263.57,263.57,,0,Upfront
192829,2026-01-03,2027-01-03,2026-01-03,269.67,269.67,,0,Upfront
212887,2026-02-15,2027-02-15,2026-02-15,351.64,351.64,,0,Upfront
200636,2026-01-16,2027-01-16,2026-01-16,257.05,257.05,,0,Upfront
192831,2026-01-03,2027-01-03,2026-01-03,339.02,339.02,,0,Upfront
192832,2026-01-03,2027-01-03,2026-01-03,351.64,351.64,,0,Upfront
195050,2026-01-07,2027-01-07,2026-01-07,351.64,351.64,,0,Upfront
201855,2026-01-18,2027-01-18,2026-01-18,345.53,345.53,,0,Upfront
198790,2026-01-12,2027-01-12,2026-01-12,433.61,433.61,,0,Upfront
213340,2026-02-17,2027-02-17,2026-02-17,269.67,269.67,,0,Upfront
201246,2026-01-18,2027-01-18,2026-01-18,269.67,269.67,2026-01-22,81.97,Upfront
207659,2026-02-04,2027-02-04,2026-02-04,351.64,351.64,,0,Upfront
211264,2026-02-10,2027-02-10,2026-02-10,351.64,351.64,,0,Upfront
199263,2026-01-13,2027-01-13,2026-01-13,269.67,269.67,,0,Upfront
198751,2026-01-12,2027-01-12,2026-01-12,269.67,269.67,,0,Upfront
195026,2026-01-07,2027-01-07,2026-01-07,351.64,351.64,,0,Upfront
200662,2026-01-16,2027-01-16,2026-01-16,269.67,269.67,,0,Upfront
194393,2026-01-08,2027-01-08,2026-01-08,433.61,433.61,,0,Upfront
199546,2026-01-14,2027-01-14,2026-01-14,269.67,269.67,,0,Upfront
194710,2026-01-06,2027-01-06,2026-01-06,351.64,351.64,,0,Upfront
197453,2026-01-10,2027-01-10,2026-01-10,345.53,345.53,,0,Upfront
195956,2026-01-08,2027-01-08,2026-01-08,269.67,269.67,,0,Upfront
198752,2026-01-12,2027-01-12,2026-01-12,351.64,351.64,,0,Upfront
195045,2026-01-07,2027-01-07,2026-01-07,351.64,351.64,,0,Upfront
198133,2026-01-12,2027-01-12,2026-01-12,269.67,269.67,,0,Upfront
196710,2026-01-09,2027-01-09,2026-01-09,351.64,351.64,,0,Upfront
205512,2026-01-26,2027-01-26,2026-01-26,433.61,433.61,,0,Upfront
195991,2026-01-08,2027-01-08,2026-01-08,433.61,433.61,,0,Upfront
198765,2026-01-12,2027-01-12,2026-01-12,269.67,269.67,,0,Upfront
194709,2026-01-06,2027-01-06,2026-01-06,263.57,263.57,,0,Upfront
198760,2026-01-12,2027-01-12,2026-01-12,351.64,351.64,,0,Upfront
197458,2026-01-10,2027-01-10,2026-01-10,269.67,269.67,,0,Upfront
195044,2026-01-07,2027-01-07,2026-01-07,269.67,269.67,,0,Upfront
201255,2026-01-17,2027-01-17,2026-01-17,269.67,269.67,,0,Upfront
199549,2026-01-14,2027-01-14,2026-01-14,269.67,269.67,,0,Upfront
205982,2026-01-28,2027-01-28,2026-01-28,269.67,269.67,,0,Upfront
198169,2026-01-11,2027-01-11,2026-01-11,351.64,351.64,,0,Upfront
210138,2026-02-06,2027-02-06,2026-02-06,105.74,105.74,,0,Upfront
195054,2026-01-07,2027-01-07,2026-01-07,269.67,269.67,,0,Upfront
198166,2026-01-11,2027-01-11,2026-01-11,269.67,269.67,,0,Upfront
202858,2026-01-21,2027-01-21,2026-01-21,263.57,263.57,,0,Upfront
199591,2026-01-15,2027-01-15,2026-01-15,269.67,269.67,,0,Upfront
197449,2026-01-10,2027-01-10,2026-01-10,351.64,351.64,,0,Upfront
193928,2026-01-05,2027-01-05,2026-01-05,433.61,433.61,,0,Upfront
202258,2026-01-19,2027-01-19,2026-01-19,351.64,351.64,,0,Upfront
197457,2026-01-11,2027-01-11,2026-01-11,269.67,269.67,,0,Upfront
198167,2026-01-11,2027-01-11,2026-01-11,351.64,351.64,,0,Upfront
198168,2026-01-11,2027-01-11,2026-01-11,351.64,351.64,,0,Upfront
212200,2026-02-13,2027-02-13,2026-02-13,351.64,351.64,,0,Upfront
205253,2026-01-26,2027-01-26,2026-01-26,433.61,433.61,,0,Upfront
201809,2026-01-18,2027-01-18,2026-01-18,269.67,269.67,,0,Upfront
198757,2026-01-12,2027-01-12,2026-01-12,420.98,420.98,,0,Upfront
199100,2026-01-13,2027-01-13,2026-01-13,351.64,351.64,,0,Upfront
207551,2026-01-30,2027-01-30,2026-01-30,433.61,433.61,,0,Upfront
209140,2026-02-11,2027-02-11,2026-02-11,351.64,351.64,,0,Upfront
199560,2026-01-14,2027-01-14,2026-01-14,263.57,263.57,,0,Upfront
211049,2026-02-09,2027-02-09,2026-02-09,269.67,269.67,,0,Upfront
199111,2026-01-13,2027-01-13,2026-01-13,269.67,269.67,,0,Upfront
198184,2026-01-11,2027-01-11,2026-01-11,351.64,351.64,,0,Upfront
201263,2026-01-17,2027-01-17,2026-01-17,269.67,269.67,,0,Upfront
199138,2026-01-13,2027-01-13,2026-01-13,263.57,263.57,,0,Upfront
205254,2026-01-26,2027-01-26,2026-01-26,351.64,351.64,,0,Upfront
205979,2026-01-31,2027-01-31,2026-01-31,351.64,351.64,,0,Upfront
202289,2026-01-19,2027-01-19,2026-01-19,269.67,269.67,,0,Upfront
198764,2026-01-12,2027-01-12,2026-01-12,269.67,269.67,,0,Upfront
198732,2026-01-12,2027-01-12,2026-01-12,339.02,339.02,,0,Upfront
208886,2026-02-19,2027-02-19,2026-02-19,433.61,433.61,,0,Upfront
209470,2026-02-05,2027-02-05,2026-02-05,351.64,351.64,,0,Upfront
205616,2026-01-27,2027-01-27,2026-01-27,269.67,269.67,,0,Upfront
204278,2026-01-24,2027-01-24,2026-01-24,351.64,351.64,,0,Upfront
199592,2026-01-14,2027-01-14,2026-01-14,1033.36,1033.36,,0,Upfront
205247,2026-01-26,2027-01-26,2026-01-26,269.67,269.67,,0,Upfront
216431,2026-02-27,2027-02-27,2026-02-27,374.02,374.02,,0,Upfront
204273,2026-01-24,2027-01-24,2026-01-24,269.67,269.67,,0,Upfront
198763,2026-01-12,2027-01-12,2026-01-12,269.67,269.67,,0,Upfront
200041,2026-01-17,2027-01-17,2026-01-17,351.64,351.64,,0,Upfront
201856,2026-01-18,2027-01-18,2026-01-18,351.64,351.64,,0,Upfront
206419,2026-01-30,2027-01-30,2026-01-30,269.67,269.67,,0,Upfront
202259,2026-01-19,2027-01-19,2026-01-19,269.67,269.67,,0,Upfront
199133,2026-01-13,2027-01-13,2026-01-13,351.64,351.64,,0,Upfront
201254,2026-01-17,2027-01-17,2026-01-17,269.67,269.67,,0,Upfront
211050,2026-02-09,2027-02-09,2026-02-09,433.61,433.61,,0,Upfront
201857,2026-01-18,2027-01-18,2026-01-18,351.64,351.64,,0,Upfront
199139,2026-01-13,2027-01-13,2026-01-13,351.64,351.64,,0,Upfront
199590,2026-01-14,2027-01-14,2026-01-14,1192.38,1192.38,,0,Upfront
199136,2026-01-13,2027-01-13,2026-01-13,351.64,351.64,,0,Upfront
199135,2026-01-13,2027-01-13,2026-01-13,351.64,351.64,,0,Upfront
199574,2026-01-14,2027-01-14,2026-01-14,345.53,345.53,,0,Upfront
206622,2026-01-29,2027-01-29,2026-01-29,433.61,433.61,,0,Upfront
201799,2026-01-18,2027-01-18,2026-01-18,269.67,269.67,,0,Upfront
211859,2026-02-12,2027-02-12,2026-02-12,351.64,351.64,,0,Upfront
206957,2026-01-30,2027-01-30,2026-01-30,351.64,351.64,,0,Upfront
207713,2026-01-31,2027-01-31,2026-01-31,351.64,351.64,,0,Upfront
201256,2026-01-17,2027-01-17,2026-01-17,263.57,263.57,,0,Upfront
213337,2026-02-24,2027-02-24,2026-02-24,269.67,269.67,,0,Upfront
208263,2026-02-01,2027-02-01,2026-02-01,269.67,269.67,,0,Upfront
206948,2026-01-30,2027-01-30,2026-01-30,351.64,351.64,,0,Upfront
202260,2026-01-19,2027-01-19,2026-01-19,269.67,269.67,,0,Upfront
211046,2026-02-09,2027-02-09,2026-02-09,269.67,269.67,,0,Upfront
199589,2026-01-15,2027-01-15,2026-01-15,345.53,345.53,,0,Upfront
199593,2026-01-14,2027-01-14,2026-01-14,351.64,351.64,,0,Upfront
198154,2026-01-11,2027-01-11,2026-01-11,263.57,263.57,,0,Upfront
204277,2026-01-24,2027-01-24,2026-01-24,269.67,269.67,,0,Upfront
215799,2026-02-25,2027-02-25,2026-02-25,269.67,269.67,,0,Upfront
204856,2026-01-25,2027-01-25,2026-01-25,269.67,269.67,,0,Upfront
204851,2026-01-26,2027-01-26,2026-01-26,351.64,351.64,,0,Upfront
211569,2026-02-11,2027-02-11,2026-02-11,345.53,345.53,,0,Upfront
204825,2026-01-25,2027-01-25,2026-01-25,269.67,269.67,,0,Upfront
202849,2026-01-21,2027-01-21,2026-01-21,269.67,269.67,,0,Upfront
201266,2026-01-17,2027-01-17,2026-01-17,269.67,269.67,,0,Upfront
210650,2026-02-08,2027-02-08,2026-02-08,269.67,269.67,,0,Upfront
202254,2026-01-19,2027-01-19,2026-01-19,269.67,269.67,,0,Upfront
207665,2026-01-31,2027-01-31,2026-01-31,269.67,269.67,,0,Upfront
202882,2026-01-21,2027-01-21,2026-01-21,1233.36,1233.36,,0,Upfront
202292,2026-01-19,2027-01-19,2026-01-19,345.53,345.53,,0,Upfront
210245,2026-02-08,2027-02-08,2026-02-08,351.64,351.64,,0,Upfront
202523,2026-01-21,2027-01-21,2026-01-21,351.64,351.64,,0,Upfront
202559,2026-01-20,2027-01-20,2026-01-20,269.67,269.67,,0,Upfront
210264,2026-02-07,2027-02-07,2026-02-07,269.67,269.67,,0,Upfront
205251,2026-01-26,2027-01-26,2026-01-26,433.61,433.61,,0,Upfront
206000,2026-01-28,2027-01-28,2026-01-28,269.67,269.67,,0,Upfront
203728,2026-01-23,2027-01-23,2026-01-23,269.67,269.67,,0,Upfront
211048,2026-02-09,2027-02-09,2026-02-09,427.5,427.5,,0,Upfront
196548,2026-01-08,2027-01-08,2026-01-08,392.62,392.62,,0,Upfront
202535,2026-01-20,2027-01-20,2026-01-20,433.61,433.61,,0,Upfront
209451,2026-02-06,2027-02-06,2026-02-06,351.64,351.64,,0,Upfront
207709,2026-01-31,2027-01-31,2026-01-31,269.67,269.67,,0,Upfront
208683,2026-02-02,2027-02-02,2026-02-02,351.64,351.64,,0,Upfront
202883,2026-01-21,2027-01-21,2026-01-21,269.67,269.67,,0,Upfront
203297,2026-01-23,2027-01-23,2026-01-23,351.64,351.64,,0,Upfront
207711,2026-01-31,2027-01-31,2026-01-31,263.57,263.57,,0,Upfront
215038,2026-02-22,2027-02-22,2026-02-22,1033.36,1033.36,,0,Upfront
211023,2026-02-09,2027-02-09,2026-02-09,269.67,269.67,,0,Upfront
203731,2026-01-24,2027-01-24,2026-01-24,1192.38,1192.38,,0,Upfront
202561,2026-01-20,2027-01-20,2026-01-20,345.53,345.53,,0,Upfront
205997,2026-01-28,2027-01-28,2026-01-28,351.64,351.64,,0,Upfront
205275,2026-01-26,2027-01-26,2026-01-26,351.64,351.64,,0,Upfront
205295,2026-01-26,2027-01-26,2026-01-26,433.61,433.61,,0,Upfront
195238,2026-01-11,2027-01-11,2026-01-11,345.53,345.53,,0,Upfront
213604,2026-02-18,2027-02-18,2026-02-18,433.61,433.61,,0,Upfront
204291,2026-01-24,2027-01-24,2026-01-24,351.64,351.64,,0,Upfront
208651,2026-02-02,2027-02-02,2026-02-02,269.67,269.67,,0,Upfront
204850,2026-01-25,2027-01-25,2026-01-25,351.64,351.64,,0,Upfront
205292,2026-01-26,2027-01-26,2026-01-26,351.64,351.64,,0,Upfront
205595,2026-01-27,2027-01-27,2026-01-27,345.53,345.53,,0,Upfront
204852,2026-01-25,2027-01-25,2026-01-25,269.67,269.67,,0,Upfront
207697,2026-01-31,2027-01-31,2026-01-31,345.53,345.53,,0,Upfront
212899,2026-02-15,2027-02-15,2026-02-15,269.67,269.67,,0,Upfront
205274,2026-01-26,2027-01-26,2026-01-26,345.53,345.53,,0,Upfront
196107,2026-01-08,2027-01-08,2026-01-08,269.67,269.67,2026-02-06,269.67,Upfront
203202,2026-01-22,2027-01-22,2026-01-22,882.54,882.54,2026-02-21,57.38,Upfront
204847,2026-01-25,2027-01-25,2026-01-25,263.57,263.57,,0,Upfront
208285,2026-02-01,2027-02-01,2026-02-01,427.5,427.5,,0,Upfront
192899,2026-01-03,2027-01-03,2026-01-03,351.64,351.64,,0,Upfront
211869,2026-02-12,2027-02-12,2026-02-12,269.67,269.67,,0,Upfront
204846,2026-01-25,2027-01-25,2026-01-25,351.64,351.64,,0,Upfront
208636,2026-02-02,2027-02-02,2026-02-02,269.67,269.67,,0,Upfront
208659,2026-02-02,2027-02-02,2026-02-02,269.67,269.67,,0,Upfront
212542,2026-02-14,2027-02-14,2026-02-14,433.61,433.61,,0,Upfront
211019,2026-02-09,2027-02-09,2026-02-09,433.61,433.61,,0,Upfront
195009,2026-01-07,2027-01-07,2026-01-07,351.64,351.64,,0,Upfront
215310,2026-02-23,2027-02-23,2026-02-23,269.67,269.67,,0,Upfront
204848,2026-01-25,2027-01-25,2026-01-25,269.67,269.67,,0,Upfront
204853,2026-01-25,2027-01-25,2026-01-25,351.64,351.64,,0,Upfront
208900,2026-02-03,2027-02-03,2026-02-03,269.67,269.67,,0,Upfront
215517,2026-02-24,2027-02-24,2026-02-24,351.64,351.64,,0,Upfront
205293,2026-01-26,2027-01-26,2026-01-26,351.64,351.64,,0,Upfront
207700,2026-01-31,2027-01-31,2026-01-31,351.64,351.64,,0,Upfront
205291,2026-01-26,2027-01-26,2026-01-26,433.61,433.61,,0,Upfront
205294,2026-01-26,2027-01-26,2026-01-26,420.98,420.98,,0,Upfront
205617,2026-01-28,2027-01-28,2026-01-28,351.64,351.64,,0,Upfront
207699,2026-01-31,2027-01-31,2026-01-31,345.53,345.53,,0,Upfront
206028,2026-01-28,2027-01-28,2026-01-28,433.61,433.61,,0,Upfront
208300,2026-02-01,2027-02-01,2026-02-01,351.64,351.64,,0,Upfront
208284,2026-02-01,2027-02-01,2026-02-01,269.67,269.67,,0,Upfront
205620,2026-01-27,2027-01-27,2026-01-27,351.64,351.64,,0,Upfront
210263,2026-02-07,2027-02-07,2026-02-07,433.61,433.61,,0,Upfront
211051,2026-02-09,2027-02-09,2026-02-09,433.61,433.61,,0,Upfront
210675,2026-02-08,2027-02-08,2026-02-08,351.64,351.64,,0,Upfront
213180,2026-02-16,2027-02-16,2026-02-16,263.57,263.57,,0,Upfront
213172,2026-02-16,2027-02-16,2026-02-16,351.64,351.64,,0,Upfront
213171,2026-02-16,2027-02-16,2026-02-16,345.53,345.53,,0,Upfront
212546,2026-02-14,2027-02-14,2026-02-14,269.67,269.67,,0,Upfront
207710,2026-01-31,2027-01-31,2026-01-31,351.64,351.64,,0,Upfront
210682,2026-02-08,2027-02-08,2026-02-08,269.67,269.67,,0,Upfront
210678,2026-02-08,2027-02-08,2026-02-08,351.64,351.64,,0,Upfront
208915,2026-02-03,2027-02-03,2026-02-03,345.53,345.53,,0,Upfront
208887,2026-02-03,2027-02-03,2026-02-03,269.67,269.67,,0,Upfront
208916,2026-02-03,2027-02-03,2026-02-03,351.64,351.64,,0,Upfront
209157,2026-02-04,2027-02-04,2026-02-04,351.64,351.64,,0,Upfront
212909,2026-02-15,2027-02-15,2026-02-15,269.67,269.67,,0,Upfront
210683,2026-02-08,2027-02-08,2026-02-08,345.53,345.53,,0,Upfront
210267,2026-02-07,2027-02-07,2026-02-07,351.64,351.64,,0,Upfront
211547,2026-02-12,2027-02-12,2026-02-12,351.64,351.64,,0,Upfront
212910,2026-02-15,2027-02-15,2026-02-15,351.64,351.64,,0,Upfront
210677,2026-02-08,2027-02-08,2026-02-08,351.64,351.64,,0,Upfront
210680,2026-02-19,2027-02-19,2026-02-19,351.64,351.64,,0,Upfront
205262,2026-01-27,2027-01-27,2026-01-27,374.02,374.02,,0,Upfront
214625,2026-02-22,2027-02-22,2026-02-22,351.64,351.64,,0,Upfront
215301,2026-02-23,2027-02-23,2026-02-23,351.64,351.64,,0,Upfront
210265,2026-02-07,2027-02-07,2026-02-07,345.53,345.53,,0,Upfront
210258,2026-02-07,2027-02-07,2026-02-07,269.67,269.67,,0,Upfront
210266,2026-02-07,2027-02-07,2026-02-07,345.53,345.53,,0,Upfront
213595,2026-02-18,2027-02-18,2026-02-18,269.67,269.67,,0,Upfront
210268,2026-02-07,2027-02-07,2026-02-07,269.67,269.67,,0,Upfront
210681,2026-02-08,2027-02-08,2026-02-08,351.64,351.64,,0,Upfront
211037,2026-02-09,2027-02-09,2026-02-09,269.67,269.67,,0,Upfront
216872,2026-02-28,2027-02-28,2026-02-28,351.64,351.64,,0,Upfront
211047,2026-02-11,2027-02-11,2026-02-11,433.61,433.61,,0,Upfront
213181,2026-02-16,2027-02-16,2026-02-16,455.98,455.98,,0,Upfront
216871,2026-02-28,2027-02-28,2026-02-28,433.61,433.61,,0,Upfront
211311,2026-02-10,2027-02-10,2026-02-10,345.53,345.53,,0,Upfront
193117,2026-01-03,2027-01-03,2026-01-03,269.67,269.67,,0,Upfront
211271,2026-02-10,2027-02-10,2026-02-10,351.64,351.64,,0,Upfront
193977,2026-01-04,2027-01-04,2026-01-04,351.64,351.64,,0,Upfront
211312,2026-02-10,2027-02-10,2026-02-10,263.57,263.57,,0,Upfront
211548,2026-02-11,2027-02-11,2026-02-11,833.36,833.36,,0,Upfront
210645,2026-02-08,2027-02-08,2026-02-08,351.64,351.64,,0,Upfront
216869,2026-02-28,2027-02-28,2026-02-28,345.53,345.53,,0,Upfront
213370,2026-02-17,2027-02-17,2026-02-17,269.67,269.67,,0,Upfront
195239,2026-01-07,2027-01-07,2026-01-07,351.64,351.64,,0,Upfront
215300,2026-02-23,2027-02-23,2026-02-23,351.64,351.64,,0,Upfront
213167,2026-02-16,2027-02-16,2026-02-16,269.67,269.67,,0,Upfront
208267,2026-02-02,2027-02-02,2026-02-02,345.53,345.53,,0,Upfront
212902,2026-02-15,2027-02-15,2026-02-15,351.64,351.64,,0,Upfront
203198,2026-01-22,2027-01-22,2026-01-22,1282.54,1282.54,,0,Upfront
215022,2026-02-22,2027-02-22,2026-02-22,345.53,345.53,,0,Upfront
204252,2026-01-24,2027-01-24,2026-01-24,269.67,269.67,,0,Upfront
201810,2026-01-18,2027-01-18,2026-01-18,427.5,427.5,,0,Upfront
216859,2026-02-28,2027-02-28,2026-02-28,351.64,351.64,,0,Upfront
213600,2026-02-18,2027-02-18,2026-02-18,351.64,351.64,,0,Upfront
216068,2026-02-26,2027-02-26,2026-02-26,351.64,351.64,,0,Upfront
212193,2026-02-13,2027-02-13,2026-02-13,351.64,351.64,,0,Upfront
192912,2026-01-03,2027-01-03,2026-01-03,351.64,351.64,,0,Upfront
215309,2026-02-23,2027-02-23,2026-02-23,351.64,351.64,,0,Upfront
213619,2026-02-18,2027-02-18,2026-02-18,433.61,433.61,,0,Upfront
215285,2026-02-23,2027-02-23,2026-02-23,351.64,351.64,,0,Upfront
215516,2026-02-24,2027-02-24,2026-02-24,269.67,269.67,,0,Upfront
216072,2026-02-26,2027-02-26,2026-02-26,263.57,263.57,,0,Upfront
200642,2026-01-16,2027-01-16,2026-01-16,792.38,792.38,,0,Upfront
215788,2026-02-25,2027-02-25,2026-02-25,351.64,351.64,,0,Upfront
215554,2026-02-24,2027-02-24,2026-02-24,263.57,263.57,,0,Upfront
216080,2026-02-26,2027-02-26,2026-02-26,351.64,351.64,,0,Upfront
216088,2026-02-26,2027-02-26,2026-02-26,351.64,351.64,,0,Upfront
215311,2026-02-23,2027-02-23,2026-02-23,351.64,351.64,,0,Upfront
215504,2026-02-24,2027-02-24,2026-02-24,351.64,351.64,,0,Upfront
215037,2026-02-22,2027-02-22,2026-02-22,345.53,345.53,,0,Upfront
215302,2026-02-25,2027-02-25,2026-02-25,351.64,351.64,,0,Upfront
215036,2026-02-22,2027-02-22,2026-02-22,351.64,351.64,,0,Upfront
216870,2026-02-28,2027-02-28,2026-02-28,269.67,269.67,,0,Upfront
215787,2026-02-25,2027-02-25,2026-02-25,269.67,269.67,,0,Upfront
215553,2026-02-24,2027-02-24,2026-02-24,351.64,351.64,,0,Upfront
187702,2026-01-02,2027-01-02,2026-01-02,269.67,269.67,,0,Upfront
195250,2026-01-08,2027-01-08,2026-01-08,351.64,351.64,,0,Upfront
198746,2026-01-12,2027-01-12,2026-01-12,433.61,433.61,,0,Upfront
208329,2026-02-01,2027-02-01,2026-02-01,351.64,351.64,,0,Upfront
210712,2026-02-08,2027-02-08,2026-02-08,433.61,433.61,,0,Upfront
194354,2026-01-05,2027-01-05,2026-01-05,269.67,269.67,,0,Upfront
192134,2026-01-02,2027-01-02,2026-01-02,351.64,351.64,,0,Upfront
213161,2026-02-16,2027-02-16,2026-02-16,433.61,433.61,,0,Upfront
210478,2026-02-07,2027-02-07,2026-02-07,351.64,351.64,,0,Upfront
213863,2026-02-18,2027-02-18,2026-02-18,105.74,105.74,,0,Upfront
200286,2026-01-15,2027-01-15,2026-01-15,269.67,269.67,,0,Upfront
200131,2026-01-15,2027-01-15,2026-01-15,433.61,433.61,,0,Upfront
192796,2026-01-03,2027-01-03,2026-01-03,351.64,351.64,,0,Upfront
205836,2026-01-27,2027-01-27,2026-01-27,269.67,269.67,,0,Upfront
201957,2026-01-18,2027-01-18,2026-01-18,351.64,351.64,,0,Upfront
204797,2026-01-25,2027-01-25,2026-01-25,345.53,345.53,,0,Upfront
203769,2026-01-23,2027-01-23,2026-01-23,351.64,351.64,2026-01-29,351.64,Upfront
199724,2026-01-14,2027-01-14,2026-01-14,433.61,433.61,,0,Upfront
202384,2026-01-19,2027-01-19,2026-01-19,1233.36,1233.36,,0,Upfront
204712,2026-01-24,2027-01-24,2026-01-24,351.64,351.64,,0,Upfront
143515,2026-02-08,2027-02-08,2026-02-08,269.67,269.67,,0,Upfront
193794,2026-01-04,2027-01-04,2026-01-04,257.05,257.05,,0,Upfront
192925,2026-01-03,2027-01-03,2026-01-03,427.5,427.5,,0,Upfront
195245,2026-01-07,2027-01-07,2026-01-07,269.67,269.67,,0,Upfront
210252,2026-02-07,2027-02-07,2026-02-07,269.67,269.67,,0,Upfront
216227,2026-02-26,2027-02-26,2026-02-26,374.02,374.02,,0,Upfront
203846,2026-01-23,2027-01-23,2026-01-23,345.53,345.53,,0,Upfront
203239,2026-01-21,2027-01-21,2026-01-21,105.74,105.74,,0,Upfront
189363,2026-01-02,2027-01-02,2026-01-02,345.53,345.53,,0,Upfront
198904,2026-01-12,2027-01-12,2026-01-12,269.67,269.67,,0,Upfront
192788,2026-01-03,2027-01-03,2026-01-03,263.57,263.57,,0,Upfront
186393,2026-01-06,2027-01-06,2026-01-06,269.67,269.67,,0,Upfront
208319,2026-02-01,2027-02-01,2026-02-01,433.61,433.61,,0,Upfront
195258,2026-01-07,2027-01-07,2026-01-07,433.61,433.61,,0,Upfront
214721,2026-02-21,2027-02-21,2026-02-21,351.64,351.64,,0,Upfront
207664,2026-01-31,2027-01-31,2026-01-31,351.64,351.64,,0,Upfront
207693,2026-01-31,2027-01-31,2026-01-31,345.53,345.53,,0,Upfront
194827,2026-01-06,2027-01-06,2026-01-06,351.64,351.64,,0,Upfront
192924,2026-01-03,2027-01-03,2026-01-03,351.64,351.64,,0,Upfront
207676,2026-01-31,2027-01-31,2026-01-31,374.02,374.02,,0,Upfront
195017,2026-01-07,2027-01-07,2026-01-07,351.64,351.64,,0,Upfront
198119,2026-01-10,2027-01-10,2026-01-10,105.74,105.74,,0,Upfront
147308,2026-01-02,2027-01-02,2026-01-02,269.67,269.67,,0,Upfront
211334,2026-02-10,2027-02-10,2026-02-10,351.64,351.64,,0,Upfront
193332,2026-01-03,2027-01-03,2026-01-03,351.64,351.64,,0,Upfront
200043,2026-01-15,2027-01-15,2026-01-15,351.64,351.64,,0,Upfront
195243,2026-01-07,2027-01-07,2026-01-07,345.53,345.53,,0,Upfront
204811,2026-01-26,2027-01-26,2026-01-26,269.67,269.67,,0,Upfront
192814,2026-01-03,2027-01-03,2026-01-03,351.64,351.64,,0,Upfront
193948,2026-01-04,2027-01-04,2026-01-04,351.64,351.64,,0,Upfront
210583,2026-02-08,2027-02-08,2026-02-08,345.53,345.53,,0,Upfront
211648,2026-02-11,2027-02-11,2026-02-11,351.64,351.64,,0,Upfront
193049,2026-01-03,2027-01-03,2026-01-03,345.53,345.53,,0,Upfront
193801,2026-01-04,2027-01-04,2026-01-04,351.64,351.64,,0,Upfront
203715,2026-01-23,2027-01-23,2026-01-23,269.67,269.67,,0,Upfront
204328,2026-01-24,2027-01-24,2026-01-24,374.02,374.02,,0,Upfront
210373,2026-02-07,2027-02-07,2026-02-07,427.5,427.5,,0,Upfront
197493,2026-01-11,2027-01-11,2026-01-11,269.67,269.67,,0,Upfront
193802,2026-01-04,2027-01-04,2026-01-04,292.05,292.05,,0,Upfront
192791,2026-01-03,2027-01-03,2026-01-03,269.67,269.67,,0,Upfront
201252,2026-01-17,2027-01-17,2026-01-17,339.02,339.02,,0,Upfront
213811,2026-02-18,2027-02-18,2026-02-18,374.02,374.02,,0,Upfront
198834,2026-01-12,2027-01-12,2026-01-12,374.02,374.02,,0,Upfront
198159,2026-01-11,2027-01-11,2026-01-11,351.64,351.64,,0,Upfront
192795,2026-01-03,2027-01-03,2026-01-03,351.64,351.64,,0,Upfront
213165,2026-02-16,2027-02-16,2026-02-16,345.53,345.53,,0,Upfront
181329,2026-01-31,2027-01-31,2026-01-31,269.67,269.67,,0,Upfront
200686,2026-01-16,2027-01-16,2026-01-16,339.02,339.02,,0,Upfront
205583,2026-01-27,2027-01-27,2026-01-27,351.64,351.64,,0,Upfront
194363,2026-01-05,2027-01-05,2026-01-05,351.64,351.64,,0,Upfront
201821,2026-01-22,2027-01-22,2026-01-22,351.64,351.64,,0,Upfront
201374,2026-01-17,2027-01-17,2026-01-17,269.67,269.67,,0,Upfront
195253,2026-01-07,2027-01-07,2026-01-07,351.64,351.64,,0,Upfront
194394,2026-01-05,2027-01-05,2026-01-05,269.67,269.67,,0,Upfront
189321,2026-01-10,2027-01-10,2026-01-10,351.64,351.64,,0,Upfront
209118,2026-02-03,2027-02-03,2026-02-03,345.53,345.53,,0,Upfront
200776,2026-01-16,2027-01-16,2026-01-16,339.02,339.02,,0,Upfront
205848,2026-01-27,2027-01-27,2026-01-27,351.64,351.64,,0,Upfront
217071,2026-02-28,2027-02-28,2026-02-28,351.64,351.64,,0,Upfront
195246,2026-01-07,2027-01-07,2026-01-07,351.64,351.64,,0,Upfront
215340,2026-02-24,2027-02-24,2026-02-24,351.64,351.64,,0,Upfront
208650,2026-02-02,2027-02-02,2026-02-02,433.61,433.61,,0,Upfront
195247,2026-01-07,2027-01-07,2026-01-07,345.53,345.53,,0,Upfront
196735,2026-01-09,2027-01-09,2026-01-09,351.64,351.64,,0,Upfront
194682,2026-01-06,2027-01-06,2026-01-06,433.61,433.61,,0,Upfront
209455,2026-02-05,2027-02-05,2026-02-05,351.64,351.64,,0,Upfront
198129,2026-01-11,2027-01-11,2026-01-11,351.64,351.64,,0,Upfront
180606,2026-01-27,2027-01-27,2026-01-27,257.05,257.05,,0,Upfront
186270,2026-01-16,2027-01-16,2026-01-16,269.67,269.67,,0,Upfront
206988,2026-01-30,2027-01-30,2026-01-30,263.57,263.57,,0,Upfront
195255,2026-01-07,2027-01-07,2026-01-07,351.64,351.64,,0,Upfront
212355,2026-02-13,2027-02-13,2026-02-13,269.67,269.67,,0,Upfront
195210,2026-01-07,2027-01-07,2026-01-07,351.64,351.64,,0,Upfront
206065,2026-01-28,2027-01-28,2026-01-28,351.64,351.64,,0,Upfront
209820,2026-02-20,2027-02-20,2026-02-20,833.36,833.36,,0,Upfront
199381,2026-01-13,2027-01-13,2026-01-13,345.53,345.53,,0,Upfront
206418,2026-01-29,2027-01-29,2026-01-29,269.67,269.67,,0,Upfront
206974,2026-02-11,2027-02-11,2026-02-11,345.53,345.53,,0,Upfront
205700,2026-01-27,2027-01-27,2026-01-27,351.64,351.64,,0,Upfront
194385,2026-01-05,2027-01-05,2026-01-05,269.67,269.67,,0,Upfront
200098,2026-01-15,2027-01-15,2026-01-15,351.64,351.64,,0,Upfront
194165,2026-01-07,2027-01-07,2026-01-07,433.61,433.61,,0,Upfront
194421,2026-01-05,2027-01-05,2026-01-05,351.64,351.64,,0,Upfront
198825,2026-01-12,2027-01-12,2026-01-12,345.53,345.53,,0,Upfront
197497,2026-01-10,2027-01-10,2026-01-10,351.64,351.64,,0,Upfront
209139,2026-02-04,2027-02-04,2026-02-04,351.64,351.64,,0,Upfront
201388,2026-01-17,2027-01-17,2026-01-17,345.53,345.53,,0,Upfront
198738,2026-01-20,2027-01-20,2026-01-20,427.5,427.5,,0,Upfront
204971,2026-01-26,2027-01-26,2026-01-26,351.64,351.64,,0,Upfront
204579,2026-01-24,2027-01-24,2026-01-24,351.64,351.64,,0,Upfront
214209,2026-02-20,2027-02-20,2026-02-20,345.53,345.53,,0,Upfront
199171,2026-01-13,2027-01-13,2026-01-13,269.67,269.67,,0,Upfront
210241,2026-02-07,2027-02-07,2026-02-07,345.53,345.53,,0,Upfront
200034,2026-01-15,2027-01-15,2026-01-15,455.98,455.98,,0,Upfront
193695,2026-01-04,2027-01-04,2026-01-04,339.02,339.02,,0,Upfront
209226,2026-02-04,2027-02-04,2026-02-04,351.64,351.64,,0,Upfront
211330,2026-02-10,2027-02-10,2026-02-10,351.64,351.64,,0,Upfront
214174,2026-02-20,2027-02-22,2026-02-20,433.61,433.61,,0,Upfront
192911,2026-01-03,2027-01-03,2026-01-03,269.67,269.67,,0,Upfront
202864,2026-01-21,2027-01-21,2026-01-21,351.64,351.64,,0,Upfront
210674,2026-02-08,2027-02-08,2026-02-08,345.53,345.53,,0,Upfront
194674,2026-01-06,2027-01-06,2026-01-06,351.64,351.64,,0,Upfront
195242,2026-01-07,2027-01-07,2026-01-07,351.64,351.64,,0,Upfront
194375,2026-01-07,2027-01-07,2026-01-07,269.67,269.67,,0,Upfront
195248,2026-01-07,2027-01-07,2026-01-07,263.57,263.57,,0,Upfront
197443,2026-01-10,2027-01-10,2026-01-10,1164,1164,,0,Upfront
214386,2026-02-20,2027-02-20,2026-02-20,433.61,433.61,,0,Upfront
208414,2026-02-01,2027-02-01,2026-02-01,263.57,263.57,,0,Upfront
215284,2026-02-23,2027-02-23,2026-02-23,269.67,269.67,,0,Upfront
214708,2026-02-21,2027-02-21,2026-02-21,427.5,427.5,,0,Upfront
198215,2026-01-11,2027-01-11,2026-01-11,351.64,351.64,,0,Upfront
194374,2026-01-05,2027-01-05,2026-01-05,269.67,269.67,,0,Upfront
192894,2026-01-03,2027-01-03,2026-01-03,433.61,433.61,,0,Upfront
193690,2026-01-04,2027-01-04,2026-01-04,351.64,351.64,,0,Upfront
208657,2026-02-02,2027-02-02,2026-02-02,345.53,345.53,,0,Upfront
174851,2026-01-20,2027-01-20,2026-01-20,269.67,269.67,,0,Upfront
192793,2026-01-04,2027-01-04,2026-01-04,433.61,433.61,,0,Upfront
192098,2026-01-02,2027-01-02,2026-01-02,269.67,269.67,,0,Upfront
193798,2026-01-04,2027-01-04,2026-01-04,351.64,351.64,,0,Upfront
194184,2026-01-04,2027-01-04,2026-01-04,420.98,420.98,,0,Upfront
200017,2026-01-15,2027-01-15,2026-01-15,269.67,269.67,,0,Upfront
206427,2026-01-29,2027-01-29,2026-01-29,374.02,374.02,,0,Upfront
192797,2026-01-03,2027-01-03,2026-01-03,374.02,374.02,,0,Upfront
195023,2026-01-07,2027-01-07,2026-01-07,351.64,351.64,,0,Upfront
209147,2026-02-07,2027-02-07,2026-02-07,433.61,433.61,2026-02-13,433.61,Upfront
192806,2026-01-03,2027-01-03,2026-01-03,351.64,351.64,,0,Upfront
202749,2026-01-20,2027-01-20,2026-01-20,351.64,351.64,2026-01-21,351.64,Upfront
184736,2026-01-20,2027-01-20,2026-01-20,269.67,269.67,,0,Upfront
208898,2026-02-03,2027-02-03,2026-02-03,351.64,351.64,,0,Upfront
177677,2026-01-29,2027-01-29,2026-01-29,269.67,269.67,,0,Upfront
194667,2026-01-06,2027-01-06,2026-01-06,433.61,433.61,,0,Upfront
198158,2026-01-11,2027-01-11,2026-01-11,269.67,269.67,,0,Upfront
208269,2026-02-03,2027-02-03,2026-02-03,269.67,269.67,,0,Upfront
194754,2026-01-06,2027-01-06,2026-01-06,433.61,433.61,,0,Upfront
197488,2026-01-10,2027-01-10,2026-01-10,292.05,292.05,,0,Upfront
212745,2026-02-14,2027-02-14,2026-02-14,269.67,269.67,,0,Upfront
198144,2026-01-15,2027-01-15,2026-01-15,351.64,351.64,,0,Upfront
204814,2026-01-26,2027-01-26,2026-01-26,351.64,351.64,,0,Upfront
198125,2026-01-11,2027-01-11,2026-01-11,269.67,269.67,,0,Upfront
195244,2026-01-07,2027-01-07,2026-01-07,351.64,351.64,,0,Upfront
192916,2026-01-03,2027-01-03,2026-01-03,351.64,351.64,,0,Upfront
200052,2026-01-15,2027-01-15,2026-01-15,292.05,292.05,,0,Upfront
198161,2026-01-15,2027-01-15,2026-01-15,455.98,455.98,,0,Upfront
206987,2026-01-30,2027-01-30,2026-01-30,351.64,351.64,,0,Upfront
208707,2026-02-02,2027-02-02,2026-02-02,351.64,351.64,,0,Upfront
195980,2026-01-08,2027-01-08,2026-01-08,351.64,351.64,,0,Upfront
201817,2026-01-18,2027-01-18,2026-01-18,433.61,433.61,,0,Upfront
195256,2026-01-07,2027-01-07,2026-01-07,269.67,269.67,,0,Upfront
195252,2026-01-07,2027-01-07,2026-01-07,351.64,351.64,,0,Upfront
196870,2026-01-10,2027-01-10,2026-01-10,351.64,351.64,,0,Upfront
210646,2026-02-08,2027-02-08,2026-02-08,292.05,292.05,,0,Upfront
195257,2026-01-16,2027-01-16,2026-01-16,433.61,433.61,,0,Upfront
193542,2026-01-27,2027-01-27,2026-01-27,1033.36,1033.36,,0,Upfront
200637,2026-01-16,2027-01-16,2026-01-16,374.02,374.02,,0,Upfront
192904,2026-01-03,2027-01-03,2026-01-03,351.64,351.64,,0,Upfront
201384,2026-01-17,2027-01-17,2026-01-17,351.64,351.64,,0,Upfront
195950,2026-01-08,2027-01-08,2026-01-08,269.67,269.67,,0,Upfront
173338,2026-01-14,2027-01-14,2026-01-14,269.67,269.67,,0,Upfront
208705,2026-02-02,2027-02-02,2026-02-02,351.64,351.64,,0,Upfront
195240,2026-01-07,2027-01-07,2026-01-07,351.64,351.64,,0,Upfront
198520,2026-01-11,2027-01-11,2026-01-11,339.02,339.02,,0,Upfront
197499,2026-01-10,2027-01-10,2026-01-10,433.61,433.61,,0,Upfront
211538,2026-02-11,2027-02-11,2026-02-11,351.64,351.64,,0,Upfront
209857,2026-02-06,2027-02-06,2026-02-06,433.61,433.61,,0,Upfront
196744,2026-01-09,2027-01-09,2026-01-09,351.64,351.64,,0,Upfront
194749,2026-01-06,2027-01-06,2026-01-06,351.64,351.64,,0,Upfront
192813,2026-01-03,2027-01-03,2026-01-03,345.53,345.53,,0,Upfront
202251,2026-01-19,2027-01-19,2026-01-19,374.02,374.02,,0,Upfront
203184,2026-01-21,2027-01-01,2026-01-21,147.54,147.54,,0,Upfront
195979,2026-01-08,2027-01-08,2026-01-08,374.02,374.02,,0,Upfront
195254,2026-01-07,2027-01-07,2026-01-07,351.64,351.64,,0,Upfront
198733,2026-01-16,2027-01-16,2026-01-16,374.02,374.02,,0,Upfront
192799,2026-01-03,2027-01-03,2026-01-03,351.64,351.64,,0,Upfront
200934,2026-01-16,2027-01-16,2026-01-16,351.64,351.64,,0,Upfront
213871,2026-02-20,2027-02-20,2026-02-20,427.5,427.5,,0,Upfront
213199,2026-02-16,2027-02-16,2026-02-16,351.64,351.64,,0,Upfront
197436,2026-01-10,2027-01-10,2026-01-10,345.53,345.53,,0,Upfront
205999,2026-01-28,2027-01-28,2026-01-28,257.05,257.05,,0,Upfront
209833,2026-02-06,2027-02-06,2026-02-06,351.64,351.64,,0,Upfront
195965,2026-01-08,2027-01-08,2026-01-08,351.64,351.64,,0,Upfront
195251,2026-01-07,2027-01-07,2026-01-07,351.64,351.64,,0,Upfront
202995,2026-01-21,2027-01-21,2026-01-21,269.67,269.67,,0,Upfront
199096,2026-01-13,2027-01-13,2026-01-13,351.64,351.64,,0,Upfront
214821,2026-02-21,2027-02-21,2026-02-21,433.61,433.61,,0,Upfront
212530,2026-02-14,2027-02-14,2026-02-14,374.02,374.02,,0,Upfront
211036,2026-02-09,2027-02-09,2026-02-09,351.64,351.64,,0,Upfront
197437,2026-01-10,2027-01-10,2026-01-10,351.64,351.64,,0,Upfront
197496,2026-01-10,2027-01-10,2026-01-10,269.67,269.67,,0,Upfront
210703,2026-02-08,2027-02-08,2026-02-08,351.64,351.64,,0,Upfront
197501,2026-01-10,2027-01-10,2026-01-10,351.64,351.64,,0,Upfront
193805,2026-01-04,2027-01-04,2026-01-04,351.64,351.64,,0,Upfront
200035,2026-01-15,2027-01-15,2026-01-15,351.64,351.64,,0,Upfront
205587,2026-01-27,2027-01-27,2026-01-27,351.64,351.64,,0,Upfront
198222,2026-01-11,2027-01-11,2026-01-11,339.02,339.02,,0,Upfront
195241,2026-01-07,2027-01-07,2026-01-07,339.02,339.02,,0,Upfront
198223,2026-01-11,2027-01-11,2026-01-11,351.64,351.64,,0,Upfront
193973,2026-01-04,2027-01-04,2026-01-04,351.64,351.64,,0,Upfront
204276,2026-01-24,2027-01-24,2026-01-24,351.64,351.64,,0,Upfront
211875,2026-02-12,2027-02-12,2026-02-12,351.64,351.64,,0,Upfront
193706,2026-01-04,2027-01-04,2026-01-04,351.64,351.64,,0,Upfront
192918,2026-01-03,2027-01-03,2026-01-03,433.61,433.61,,0,Upfront
210707,2026-02-08,2027-02-08,2026-02-08,374.02,374.02,,0,Upfront
198826,2026-01-12,2027-01-12,2026-01-12,351.64,351.64,,0,Upfront
200586,2026-01-16,2027-01-16,2026-01-16,351.64,351.64,,0,Upfront
192800,2026-01-03,2027-01-03,2026-01-03,351.64,351.64,,0,Upfront
195984,2026-01-08,2027-01-08,2026-01-08,351.64,351.64,,0,Upfront
208934,2026-02-03,2027-02-03,2026-02-03,374.02,374.02,,0,Upfront
205995,2026-01-28,2027-01-28,2026-01-28,351.64,351.64,,0,Upfront
201880,2026-01-18,2027-01-18,2026-01-18,351.64,351.64,,0,Upfront
199107,2026-01-13,2027-01-13,2026-01-13,351.64,351.64,,0,Upfront
196717,2026-01-09,2027-01-09,2026-01-09,292.05,292.05,,0,Upfront
193697,2026-01-04,2027-01-04,2026-01-04,433.61,433.61,,0,Upfront
204324,2026-01-24,2027-01-24,2026-01-24,345.53,345.53,,0,Upfront
195291,2026-01-07,2027-01-07,2026-01-07,351.64,351.64,,0,Upfront
193705,2026-01-04,2027-01-04,2026-01-04,351.64,351.64,,0,Upfront
192900,2026-01-03,2027-01-03,2026-01-03,351.64,351.64,,0,Upfront
213597,2026-02-20,2027-02-20,2026-02-20,263.57,263.57,,0,Upfront
195262,2026-01-07,2027-01-07,2026-01-07,269.67,269.67,,0,Upfront
185302,2024-12-18,2026-12-18,2026-01-23,269.67,269.67,,0,Upfront
198150,2026-01-11,2027-01-11,2026-01-11,269.67,269.67,,0,Upfront
215339,2026-02-23,2027-02-23,2026-02-23,351.64,351.64,,0,Upfront
194426,2026-01-05,2027-01-05,2026-01-05,351.64,351.64,,0,Upfront
193689,2026-01-05,2027-01-05,2026-01-05,269.67,269.67,,0,Upfront
217070,2026-02-28,2027-02-28,2026-02-28,351.64,351.64,,0,Upfront
200778,2026-01-16,2027-01-16,2026-01-16,455.98,455.98,,0,Upfront
212520,2026-02-14,2027-02-14,2026-02-14,351.64,351.64,,0,Upfront
208890,2026-02-03,2027-02-03,2026-02-03,345.53,345.53,,0,Upfront
197500,2026-01-10,2027-01-10,2026-01-10,351.64,351.64,,0,Upfront
204541,2026-01-24,2027-01-24,2026-01-24,269.67,269.67,,0,Upfront
201815,2026-01-18,2027-01-18,2026-01-18,351.64,351.64,,0,Upfront
199169,2026-01-13,2027-01-13,2026-01-13,351.64,351.64,,0,Upfront
202248,2026-01-19,2027-01-19,2026-01-19,269.67,269.67,,0,Upfront
193657,2026-01-04,2027-01-04,2026-01-04,269.67,269.67,,0,Upfront
193086,2026-01-04,2027-01-04,2026-01-04,351.64,351.64,,0,Upfront
210476,2026-02-07,2027-02-07,2026-02-07,351.64,351.64,,0,Upfront
211024,2026-02-09,2027-02-09,2026-02-09,351.64,351.64,,0,Upfront
195015,2026-01-09,2027-01-09,2026-01-09,292.05,292.05,,0,Upfront
192898,2026-01-03,2027-01-03,2026-01-03,351.64,351.64,,0,Upfront
196739,2026-01-09,2027-01-09,2026-01-09,351.64,351.64,,0,Upfront
194672,2026-01-06,2027-01-06,2026-01-06,351.64,351.64,,0,Upfront
215055,2026-02-22,2027-02-22,2026-02-22,433.61,433.61,,0,Upfront
196713,2026-01-09,2027-01-09,2026-01-09,433.61,433.61,,0,Upfront
195301,2026-01-07,2027-01-07,2026-01-07,351.64,351.64,,0,Upfront
192920,2026-01-03,2027-01-03,2026-01-03,351.64,351.64,,0,Upfront
192803,2026-02-18,2027-02-18,2026-02-18,433.61,433.61,,0,Upfront
193806,2026-01-04,2027-01-04,2026-01-04,269.67,269.67,,0,Upfront
194748,2026-01-06,2027-01-06,2026-01-06,269.67,269.67,,0,Upfront
214207,2026-02-21,2027-02-21,2026-02-21,351.64,351.64,,0,Upfront
200683,2026-01-16,2027-01-16,2026-01-16,351.64,351.64,,0,Upfront
193698,2026-01-04,2027-01-04,2026-01-04,351.64,351.64,,0,Upfront
195264,2026-01-07,2027-01-07,2026-01-07,351.64,351.64,,0,Upfront
207674,2026-02-03,2027-02-03,2026-02-03,351.64,351.64,,0,Upfront
202069,2026-01-22,2027-01-22,2026-01-22,351.64,351.64,,0,Upfront
200050,2026-01-15,2027-01-15,2026-01-15,292.05,292.05,,0,Upfront
209155,2026-02-04,2027-02-04,2026-02-04,433.61,433.61,,0,Upfront
197438,2026-01-10,2027-01-10,2026-01-10,433.61,433.61,,0,Upfront
193811,2026-01-04,2027-01-04,2026-01-04,269.67,269.67,,0,Upfront
204892,2026-01-25,2027-01-25,2026-01-25,351.64,351.64,,0,Upfront
195266,2026-01-07,2027-01-07,2026-01-07,263.57,263.57,,0,Upfront
195282,2026-01-07,2027-01-07,2026-01-07,351.64,351.64,,0,Upfront
192801,2026-01-03,2027-01-03,2026-01-03,351.64,351.64,,0,Upfront
195985,2026-01-08,2027-01-08,2026-01-08,269.67,269.67,2026-03-03,269.67,Upfront
195977,2026-01-08,2027-01-08,2026-01-08,427.5,427.5,,0,Upfront
192792,2026-01-03,2027-01-03,2026-01-03,345.53,345.53,,0,Upfront
195292,2026-02-24,2027-02-24,2026-02-24,351.64,351.64,,0,Upfront
198894,2026-01-12,2027-01-12,2026-01-12,351.64,351.64,,0,Upfront
198740,2026-01-13,2027-01-13,2026-01-13,351.64,351.64,,0,Upfront
185148,2026-01-08,2027-01-08,2026-01-08,269.67,269.67,,0,Upfront
192896,2026-01-03,2027-01-03,2026-01-03,433.61,433.61,,0,Upfront
198132,2026-01-11,2027-01-11,2026-01-11,351.64,351.64,,0,Upfront
200472,2026-01-15,2027-01-15,2026-01-15,351.64,351.64,,0,Upfront
201245,2026-01-17,2027-01-17,2026-01-17,351.64,351.64,,0,Upfront
198755,2026-01-12,2027-01-12,2026-01-12,455.98,455.98,,0,Upfront
207135,2026-01-30,2027-01-30,2026-01-30,351.64,351.64,,0,Upfront
194673,2026-01-16,2027-01-16,2026-01-16,433.61,433.61,,0,Upfront
192812,2026-01-03,2027-01-03,2026-01-03,269.67,269.67,,0,Upfront
212635,2026-02-18,2027-02-18,2026-02-18,433.61,433.61,,0,Upfront
204414,2026-01-24,2027-01-24,2026-01-24,420.98,420.98,,0,Upfront
202860,2026-01-29,2027-01-29,2026-01-29,351.64,351.64,,0,Upfront
197434,2026-01-10,2027-01-10,2026-01-10,345.53,345.53,,0,Upfront
195267,2026-01-07,2027-01-07,2026-01-07,345.53,345.53,,0,Upfront
192811,2026-01-03,2027-01-03,2026-01-03,269.67,269.67,,0,Upfront
194396,2026-01-06,2027-01-06,2026-01-06,433.61,433.61,,0,Upfront
198163,2026-01-11,2027-01-11,2026-01-11,374.02,374.02,,0,Upfront
198729,2026-01-12,2027-01-12,2026-01-12,292.05,292.05,,0,Upfront
194832,2026-01-06,2027-01-06,2026-01-06,345.53,345.53,,0,Upfront
195014,2026-01-07,2027-01-07,2026-01-07,351.64,351.64,,0,Upfront
193702,2026-01-05,2027-01-05,2026-01-05,351.64,351.64,,0,Upfront
183689,2026-01-13,2027-01-13,2026-01-13,269.67,269.67,,0,Upfront
212215,2026-02-13,2027-02-13,2026-02-13,345.53,345.53,,0,Upfront
210667,2026-02-08,2027-02-08,2026-02-08,427.5,427.5,,0,Upfront
201237,2026-01-19,2027-01-19,2026-01-19,269.67,269.67,,0,Upfront
198750,2026-01-12,2027-01-12,2026-01-12,374.02,374.02,,0,Upfront
203479,2026-01-22,2027-01-22,2026-01-22,269.67,269.67,,0,Upfront
196718,2026-01-09,2027-01-09,2026-01-09,269.67,269.67,,0,Upfront
195296,2026-01-07,2027-01-07,2026-01-07,345.53,345.53,,0,Upfront
195280,2026-01-07,2027-01-07,2026-01-07,351.64,351.64,,0,Upfront
193808,2026-01-04,2027-01-04,2026-01-04,351.64,351.64,,0,Upfront
197435,2026-01-10,2027-01-10,2026-01-10,351.64,351.64,,0,Upfront
193684,2026-01-04,2027-01-04,2026-01-04,351.64,351.64,,0,Upfront
195268,2026-01-07,2027-01-07,2026-01-07,351.64,351.64,,0,Upfront
195294,2026-01-07,2027-01-07,2026-01-07,263.57,263.57,,0,Upfront
206954,2026-01-30,2027-01-30,2026-01-30,345.53,345.53,,0,Upfront
200038,2026-01-15,2027-01-15,2026-01-15,351.64,351.64,,0,Upfront
202522,2026-01-20,2027-01-20,2026-01-20,269.67,269.67,,0,Upfront
193799,2026-01-04,2027-01-04,2026-01-04,351.64,351.64,,0,Upfront
201239,2026-01-17,2027-01-17,2026-01-17,351.64,351.64,,0,Upfront
195012,2026-01-07,2027-01-07,2026-01-07,433.61,433.61,,0,Upfront
198140,2026-01-11,2027-01-11,2026-01-11,345.53,345.53,,0,Upfront
198896,2026-01-12,2027-01-12,2026-01-12,339.02,339.02,,0,Upfront
192794,2026-01-03,2027-01-03,2026-01-03,345.53,345.53,,0,Upfront
202250,2026-01-19,2027-01-19,2026-01-19,433.61,433.61,,0,Upfront
198749,2026-01-13,2027-01-13,2026-01-13,351.64,351.64,,0,Upfront
206993,2026-01-30,2027-01-30,2026-01-30,269.67,269.67,,0,Upfront
195271,2026-01-07,2027-01-07,2026-01-07,345.53,345.53,,0,Upfront
195966,2026-01-08,2027-01-08,2026-01-08,351.64,351.64,,0,Upfront
201808,2026-01-18,2027-01-18,2026-01-18,433.61,433.61,,0,Upfront
212212,2026-02-13,2027-02-13,2026-02-13,345.53,345.53,,0,Upfront
195284,2026-01-07,2027-01-07,2026-01-07,351.64,351.64,,0,Upfront
201410,2026-01-17,2027-01-17,2026-01-17,351.64,351.64,,0,Upfront
193688,2026-01-04,2027-01-04,2026-01-04,433.61,433.61,,0,Upfront
201831,2026-01-18,2027-01-18,2026-01-18,1233.36,1233.36,,0,Upfront
199172,2026-01-13,2027-01-13,2026-01-13,351.64,351.64,,0,Upfront
195285,2026-01-07,2027-01-07,2026-01-07,351.64,351.64,,0,Upfront
192804,2026-01-03,2027-01-03,2026-01-03,351.64,351.64,,0,Upfront
195286,2026-01-16,2027-01-16,2026-01-16,433.61,433.61,,0,Upfront
195013,2026-01-07,2027-01-07,2026-01-07,374.02,374.02,,0,Upfront
198224,2026-01-11,2027-01-11,2026-01-11,351.64,351.64,,0,Upfront
193642,2026-01-04,2027-01-04,2026-01-04,269.67,269.67,,0,Upfront
195265,2026-01-07,2027-01-07,2026-01-07,339.02,339.02,,0,Upfront
195298,2026-01-07,2027-01-07,2026-01-07,339.02,339.02,2026-01-08,339.02,Upfront
199102,2026-01-13,2027-01-13,2026-01-13,374.02,374.02,,0,Upfront
195278,2026-01-07,2027-01-07,2026-01-07,351.64,351.64,,0,Upfront
194383,2026-01-05,2027-01-05,2026-01-05,351.64,351.64,,0,Upfront
199564,2026-01-14,2027-01-14,2026-01-14,351.64,351.64,,0,Upfront
192914,2026-01-03,2027-01-03,2026-01-03,351.64,351.64,,0,Upfront
212898,2026-02-15,2027-02-15,2026-02-15,345.53,345.53,,0,Upfront
201242,2026-01-17,2027-01-17,2026-01-17,351.64,351.64,,0,Upfront
192910,2026-01-05,2027-01-05,2026-01-05,351.64,351.64,,0,Upfront
195978,2026-01-08,2027-01-08,2026-01-08,433.61,433.61,,0,Upfront
194424,2026-01-05,2027-01-05,2026-01-05,269.67,269.67,,0,Upfront
194751,2026-01-06,2027-01-06,2026-01-06,351.64,351.64,,0,Upfront
198162,2026-01-11,2027-01-11,2026-01-11,374.02,374.02,,0,Upfront
193962,2026-01-04,2027-01-04,2026-01-04,351.64,351.64,,0,Upfront
196738,2026-01-09,2027-01-09,2026-01-09,351.64,351.64,,0,Upfront
206989,2026-01-30,2027-01-30,2026-01-30,351.64,351.64,,0,Upfront
202862,2026-01-23,2027-01-23,2026-01-23,339.02,339.02,,0,Upfront
193647,2026-01-04,2027-01-04,2026-01-04,351.64,351.64,,0,Upfront
205584,2026-01-27,2027-01-27,2026-01-27,345.53,345.53,,0,Upfront
216776,2026-02-27,2027-02-27,2026-02-27,351.64,351.64,,0,Upfront
193789,2026-01-04,2027-01-04,2026-01-04,433.61,433.61,,0,Upfront
199094,2026-01-14,2027-01-14,2026-01-14,351.64,351.64,,0,Upfront
198754,2026-01-12,2027-01-12,2026-01-12,433.61,433.61,,0,Upfront
193683,2026-01-06,2027-01-06,2026-01-06,351.64,351.64,,0,Upfront
194381,2026-01-05,2027-01-05,2026-01-05,351.64,351.64,,0,Upfront
195959,2026-01-08,2027-01-08,2026-01-08,427.5,427.5,,0,Upfront
192903,2026-01-03,2027-01-03,2026-01-03,1233.36,1233.36,,0,Upfront
214606,2026-02-21,2027-02-21,2026-02-21,263.57,263.57,,0,Upfront
198829,2026-01-12,2027-01-12,2026-01-12,351.64,351.64,,0,Upfront
200040,2026-01-15,2027-01-15,2026-01-15,269.67,269.67,,0,Upfront
203772,2026-01-23,2027-01-23,2026-01-23,351.64,351.64,,0,Upfront
209838,2026-02-06,2027-02-06,2026-02-06,345.53,345.53,,0,Upfront
202586,2026-01-20,2027-01-20,2026-01-20,351.64,351.64,,0,Upfront
192815,2026-01-03,2027-01-03,2026-01-03,345.53,345.53,,0,Upfront
206002,2026-01-28,2027-01-28,2026-01-28,269.67,269.67,,0,Upfront
195272,2026-01-07,2027-01-07,2026-01-07,351.64,351.64,,0,Upfront
207608,2026-02-04,2027-02-04,2026-02-04,269.67,269.67,,0,Upfront
214613,2026-02-21,2027-02-21,2026-02-21,351.64,351.64,,0,Upfront
204256,2026-01-24,2027-01-24,2026-01-24,339.02,339.02,,0,Upfront
195290,2026-01-07,2027-01-07,2026-01-07,351.64,351.64,,0,Upfront
197444,2026-01-10,2027-01-10,2026-01-10,374.02,374.02,,0,Upfront
195988,2026-01-08,2027-01-08,2026-01-08,374.02,374.02,,0,Upfront
205579,2026-01-27,2027-01-27,2026-01-27,374.02,374.02,,0,Upfront
206468,2026-01-29,2027-01-29,2026-01-29,345.53,345.53,,0,Upfront
202851,2026-01-21,2027-01-21,2026-01-21,339.02,339.02,,0,Upfront
193804,2026-01-05,2027-01-05,2026-01-05,351.64,351.64,,0,Upfront
202526,2026-01-20,2027-01-20,2026-01-20,455.98,455.98,,0,Upfront
194668,2026-01-06,2027-01-06,2026-01-06,351.64,351.64,,0,Upfront
193620,2026-01-08,2027-01-08,2026-01-08,187.7,187.7,,0,Upfront
192923,2026-01-03,2027-01-03,2026-01-03,433.61,433.61,,0,Upfront
192809,2026-01-04,2027-01-04,2026-01-04,351.64,351.64,,0,Upfront
192915,2026-01-03,2027-01-03,2026-01-03,433.61,433.61,,0,Upfront
198747,2026-01-13,2027-01-13,2026-01-13,351.64,351.64,,0,Upfront
195273,2026-01-07,2027-01-07,2026-01-07,339.02,339.02,,0,Upfront
198151,2026-01-11,2027-01-11,2026-01-11,351.64,351.64,,0,Upfront
196275,2026-01-08,2027-01-08,2026-01-08,351.64,351.64,,0,Upfront
194427,2026-01-05,2027-01-05,2026-01-05,455.98,455.98,,0,Upfront
193696,2026-01-04,2027-01-04,2026-01-04,339.02,339.02,,0,Upfront
210676,2026-02-08,2027-02-08,2026-02-08,433.61,433.61,,0,Upfront
201236,2026-01-17,2027-01-17,2026-01-17,351.64,351.64,,0,Upfront
195259,2026-01-07,2027-01-07,2026-01-07,269.67,269.67,,0,Upfront
193699,2026-01-04,2027-01-04,2026-01-04,269.67,269.67,,0,Upfront
204141,2026-01-24,2027-01-24,2026-01-24,427.5,427.5,,0,Upfront
192895,2026-01-03,2027-01-03,2026-01-03,433.61,433.61,,0,Upfront
192810,2026-01-03,2027-01-03,2026-01-03,433.61,433.61,,0,Upfront
196737,2026-01-09,2027-01-09,2026-01-09,374.02,374.02,,0,Upfront
195279,2026-01-07,2027-01-07,2026-01-07,351.64,351.64,,0,Upfront
195269,2026-01-07,2027-01-07,2026-01-07,345.53,345.53,,0,Upfront
198753,2026-01-12,2027-01-12,2026-01-12,351.64,351.64,,0,Upfront
192906,2026-01-03,2027-01-03,2026-01-03,351.64,351.64,,0,Upfront
196748,2026-01-09,2027-01-09,2026-01-09,433.61,433.61,,0,Upfront
193796,2026-01-04,2027-01-04,2026-01-04,351.64,351.64,,0,Upfront
192805,2026-01-03,2027-01-03,2026-01-03,351.64,351.64,,0,Upfront
199541,2026-01-14,2027-01-14,2026-01-14,292.05,292.05,,0,Upfront
197491,2026-01-10,2027-01-10,2026-01-10,269.67,269.67,,0,Upfront
204332,2026-01-24,2027-01-24,2026-01-24,351.64,351.64,,0,Upfront
195281,2026-01-07,2027-01-07,2026-01-07,433.61,433.61,,0,Upfront
192106,2026-01-02,2027-01-02,2026-01-02,351.64,351.64,,0,Upfront
205217,2026-01-25,2027-01-25,2026-01-25,310.66,310.66,2026-02-05,310.66,Upfront
193662,2026-01-04,2027-01-04,2026-01-04,345.53,345.53,,0,Upfront
199168,2026-01-13,2027-01-13,2026-01-13,351.64,351.64,,0,Upfront
197445,2026-01-10,2027-01-10,2026-01-10,351.64,351.64,,0,Upfront
193788,2026-01-04,2027-01-04,2026-01-04,339.02,339.02,,0,Upfront
193694,2026-01-04,2027-01-04,2026-01-04,269.67,269.67,,0,Upfront
205975,2026-01-28,2027-01-28,2026-01-28,269.67,269.67,,0,Upfront
211021,2026-02-09,2027-02-09,2026-02-09,374.02,374.02,,0,Upfront
198748,2026-01-12,2027-01-12,2026-01-12,351.64,351.64,,0,Upfront
216848,2026-02-28,2027-02-28,2026-02-28,351.64,351.64,,0,Upfront
205590,2026-01-27,2027-01-27,2026-01-27,351.64,351.64,,0,Upfront
195270,2026-01-07,2027-01-07,2026-01-07,345.53,345.53,,0,Upfront
199086,2026-01-16,2027-01-16,2026-01-16,351.64,351.64,,0,Upfront
207683,2026-01-31,2027-01-31,2026-01-31,433.61,433.61,,0,Upfront
198217,2026-01-11,2027-01-11,2026-01-11,433.61,433.61,,0,Upfront
193797,2026-01-04,2027-01-04,2026-01-04,339.02,339.02,,0,Upfront
211853,2026-02-14,2027-02-14,2026-02-14,351.64,351.64,,0,Upfront
202527,2026-01-20,2027-01-20,2026-01-20,269.67,269.67,,0,Upfront
202636,2026-01-20,2027-01-20,2026-01-20,351.64,351.64,,0,Upfront
192913,2026-01-03,2027-01-03,2026-01-03,351.64,351.64,,0,Upfront
195288,2026-01-07,2027-01-07,2026-01-07,351.64,351.64,,0,Upfront
198540,2026-01-11,2027-01-11,2026-01-11,374.02,374.02,,0,Upfront
192897,2026-01-07,2027-01-07,2026-01-07,351.64,351.64,,0,Upfront
202582,2026-01-20,2027-01-20,2026-01-20,433.61,433.61,,0,Upfront
192790,2026-01-06,2027-01-06,2026-01-06,345.53,345.53,,0,Upfront
200676,2026-01-16,2027-01-16,2026-01-16,351.64,351.64,,0,Upfront
193793,2026-01-04,2027-01-04,2026-01-04,269.67,269.67,,0,Upfront
193691,2026-01-04,2027-01-04,2026-01-04,351.64,351.64,,0,Upfront
192901,2026-01-03,2027-01-03,2026-01-03,427.5,427.5,,0,Upfront
195277,2026-01-07,2027-01-07,2026-01-07,351.64,351.64,,0,Upfront
213594,2026-02-18,2027-02-18,2026-02-18,345.53,345.53,,0,Upfront
193635,2026-01-04,2027-01-04,2026-01-04,269.67,269.67,,0,Upfront
203767,2026-01-23,2027-01-23,2026-01-23,269.67,269.67,,0,Upfront
201814,2026-01-19,2027-01-19,2026-01-19,351.64,351.64,,0,Upfront
199641,2026-01-14,2027-01-14,2026-01-14,433.61,433.61,,0,Upfront
196740,2026-01-10,2027-01-10,2026-01-10,374.02,374.02,,0,Upfront
209142,2026-02-07,2027-02-07,2026-02-07,374.02,374.02,,0,Upfront
201244,2026-01-17,2027-01-17,2026-01-17,351.64,351.64,,0,Upfront
194681,2026-01-06,2027-01-06,2026-01-06,351.64,351.64,,0,Upfront
204816,2026-01-25,2027-01-25,2026-01-25,433.61,433.61,,0,Upfront
197432,2026-02-04,2027-02-04,2026-02-04,374.02,374.02,,0,Upfront
195007,2026-01-07,2027-01-07,2026-01-07,351.64,351.64,,0,Upfront
192892,2026-01-03,2027-01-03,2026-01-03,351.64,351.64,,0,Upfront
210622,2026-02-07,2027-02-07,2026-02-07,269.67,269.67,,0,Upfront
195011,2026-01-07,2027-01-07,2026-01-07,351.64,351.64,,0,Upfront
194675,2026-01-06,2027-01-06,2026-01-06,351.64,351.64,,0,Upfront
195276,2026-01-07,2027-01-07,2026-01-07,351.64,351.64,,0,Upfront
200649,2026-01-16,2027-01-16,2026-01-16,433.61,433.61,,0,Upfront
204322,2026-01-24,2027-01-24,2026-01-24,351.64,351.64,,0,Upfront
199092,2026-01-13,2027-01-13,2026-01-13,345.53,345.53,,0,Upfront
207678,2026-02-01,2027-02-01,2026-02-01,292.05,292.05,,0,Upfront
194683,2026-01-06,2027-01-06,2026-01-06,351.64,351.64,,0,Upfront
195967,2026-01-09,2027-01-09,2026-01-09,433.61,433.61,,0,Upfront
194747,2026-01-06,2027-01-06,2026-01-06,351.64,351.64,,0,Upfront
203199,2026-01-21,2027-01-21,2026-01-21,351.64,351.64,,0,Upfront
197433,2026-01-11,2027-01-11,2026-01-11,269.67,269.67,,0,Upfront
204824,2026-01-25,2027-01-25,2026-01-25,269.67,269.67,,0,Upfront
194753,2026-01-06,2027-01-06,2026-01-06,351.64,351.64,,0,Upfront
199268,2026-01-13,2027-01-13,2026-01-13,351.64,351.64,,0,Upfront
196734,2026-01-09,2027-01-09,2026-01-09,351.64,351.64,,0,Upfront
201189,2026-01-16,2027-01-16,2026-01-16,433.61,433.61,,0,Upfront
195263,2026-01-07,2027-01-07,2026-01-07,345.53,345.53,,0,Upfront
205321,2026-01-27,2027-01-27,2026-01-27,433.61,433.61,,0,Upfront
194397,2026-01-06,2027-01-06,2026-01-06,351.64,351.64,,0,Upfront
186989,2026-01-02,2027-01-02,2026-01-02,269.67,269.67,,0,Upfront
196743,2026-01-09,2027-01-09,2026-01-09,351.64,351.64,,0,Upfront
194752,2026-01-06,2027-01-06,2026-01-06,269.67,269.67,,0,Upfront
211018,2026-02-09,2027-02-09,2026-02-09,351.64,351.64,,0,Upfront
214566,2026-02-20,2027-02-20,2026-02-20,105.74,105.74,,0,Upfront
195418,2026-01-07,2027-01-07,2026-01-07,433.61,433.61,,0,Upfront
194362,2026-01-06,2027-01-06,2026-01-06,351.64,351.64,,0,Upfront
195976,2026-02-06,2027-02-06,2026-02-06,427.5,427.5,,0,Upfront
195004,2026-01-07,2027-01-07,2026-01-07,351.64,351.64,,0,Upfront
205996,2026-01-28,2027-01-28,2026-01-28,427.5,427.5,,0,Upfront
193692,2026-01-04,2027-01-04,2026-01-04,351.64,351.64,,0,Upfront
189083,2026-01-27,2027-01-27,2026-01-27,345.53,345.53,,0,Upfront
195260,2026-01-07,2027-01-07,2026-01-07,351.64,351.64,,0,Upfront
210706,2026-02-08,2027-02-08,2026-02-08,351.64,351.64,,0,Upfront
210292,2026-02-07,2027-02-07,2026-02-07,374.02,374.02,,0,Upfront
193809,2026-01-04,2027-01-04,2026-01-04,351.64,351.64,,0,Upfront
193703,2026-01-05,2027-01-05,2026-01-05,351.64,351.64,,0,Upfront
209456,2026-02-18,2027-02-18,2026-02-18,351.64,351.64,,0,Upfront
194669,2026-01-06,2027-01-06,2026-01-06,351.64,351.64,,0,Upfront
203717,2026-02-03,2027-02-03,2026-02-03,269.67,269.67,,0,Upfront
199540,2026-01-21,2027-01-21,2026-01-21,351.64,351.64,,0,Upfront
201890,2026-01-18,2027-01-18,2026-01-18,374.02,374.02,,0,Upfront
205322,2026-01-26,2027-01-26,2026-01-26,269.67,269.67,,0,Upfront
211540,2026-02-12,2027-02-12,2026-02-12,351.64,351.64,,0,Upfront
194376,2026-01-05,2027-01-05,2026-01-05,351.64,351.64,,0,Upfront
196708,2026-01-13,2027-01-13,2026-01-13,1033.36,1033.36,,0,Upfront
199084,2026-01-15,2027-01-15,2026-01-15,351.64,351.64,,0,Upfront
193807,2026-01-04,2027-01-04,2026-01-04,351.64,351.64,,0,Upfront
195295,2026-01-07,2027-01-07,2026-01-07,339.02,339.02,,0,Upfront
195297,2026-01-07,2027-01-07,2026-01-07,351.64,351.64,,0,Upfront
193701,2026-01-04,2027-01-04,2026-01-04,351.64,351.64,,0,Upfront
194387,2026-01-05,2027-01-05,2026-01-05,351.64,351.64,,0,Upfront
201803,2026-01-20,2027-01-20,2026-01-20,351.64,351.64,,0,Upfront
194356,2026-01-05,2027-01-05,2026-01-05,351.64,351.64,,0,Upfront
197442,2026-01-11,2027-01-11,2026-01-11,351.64,351.64,,0,Upfront
204335,2026-01-24,2027-01-24,2026-01-24,351.64,351.64,,0,Upfront
216887,2026-02-28,2027-02-28,2026-02-28,433.61,433.61,,0,Upfront
194428,2026-01-05,2027-01-05,2026-01-05,833.36,833.36,,0,Upfront
199556,2026-01-14,2027-01-14,2026-01-14,433.61,433.61,,0,Upfront
201812,2026-01-18,2027-01-18,2026-01-18,351.64,351.64,,0,Upfront
194384,2026-01-05,2027-01-05,2026-01-05,269.67,269.67,,0,Upfront
197490,2026-01-10,2027-01-10,2026-01-10,351.64,351.64,,0,Upfront
199609,2026-01-29,2027-01-29,2026-01-29,269.67,269.67,,0,Upfront
197421,2026-01-10,2027-01-10,2026-01-10,1033.36,1033.36,,0,Upfront
195003,2026-01-07,2027-01-07,2026-01-07,351.64,351.64,,0,Upfront
211858,2026-02-12,2027-02-12,2026-02-12,269.67,269.67,,0,Upfront
192802,2026-01-03,2027-01-03,2026-01-03,351.64,351.64,,0,Upfront
195275,2026-01-07,2027-01-07,2026-01-07,351.64,351.64,,0,Upfront
211035,2026-02-10,2027-02-10,2026-02-10,351.64,351.64,,0,Upfront
202584,2026-01-20,2027-01-20,2026-01-20,374.02,374.02,,0,Upfront
210288,2026-02-07,2027-02-07,2026-02-07,351.64,351.64,,0,Upfront
196719,2026-01-09,2027-01-09,2026-01-09,269.67,269.67,,0,Upfront
206955,2026-01-30,2027-01-30,2026-01-30,351.64,351.64,,0,Upfront
211030,2026-02-09,2027-02-09,2026-02-09,351.64,351.64,,0,Upfront
212568,2026-02-15,2027-02-15,2026-02-15,269.67,269.67,,0,Upfront
195274,2026-01-07,2027-01-07,2026-01-07,269.67,269.67,,0,Upfront
196721,2026-01-09,2027-01-09,2026-01-09,339.02,339.02,,0,Upfront
208897,2026-02-03,2027-02-03,2026-02-03,345.53,345.53,,0,Upfront
198149,2026-01-11,2027-01-11,2026-01-11,263.57,263.57,,0,Upfront
194386,2026-01-05,2027-01-05,2026-01-05,345.53,345.53,,0,Upfront
201243,2026-01-17,2027-01-17,2026-01-17,345.53,345.53,,0,Upfront
200660,2026-01-16,2027-01-16,2026-01-16,269.67,269.67,,0,Upfront
207752,2026-01-31,2027-01-31,2026-01-31,351.64,351.64,,0,Upfront
192908,2026-01-03,2027-01-03,2026-01-03,351.64,351.64,,0,Upfront
198741,2026-01-12,2027-01-12,2026-01-12,351.64,351.64,,0,Upfront
195019,2026-01-07,2027-01-07,2026-01-07,269.67,269.67,,0,Upfront
195010,2026-01-10,2027-01-10,2026-01-10,1033.36,1033.36,,0,Upfront
207657,2026-01-31,2027-01-31,2026-01-31,374.02,374.02,,0,Upfront
193792,2026-01-04,2027-01-04,2026-01-04,269.67,269.67,,0,Upfront
199544,2026-01-14,2027-01-14,2026-01-14,374.02,374.02,,0,Upfront
192921,2026-01-03,2027-01-03,2026-01-03,269.67,269.67,,0,Upfront
199173,2026-01-13,2027-01-13,2026-01-13,433.61,433.61,,0,Upfront
201248,2026-01-17,2027-01-17,2026-01-17,374.02,374.02,,0,Upfront
193648,2026-01-04,2027-01-04,2026-01-04,351.64,351.64,,0,Upfront
200659,2026-01-16,2027-01-16,2026-01-16,433.61,433.61,,0,Upfront
197253,2026-01-09,2027-01-09,2026-01-09,269.67,269.67,,0,Upfront
200055,2026-01-15,2027-01-15,2026-01-15,1233.36,1233.36,,0,Upfront
193704,2026-01-04,2027-01-04,2026-01-04,269.67,269.67,,0,Upfront
195289,2026-01-07,2027-01-07,2026-01-07,269.67,269.67,,0,Upfront
192816,2026-01-03,2027-01-03,2026-01-03,269.67,269.67,,0,Upfront
192807,2026-01-03,2027-01-03,2026-01-03,345.53,345.53,,0,Upfront
206429,2026-01-29,2027-01-29,2026-01-29,351.64,351.64,,0,Upfront
193812,2026-01-04,2027-01-04,2026-01-04,351.64,351.64,,0,Upfront
192808,2026-01-03,2027-01-03,2026-01-03,351.64,351.64,,0,Upfront
195293,2026-01-07,2027-01-07,2026-01-07,351.64,351.64,,0,Upfront
193810,2026-01-04,2027-01-04,2026-01-04,269.67,269.67,,0,Upfront
194655,2026-01-06,2027-01-06,2026-01-06,292.05,292.05,,0,Upfront
204810,2026-01-26,2027-01-26,2026-01-26,374.02,374.02,,0,Upfront
200688,2026-01-16,2027-01-16,2026-01-16,263.57,263.57,,0,Upfront
205269,2026-01-26,2027-01-26,2026-01-26,374.02,374.02,,0,Upfront
193539,2026-01-03,2027-01-03,2026-01-03,433.61,433.61,,0,Upfront
213873,2026-02-19,2027-02-19,2026-02-19,420.98,420.98,,0,Upfront
196714,2026-01-09,2027-01-09,2026-01-09,269.67,269.67,,0,Upfront
203291,2026-01-22,2027-01-22,2026-01-22,269.67,269.67,,0,Upfront
193800,2026-01-07,2027-01-07,2026-01-07,351.64,351.64,,0,Upfront
192919,2026-01-03,2027-01-03,2026-01-03,433.61,433.61,,0,Upfront
194390,2026-01-05,2027-01-05,2026-01-05,433.61,433.61,,0,Upfront
192893,2026-01-03,2027-01-03,2026-01-03,345.53,345.53,,0,Upfront
194360,2026-01-05,2027-01-05,2026-01-05,269.67,269.67,,0,Upfront
202239,2026-01-21,2027-01-21,2026-01-21,351.64,351.64,,0,Upfront
209117,2026-02-03,2027-02-03,2026-02-03,351.64,351.64,,0,Upfront
192902,2026-01-03,2027-01-03,2026-01-03,345.53,345.53,,0,Upfront
208882,2026-02-03,2027-02-03,2026-02-03,263.57,263.57,,0,Upfront
200655,2026-01-16,2027-01-16,2026-01-16,374.02,374.02,,0,Upfront
192905,2026-01-03,2027-01-03,2026-01-03,351.64,351.64,,0,Upfront
192907,2026-01-03,2027-01-03,2026-01-03,351.64,351.64,,0,Upfront
195016,2026-01-07,2027-01-07,2026-01-07,292.05,292.05,,0,Upfront
194676,2026-01-07,2027-01-07,2026-01-07,351.64,351.64,,0,Upfront
194422,2026-01-05,2027-01-05,2026-01-05,257.05,257.05,,0,Upfront
198824,2026-01-12,2027-01-12,2026-01-12,269.67,269.67,,0,Upfront
193700,2026-01-04,2027-01-04,2026-01-04,433.61,433.61,,0,Upfront
194755,2026-01-06,2027-01-06,2026-01-06,433.61,433.61,,0,Upfront
195986,2026-01-08,2027-01-08,2026-01-08,269.67,269.67,,0,Upfront
194746,2026-01-06,2027-01-06,2026-01-06,351.64,351.64,,0,Upfront
195095,2026-01-07,2027-01-07,2026-01-07,257.05,257.05,,0,Upfront
192917,2026-01-03,2027-01-03,2026-01-03,433.61,433.61,,0,Upfront
197448,2026-01-10,2027-01-10,2026-01-10,269.67,269.67,,0,Upfront
193795,2026-01-06,2027-01-06,2026-01-06,269.67,269.67,,0,Upfront
202861,2026-01-21,2027-01-21,2026-01-21,269.67,269.67,,0,Upfront
196715,2026-01-09,2027-01-09,2026-01-09,351.64,351.64,,0,Upfront
194684,2026-01-06,2027-01-06,2026-01-06,351.64,351.64,,0,Upfront
200658,2026-01-16,2027-01-16,2026-01-16,351.64,351.64,,0,Upfront
198225,2026-01-11,2027-01-11,2026-01-11,292.05,292.05,,0,Upfront
205638,2026-01-27,2027-01-27,2026-01-27,351.64,351.64,,0,Upfront
195006,2026-01-07,2027-01-07,2026-01-07,351.64,351.64,,0,Upfront
197423,2026-01-10,2027-01-10,2026-01-10,269.67,269.67,,0,Upfront
193790,2026-01-04,2027-01-04,2026-01-04,263.57,263.57,,0,Upfront
199099,2026-01-13,2027-01-13,2026-01-13,374.02,374.02,,0,Upfront
199557,2026-01-14,2027-01-14,2026-01-14,351.64,351.64,,0,Upfront
197419,2026-01-11,2027-01-11,2026-01-11,351.64,351.64,,0,Upfront
208700,2026-02-02,2027-02-02,2026-02-02,269.67,269.67,,0,Upfront
194750,2026-01-06,2027-01-06,2026-01-06,351.64,351.64,,0,Upfront
201290,2026-01-17,2027-01-17,2026-01-17,351.64,351.64,,0,Upfront
204268,2026-01-24,2027-01-24,2026-01-24,257.05,257.05,,0,Upfront
193803,2026-01-04,2027-01-04,2026-01-04,351.64,351.64,,0,Upfront
196741,2026-01-09,2027-01-09,2026-01-09,351.64,351.64,,0,Upfront
211034,2026-02-10,2027-02-10,2026-02-10,455.98,455.98,,0,Upfront
195021,2026-01-07,2027-01-07,2026-01-07,427.5,427.5,,0,Upfront
194425,2026-01-05,2027-01-05,2026-01-05,269.67,269.67,,0,Upfront
195020,2026-01-07,2027-01-07,2026-01-07,269.67,269.67,,0,Upfront
205578,2026-01-27,2027-01-27,2026-01-27,345.53,345.53,,0,Upfront
186762,2026-01-03,2027-01-03,2026-01-03,269.67,269.67,,0,Upfront
204798,2026-01-25,2027-01-25,2026-01-25,292.05,292.05,,0,Upfront
200051,2026-01-15,2027-01-15,2026-01-15,374.02,374.02,,0,Upfront
198156,2026-01-11,2027-01-11,2026-01-11,269.67,269.67,,0,Upfront
204818,2026-01-25,2027-01-25,2026-01-25,292.05,292.05,,0,Upfront
199106,2026-01-13,2027-01-13,2026-01-13,374.02,374.02,,0,Upfront
203010,2026-01-21,2027-01-21,2026-01-21,420.98,420.98,,0,Upfront
201294,2026-01-17,2027-01-17,2026-01-17,351.64,351.64,,0,Upfront
200682,2026-01-16,2027-01-16,2026-01-16,374.02,374.02,,0,Upfront
203765,2026-01-23,2027-01-23,2026-01-23,345.53,345.53,,0,Upfront
201816,2026-01-18,2027-01-18,2026-01-18,455.98,455.98,,0,Upfront
201885,2026-01-18,2027-01-18,2026-01-18,351.64,351.64,,0,Upfront
200687,2026-01-16,2027-01-16,2026-01-16,351.64,351.64,,0,Upfront
212446,2026-02-13,2027-02-14,2026-02-13,351.64,351.64,,0,Upfront
200654,2026-01-16,2027-01-16,2026-01-16,269.67,269.67,,0,Upfront
215778,2026-02-25,2027-02-25,2026-02-25,433.61,433.61,,0,Upfront
213877,2026-02-20,2027-02-20,2026-02-20,351.64,351.64,,0,Upfront
208876,2026-02-04,2027-02-04,2026-02-04,433.61,433.61,,0,Upfront
200677,2026-01-16,2027-01-16,2026-01-16,269.67,269.67,,0,Upfront
197498,2026-01-10,2027-01-10,2026-01-10,351.64,351.64,,0,Upfront
196709,2026-01-09,2027-01-09,2026-01-09,351.64,351.64,,0,Upfront
195025,2026-01-07,2027-01-07,2026-01-07,351.64,351.64,,0,Upfront
204817,2026-01-25,2027-01-25,2026-01-25,433.61,433.61,,0,Upfront
195008,2026-01-07,2027-01-07,2026-01-07,351.64,351.64,,0,Upfront
195024,2026-01-07,2027-01-07,2026-01-07,269.67,269.67,,0,Upfront
197446,2026-01-10,2027-01-10,2026-01-10,269.67,269.67,,0,Upfront
196695,2026-01-09,2027-01-09,2026-01-09,351.64,351.64,,0,Upfront
199551,2026-01-14,2027-01-14,2026-01-14,269.67,269.67,,0,Upfront
208649,2026-02-02,2027-02-02,2026-02-02,269.67,269.67,,0,Upfront
205576,2026-01-27,2027-01-27,2026-01-27,269.67,269.67,,0,Upfront
195096,2026-01-07,2027-01-07,2026-01-07,433.61,433.61,,0,Upfront
199093,2026-01-13,2027-01-13,2026-01-13,269.67,269.67,,0,Upfront
205642,2026-01-27,2027-01-27,2026-01-27,351.64,351.64,,0,Upfront
195261,2026-01-08,2027-01-08,2026-01-08,269.67,269.67,,0,Upfront
204329,2026-01-24,2027-01-24,2026-01-24,345.53,345.53,,0,Upfront
198155,2026-01-11,2027-01-11,2026-01-11,351.64,351.64,,0,Upfront
201826,2026-01-18,2027-01-18,2026-01-18,351.64,351.64,,0,Upfront
200656,2026-01-16,2027-01-16,2026-01-16,292.05,292.05,,0,Upfront
202391,2026-01-19,2027-01-19,2026-01-19,351.64,351.64,,0,Upfront
195097,2026-01-07,2027-01-07,2026-01-07,433.61,433.61,,0,Upfront
201811,2026-01-18,2027-01-18,2026-01-18,351.64,351.64,,0,Upfront
199085,2026-01-14,2027-01-14,2026-01-14,351.64,351.64,,0,Upfront
196016,2026-01-08,2027-01-08,2026-01-08,351.64,351.64,,0,Upfront
204893,2026-01-25,2027-01-25,2026-01-25,263.57,263.57,,0,Upfront
197439,2026-01-10,2027-01-10,2026-01-10,345.53,345.53,,0,Upfront
201801,2026-01-18,2027-01-18,2026-01-18,351.64,351.64,,0,Upfront
196017,2026-01-08,2027-01-08,2026-01-08,269.67,269.67,,0,Upfront
198739,2026-01-12,2027-01-12,2026-01-12,292.05,292.05,,0,Upfront
198725,2026-01-12,2027-01-12,2026-01-12,351.64,351.64,,0,Upfront
201288,2026-01-17,2027-01-17,2026-01-17,269.67,269.67,,0,Upfront
203718,2026-01-23,2027-01-23,2026-01-23,374.02,374.02,,0,Upfront
196747,2026-01-09,2027-01-09,2026-01-09,292.05,292.05,,0,Upfront
196746,2026-01-09,2027-01-09,2026-01-09,351.64,351.64,,0,Upfront
194155,2026-01-04,2027-01-04,2026-01-04,351.64,351.64,,0,Upfront
202246,2026-01-19,2027-01-19,2026-01-19,351.64,351.64,,0,Upfront
205986,2026-01-28,2027-01-28,2026-01-28,269.67,269.67,,0,Upfront
198160,2026-01-11,2027-01-11,2026-01-11,351.64,351.64,,0,Upfront
198148,2026-01-11,2027-01-11,2026-01-11,351.64,351.64,,0,Upfront
197447,2026-01-10,2027-01-10,2026-01-10,269.67,269.67,,0,Upfront
202328,2026-01-19,2027-01-19,2026-01-19,339.02,339.02,,0,Upfront
209920,2026-02-06,2027-02-06,2026-02-06,351.64,351.64,,0,Upfront
205265,2026-01-26,2027-01-26,2026-01-26,269.67,269.67,,0,Upfront
203299,2026-01-22,2027-01-22,2026-01-22,433.61,433.61,,0,Upfront
209823,2026-02-06,2027-02-06,2026-02-06,427.5,427.5,,0,Upfront
200049,2026-01-15,2027-01-15,2026-01-15,433.61,433.61,,0,Upfront
197492,2026-01-10,2027-01-10,2026-01-10,374.02,374.02,,0,Upfront
203733,2026-01-23,2027-01-23,2026-01-23,374.02,374.02,,0,Upfront
199566,2026-01-14,2027-01-14,2026-01-14,269.67,269.67,,0,Upfront
213197,2026-02-16,2027-02-16,2026-02-16,427.5,427.5,,0,Upfront
206431,2026-01-29,2027-01-29,2026-01-29,292.05,292.05,,0,Upfront
207684,2026-01-31,2027-01-31,2026-01-31,374.02,374.02,,0,Upfront
198831,2026-01-12,2027-01-12,2026-01-12,351.64,351.64,,0,Upfront
205258,2026-01-26,2027-01-26,2026-01-26,455.98,455.98,,0,Upfront
198830,2026-01-12,2027-01-12,2026-01-12,339.02,339.02,,0,Upfront
204147,2026-01-24,2027-12-24,2026-01-24,263.57,263.57,,0,Upfront
204801,2026-01-25,2027-01-25,2026-01-25,433.61,433.61,,0,Upfront
197489,2026-01-10,2027-01-10,2026-01-10,345.53,345.53,,0,Upfront
201818,2026-01-18,2027-01-18,2026-01-18,351.64,351.64,,0,Upfront
200680,2026-01-16,2027-01-16,2026-01-16,269.67,269.67,,0,Upfront
200128,2026-01-15,2027-01-15,2026-01-15,351.64,351.64,,0,Upfront
198221,2026-01-17,2027-01-17,2026-01-17,351.64,351.64,,0,Upfront
201298,2026-01-17,2027-01-17,2026-01-17,351.64,351.64,,0,Upfront
198318,2026-01-11,2027-01-11,2026-01-11,351.64,351.64,,0,Upfront
197494,2026-01-10,2027-01-10,2026-01-10,351.64,351.64,,0,Upfront
209824,2026-02-06,2027-02-06,2026-02-06,351.64,351.64,,0,Upfront
201828,2026-01-18,2027-01-18,2026-01-18,351.64,351.64,,0,Upfront
205256,2026-01-26,2027-01-26,2026-01-26,339.02,339.02,,0,Upfront
212202,2026-02-13,2027-02-13,2026-02-13,263.57,263.57,,0,Upfront
197495,2026-01-10,2027-01-10,2026-01-10,345.53,345.53,,0,Upfront
213336,2026-02-17,2027-02-17,2026-02-17,257.05,257.05,,0,Upfront
201250,2026-01-17,2027-01-17,2026-01-17,374.02,374.02,,0,Upfront
201292,2026-01-17,2027-01-17,2026-01-17,351.64,351.64,,0,Upfront
205245,2026-01-26,2027-01-26,2026-01-26,351.64,351.64,,0,Upfront
216426,2026-02-27,2027-02-27,2026-02-27,351.64,351.64,,0,Upfront
206428,2026-01-29,2027-01-29,2026-01-29,351.64,351.64,,0,Upfront
203364,2026-01-22,2027-01-22,2026-01-22,292.05,292.05,,0,Upfront
216410,2026-02-27,2027-02-27,2026-02-27,351.64,351.64,,0,Upfront
206994,2026-01-30,2027-01-30,2026-01-30,263.57,263.57,,0,Upfront
213868,2026-02-19,2027-02-19,2026-02-19,351.64,351.64,,0,Upfront
199567,2026-01-14,2027-01-14,2026-01-14,269.67,269.67,,0,Upfront
201830,2026-01-18,2027-01-18,2026-01-18,351.64,351.64,,0,Upfront
199104,2026-01-13,2027-01-13,2026-01-13,269.67,269.67,,0,Upfront
198219,2026-01-11,2027-01-11,2026-01-11,374.02,374.02,,0,Upfront
200048,2026-01-15,2027-01-15,2026-01-15,351.64,351.64,,0,Upfront
198218,2026-01-11,2027-01-11,2026-01-11,374.02,374.02,,0,Upfront
206426,2026-01-29,2027-01-29,2026-01-29,269.67,269.67,,0,Upfront
199176,2026-01-13,2027-01-13,2026-01-13,351.64,351.64,,0,Upfront
202327,2026-01-19,2027-01-19,2026-01-19,269.67,269.67,,0,Upfront
198216,2026-01-11,2027-01-11,2026-01-11,351.64,351.64,,0,Upfront
205580,2026-01-27,2027-01-27,2026-01-27,351.64,351.64,,0,Upfront
204899,2026-01-25,2027-01-25,2026-01-25,374.02,374.02,,0,Upfront
198220,2026-01-11,2027-01-11,2026-01-11,374.02,374.02,,0,Upfront
195847,2026-01-07,2027-01-07,2026-01-07,351.64,351.64,,0,Upfront
199098,2026-01-13,2027-01-13,2026-01-13,292.05,292.05,,0,Upfront
203290,2026-01-22,2027-01-22,2026-01-22,345.53,345.53,,0,Upfront
210300,2026-02-08,2027-02-08,2026-02-08,374.02,374.02,,0,Upfront
200679,2026-01-16,2027-01-16,2026-01-16,351.64,351.64,,0,Upfront
204813,2026-01-25,2027-01-25,2026-01-25,374.02,374.02,,0,Upfront
210294,2026-02-07,2027-02-07,2026-02-07,433.61,433.61,,0,Upfront
212206,2026-02-13,2027-02-13,2026-02-13,351.64,351.64,,0,Upfront
216083,2026-02-26,2027-02-26,2026-02-26,433.61,433.61,,0,Upfront
203296,2026-01-22,2027-01-22,2026-01-22,257.05,257.05,,0,Upfront
210671,2026-02-08,2027-02-08,2026-02-08,351.64,351.64,,0,Upfront
205591,2026-01-27,2027-01-27,2026-01-27,269.67,269.67,,0,Upfront
199569,2026-01-14,2027-01-14,2026-01-14,292.05,292.05,,0,Upfront
198823,2026-01-12,2027-01-12,2026-01-12,374.02,374.02,,0,Upfront
213880,2026-02-19,2027-02-19,2026-02-19,339.02,339.02,,0,Upfront
199558,2026-01-14,2027-01-14,2026-01-14,374.02,374.02,,0,Upfront
198828,2026-01-12,2027-01-12,2026-01-12,374.02,374.02,,0,Upfront
215294,2026-02-23,2027-02-23,2026-02-23,269.67,269.67,,0,Upfront
198827,2026-01-12,2027-01-12,2026-01-12,292.05,292.05,,0,Upfront
202321,2026-01-19,2027-01-19,2026-01-19,433.61,433.61,,0,Upfront
198832,2026-01-12,2027-01-12,2026-01-12,269.67,269.67,,0,Upfront
199105,2026-01-13,2027-01-13,2026-01-13,351.64,351.64,,0,Upfront
200685,2026-01-16,2027-01-16,2026-01-16,269.67,269.67,,0,Upfront
209844,2026-02-06,2027-02-06,2026-02-06,351.64,351.64,,0,Upfront
208322,2026-02-01,2027-02-01,2026-02-01,351.64,351.64,,0,Upfront
202245,2026-01-19,2027-01-19,2026-01-19,351.64,351.64,,0,Upfront
199179,2026-01-13,2027-01-13,2026-01-13,269.67,269.67,,0,Upfront
200077,2026-01-15,2027-01-15,2026-01-15,351.64,351.64,,0,Upfront
204325,2026-01-24,2027-01-24,2026-01-24,351.64,351.64,,0,Upfront
204799,2026-01-25,2027-01-25,2026-01-25,374.02,374.02,,0,Upfront
201888,2026-01-18,2027-01-18,2026-01-18,269.67,269.67,,0,Upfront
200645,2026-01-16,2027-01-16,2026-01-16,351.64,351.64,,0,Upfront
199568,2026-01-14,2027-01-14,2026-01-14,351.64,351.64,,0,Upfront
206003,2026-01-29,2027-01-29,2026-01-29,433.61,433.61,,0,Upfront
201249,2026-01-17,2027-01-17,2026-01-17,351.64,351.64,,0,Upfront
208279,2026-02-01,2027-02-01,2026-02-01,351.64,351.64,,0,Upfront
207747,2026-01-31,2027-01-31,2026-01-31,351.64,351.64,,0,Upfront
202863,2026-01-21,2027-01-21,2026-01-21,345.53,345.53,,0,Upfront
199181,2026-01-13,2027-01-13,2026-01-13,351.64,351.64,,0,Upfront
204271,2026-01-24,2027-01-24,2026-01-24,351.64,351.64,,0,Upfront
201825,2026-01-18,2027-01-18,2026-01-18,351.64,351.64,,0,Upfront
199170,2026-01-13,2027-01-13,2026-01-13,351.64,351.64,,0,Upfront
205399,2026-01-26,2027-01-26,2026-01-26,351.64,351.64,,0,Upfront
199174,2026-01-13,2027-01-13,2026-01-13,433.61,433.61,,0,Upfront
201796,2026-01-18,2027-01-18,2026-01-18,351.64,351.64,,0,Upfront
199550,2026-01-14,2027-01-14,2026-01-14,433.61,433.61,,0,Upfront
200650,2026-01-16,2027-01-16,2026-01-16,433.61,433.61,,0,Upfront
199175,2026-01-13,2027-01-13,2026-01-13,433.61,433.61,,0,Upfront
201293,2026-01-17,2027-01-17,2026-01-17,263.57,263.57,,0,Upfront
200657,2026-01-16,2027-01-16,2026-01-16,351.64,351.64,,0,Upfront
205255,2026-01-27,2027-01-27,2026-01-27,269.67,269.67,,0,Upfront
199180,2026-01-14,2027-01-14,2026-01-14,351.64,351.64,,0,Upfront
200684,2026-01-16,2027-01-16,2026-01-16,351.64,351.64,,0,Upfront
199177,2026-01-14,2027-01-14,2026-01-14,351.64,351.64,,0,Upfront
199571,2026-01-14,2027-01-14,2026-01-14,351.64,351.64,,0,Upfront
211871,2026-02-12,2027-02-12,2026-02-12,427.5,427.5,,0,Upfront
202323,2026-01-19,2027-01-19,2026-01-19,351.64,351.64,,0,Upfront
199570,2026-01-14,2027-01-14,2026-01-14,345.53,345.53,,0,Upfront
200678,2026-01-16,2027-01-16,2026-01-16,351.64,351.64,,0,Upfront
199572,2026-01-14,2027-01-14,2026-01-14,351.64,351.64,,0,Upfront
202257,2026-01-19,2027-01-19,2026-01-19,374.02,374.02,,0,Upfront
207750,2026-01-31,2027-01-31,2026-01-31,1033.36,1033.36,,0,Upfront
201819,2026-01-18,2027-01-18,2026-01-18,374.02,374.02,,0,Upfront
202529,2026-01-20,2027-01-20,2026-01-20,351.64,351.64,,0,Upfront
202249,2026-01-19,2027-01-19,2026-01-19,427.5,427.5,,0,Upfront
196866,2026-01-09,2027-01-09,2026-01-09,433.61,433.61,,0,Upfront
207666,2026-01-31,2027-01-31,2026-01-31,269.67,269.67,,0,Upfront
203301,2026-01-22,2027-01-22,2026-01-22,374.02,374.02,,0,Upfront
208274,2026-02-01,2027-02-01,2026-02-01,269.67,269.67,,0,Upfront
200689,2026-01-16,2027-01-16,2026-01-16,351.64,351.64,,0,Upfront
202528,2026-01-20,2027-01-20,2026-01-20,345.53,345.53,,0,Upfront
206006,2026-01-28,2027-01-28,2026-01-28,269.67,269.67,,0,Upfront
210372,2026-02-07,2027-02-07,2026-02-07,263.57,263.57,,0,Upfront
211876,2026-02-12,2027-02-12,2026-02-12,433.61,433.61,,0,Upfront
202243,2026-01-19,2027-01-19,2026-01-19,351.64,351.64,,0,Upfront
201289,2026-01-17,2027-01-17,2026-01-17,292.05,292.05,,0,Upfront
200646,2026-01-16,2027-01-16,2026-01-16,345.53,345.53,,0,Upfront
216427,2026-02-27,2027-02-27,2026-02-27,351.64,351.64,,0,Upfront
207689,2026-01-31,2027-01-31,2026-01-31,351.64,351.64,,0,Upfront
205267,2026-01-26,2027-01-26,2026-01-26,351.64,351.64,,0,Upfront
199555,2026-01-14,2027-01-14,2026-01-14,269.67,269.67,,0,Upfront
201291,2026-01-17,2027-01-17,2026-01-17,351.64,351.64,,0,Upfront
211265,2026-02-10,2027-02-10,2026-02-10,351.64,351.64,,0,Upfront
202530,2026-01-20,2027-01-20,2026-01-20,374.02,374.02,,0,Upfront
201820,2026-01-18,2027-01-18,2026-01-18,351.64,351.64,,0,Upfront
202244,2026-01-23,2027-01-23,2026-01-23,374.02,374.02,,0,Upfront
204330,2026-01-24,2027-01-24,2026-01-24,351.64,351.64,,0,Upfront
201287,2026-01-17,2027-01-17,2026-01-17,351.64,351.64,,0,Upfront
201823,2026-01-18,2027-01-18,2026-01-18,351.64,351.64,,0,Upfront
204333,2026-01-24,2027-01-24,2026-01-24,351.64,351.64,,0,Upfront
200681,2026-01-16,2027-01-16,2026-01-16,269.67,269.67,,0,Upfront
202866,2026-01-21,2027-01-21,2026-01-21,269.67,269.67,,0,Upfront
205263,2026-01-26,2027-01-26,2026-01-26,374.02,374.02,,0,Upfront
201251,2026-01-17,2027-01-17,2026-01-17,351.64,351.64,,0,Upfront
202256,2026-01-19,2027-01-19,2026-01-19,351.64,351.64,,0,Upfront
205998,2026-01-28,2027-01-28,2026-01-28,269.67,269.67,,0,Upfront
203729,2026-01-23,2027-01-23,2026-01-23,269.67,269.67,,0,Upfront
201802,2026-01-18,2027-01-18,2026-01-18,374.02,374.02,,0,Upfront
204898,2026-01-25,2027-01-25,2026-01-25,351.64,351.64,,0,Upfront
211012,2026-02-10,2027-02-10,2026-02-10,351.64,351.64,,0,Upfront
201295,2026-01-17,2027-01-17,2026-01-17,374.02,374.02,,0,Upfront
203303,2026-01-22,2027-01-22,2026-01-22,374.02,374.02,,0,Upfront
201827,2026-01-18,2027-01-18,2026-01-18,269.67,269.67,,0,Upfront
201829,2026-01-18,2027-01-18,2026-01-18,433.61,433.61,,0,Upfront
201889,2026-01-18,2027-01-18,2026-01-18,269.67,269.67,,0,Upfront
216403,2026-02-27,2027-02-27,2026-02-27,833.36,833.36,,0,Upfront
203770,2026-01-23,2027-01-23,2026-01-23,351.64,351.64,,0,Upfront
201296,2026-01-17,2027-01-17,2026-01-17,269.67,269.67,,0,Upfront
206004,2026-01-28,2027-01-28,2026-01-28,269.67,269.67,,0,Upfront
201886,2026-01-18,2027-01-18,2026-01-18,351.64,351.64,,0,Upfront
202253,2026-01-19,2027-01-19,2026-01-19,257.05,257.05,,0,Upfront
211535,2026-02-11,2027-02-11,2026-02-11,345.53,345.53,,0,Upfront
206959,2026-02-10,2027-02-10,2026-02-10,351.64,351.64,,0,Upfront
201883,2026-01-18,2027-01-18,2026-01-18,263.57,263.57,,0,Upfront
204272,2026-02-18,2027-02-18,2026-02-18,345.53,345.53,,0,Upfront
216797,2026-02-27,2027-02-27,2026-02-27,339.02,339.02,,0,Upfront
202255,2026-01-19,2027-01-19,2026-01-19,351.64,351.64,,0,Upfront
203730,2026-01-23,2027-01-23,2026-01-23,351.64,351.64,,0,Upfront
202581,2026-01-20,2027-01-20,2026-01-20,269.67,269.67,,0,Upfront
207677,2026-01-31,2027-01-31,2026-01-31,269.67,269.67,,0,Upfront
204803,2026-01-25,2027-01-25,2026-01-25,269.67,269.67,,0,Upfront
201882,2026-01-18,2027-01-18,2026-01-18,351.64,351.64,,0,Upfront
204815,2026-01-28,2027-01-28,2026-01-28,351.64,351.64,,0,Upfront
207745,2026-01-31,2027-01-31,2026-01-31,351.64,351.64,,0,Upfront
211864,2026-02-12,2027-02-12,2026-02-12,269.67,269.67,,0,Upfront
210239,2026-02-08,2027-02-08,2026-02-08,351.64,351.64,,0,Upfront
207740,2026-01-31,2027-01-31,2026-01-31,351.64,351.64,,0,Upfront
202322,2026-01-19,2027-01-19,2026-01-19,374.02,374.02,,0,Upfront
202531,2026-01-20,2027-01-20,2026-01-20,351.64,351.64,,0,Upfront
211266,2026-02-10,2027-02-10,2026-02-10,345.53,345.53,,0,Upfront
202324,2026-01-19,2027-01-19,2026-01-19,269.67,269.67,,0,Upfront
209460,2026-02-05,2027-02-05,2026-02-05,269.67,269.67,,0,Upfront
202325,2026-01-19,2027-01-19,2026-01-19,351.64,351.64,,0,Upfront
205270,2026-01-26,2027-01-26,2026-01-26,351.64,351.64,,0,Upfront
211028,2026-02-09,2027-02-09,2026-02-09,351.64,351.64,,0,Upfront
196829,2026-01-09,2027-01-09,2026-01-09,351.64,351.64,,0,Upfront
203771,2026-01-23,2027-01-23,2026-01-23,351.64,351.64,,0,Upfront
205264,2026-01-27,2027-01-27,2026-01-27,351.64,351.64,,0,Upfront
204903,2026-01-25,2027-01-25,2026-01-25,455.98,455.98,,0,Upfront
202899,2026-01-21,2027-01-21,2026-01-21,433.61,433.61,,0,Upfront
204804,2026-01-25,2027-01-25,2026-01-25,351.64,351.64,,0,Upfront
203732,2026-01-23,2027-01-23,2026-01-23,351.64,351.64,,0,Upfront
203766,2026-01-24,2027-01-24,2026-01-24,427.5,427.5,,0,Upfront
202326,2026-01-19,2027-01-19,2026-01-19,351.64,351.64,,0,Upfront
203727,2026-01-23,2027-01-23,2026-01-23,292.05,292.05,,0,Upfront
202525,2026-01-20,2027-01-20,2026-01-20,345.53,345.53,,0,Upfront
202859,2026-01-22,2027-01-22,2026-01-22,351.64,351.64,,0,Upfront
214605,2026-02-21,2027-02-21,2026-02-21,351.64,351.64,,0,Upfront
216843,2026-02-28,2027-02-28,2026-02-28,351.64,351.64,,0,Upfront
203292,2026-01-22,2027-01-22,2026-01-22,351.64,351.64,,0,Upfront
202329,2026-01-19,2027-01-19,2026-01-19,351.64,351.64,,0,Upfront
203764,2026-01-23,2027-01-23,2026-01-23,351.64,351.64,,0,Upfront
202585,2026-01-20,2027-01-20,2026-01-20,292.05,292.05,,0,Upfront
203774,2026-01-23,2027-01-23,2026-01-23,351.64,351.64,,0,Upfront
208271,2026-02-01,2027-02-01,2026-02-01,269.67,269.67,,0,Upfront
202865,2026-01-21,2027-01-21,2026-01-21,269.67,269.67,,0,Upfront
202532,2026-01-20,2027-01-20,2026-01-20,351.64,351.64,,0,Upfront
203737,2026-01-24,2027-01-24,2026-01-24,351.64,351.64,,0,Upfront
208275,2026-02-01,2027-02-01,2026-02-01,374.02,374.02,,0,Upfront
205239,2026-01-26,2027-01-26,2026-01-26,433.61,433.61,,0,Upfront
208324,2026-02-01,2027-02-01,2026-02-01,433.61,433.61,,0,Upfront
212218,2026-02-13,2027-02-13,2026-02-13,269.67,269.67,,0,Upfront
205241,2026-01-26,2027-01-26,2026-01-26,351.64,351.64,,0,Upfront
204802,2026-01-31,2027-01-31,2026-01-31,351.64,351.64,,0,Upfront
202583,2026-01-20,2027-01-20,2026-01-20,351.64,351.64,,0,Upfront
203735,2026-01-23,2027-01-23,2026-01-23,351.64,351.64,,0,Upfront
203734,2026-01-23,2027-01-23,2026-01-23,374.02,374.02,,0,Upfront
211833,2026-02-12,2027-02-12,2026-02-12,269.67,269.67,,0,Upfront
208270,2026-02-05,2027-02-05,2026-02-05,351.64,351.64,,0,Upfront
208273,2026-02-01,2027-02-01,2026-02-01,345.53,345.53,,0,Upfront
205588,2026-01-27,2027-01-27,2026-01-27,345.53,345.53,,0,Upfront
211015,2026-02-09,2027-02-09,2026-02-09,420.98,420.98,,0,Upfront
208642,2026-02-03,2027-02-03,2026-02-03,351.64,351.64,,0,Upfront
211856,2026-02-12,2027-02-12,2026-02-12,433.61,433.61,,0,Upfront
204895,2026-01-25,2027-01-25,2026-01-25,351.64,351.64,,0,Upfront
205246,2026-01-26,2027-01-26,2026-01-26,257.05,257.05,,0,Upfront
208332,2026-02-01,2027-02-01,2026-02-01,351.64,351.64,,0,Upfront
204337,2026-01-24,2027-01-24,2026-01-24,351.64,351.64,,0,Upfront
211032,2026-02-09,2027-02-09,2026-02-09,351.64,351.64,,0,Upfront
208892,2026-02-03,2027-02-03,2026-02-03,433.61,433.61,,0,Upfront
204334,2026-01-24,2027-01-24,2026-01-24,374.02,374.02,,0,Upfront
205596,2026-01-27,2027-01-27,2026-01-27,263.57,263.57,,0,Upfront
204260,2026-01-24,2027-01-24,2026-01-24,269.67,269.67,,0,Upfront
204320,2026-01-24,2027-01-24,2026-01-24,269.67,269.67,,0,Upfront
206432,2026-01-29,2027-01-29,2026-01-29,351.64,351.64,,0,Upfront
204262,2026-01-24,2027-01-24,2026-01-24,455.98,455.98,2026-02-27,455.98,Upfront
206433,2026-01-29,2027-01-29,2026-01-29,427.5,427.5,,0,Upfront
200793,2026-01-16,2027-01-16,2026-01-16,351.64,351.64,,0,Upfront
207690,2026-01-31,2027-01-31,2026-01-31,433.61,433.61,,0,Upfront
204902,2026-01-25,2027-01-25,2026-01-25,339.02,339.02,,0,Upfront
208894,2026-02-03,2027-02-03,2026-02-03,345.53,345.53,,0,Upfront
204275,2026-01-24,2027-01-24,2026-01-24,351.64,351.64,,0,Upfront
208327,2026-02-01,2027-02-01,2026-02-01,345.53,345.53,,0,Upfront
205266,2026-01-26,2027-01-26,2026-01-26,269.67,269.67,,0,Upfront
207746,2026-02-04,2027-02-04,2026-02-04,257.05,257.05,,0,Upfront
208637,2026-02-02,2027-02-02,2026-02-02,269.67,269.67,,0,Upfront
208260,2026-02-01,2027-02-01,2026-02-01,269.67,269.67,,0,Upfront
205319,2026-01-26,2027-01-26,2026-01-26,269.67,269.67,,0,Upfront
205273,2026-01-26,2027-01-26,2026-01-26,351.64,351.64,,0,Upfront
205261,2026-01-26,2027-01-26,2026-01-26,374.02,374.02,,0,Upfront
203773,2026-01-23,2027-01-23,2026-01-23,269.67,269.67,,0,Upfront
211874,2026-02-12,2027-02-12,2026-02-12,269.67,269.67,,0,Upfront
206950,2026-01-30,2027-01-30,2026-01-30,374.02,374.02,,0,Upfront
203768,2026-01-23,2027-01-23,2026-01-23,351.64,351.64,,0,Upfront
212205,2026-02-13,2027-02-13,2026-02-13,345.53,345.53,,0,Upfront
205324,2026-01-26,2027-01-26,2026-01-26,263.57,263.57,,0,Upfront
204323,2026-01-24,2027-01-24,2026-01-24,374.02,374.02,,0,Upfront
205597,2026-01-27,2027-01-27,2026-01-27,269.67,269.67,,0,Upfront
208321,2026-02-01,2027-02-01,2026-02-01,345.53,345.53,,0,Upfront
211014,2026-02-10,2027-02-10,2026-02-10,351.64,351.64,,0,Upfront
204326,2026-01-24,2027-01-24,2026-01-24,351.64,351.64,,0,Upfront
207692,2026-01-31,2027-01-31,2026-01-31,351.64,351.64,,0,Upfront
205248,2026-01-26,2027-01-26,2026-01-26,433.61,433.61,,0,Upfront
205268,2026-01-26,2027-01-26,2026-01-26,351.64,351.64,,0,Upfront
208648,2026-02-02,2027-02-02,2026-02-02,351.64,351.64,,0,Upfront
204823,2026-01-25,2027-01-25,2026-01-25,269.67,269.67,,0,Upfront
204321,2026-01-24,2027-01-24,2026-01-24,351.64,351.64,,0,Upfront
195299,2026-01-07,2027-01-07,2026-01-07,351.64,351.64,,0,Upfront
204327,2026-01-24,2027-01-24,2026-01-24,351.64,351.64,,0,Upfront
204821,2026-01-25,2027-01-25,2026-01-25,351.64,351.64,,0,Upfront
204340,2026-01-24,2027-01-24,2026-01-24,351.64,351.64,,0,Upfront
205589,2026-01-27,2027-01-27,2026-01-27,351.64,351.64,,0,Upfront
212560,2026-02-14,2027-02-14,2026-02-14,345.53,345.53,,0,Upfront
216619,2026-02-27,2027-02-27,2026-02-27,351.64,351.64,,0,Upfront
206951,2026-01-31,2027-01-31,2026-01-31,433.61,433.61,,0,Upfront
210305,2026-02-07,2027-02-07,2026-02-07,351.64,351.64,,0,Upfront
210306,2026-02-07,2027-02-07,2026-02-07,351.64,351.64,,0,Upfront
209854,2026-02-06,2027-02-06,2026-02-06,433.61,433.61,,0,Upfront
208276,2026-02-01,2027-02-01,2026-02-01,351.64,351.64,,0,Upfront
207663,2026-01-31,2027-01-31,2026-01-31,351.64,351.64,,0,Upfront
204338,2026-01-24,2027-01-24,2026-01-24,351.64,351.64,,0,Upfront
204339,2026-01-24,2027-01-24,2026-01-24,351.64,351.64,,0,Upfront
205985,2026-01-28,2027-01-28,2026-01-28,351.64,351.64,,0,Upfront
204896,2026-01-25,2027-01-25,2026-01-25,351.64,351.64,,0,Upfront
204897,2026-01-25,2027-01-25,2026-01-25,351.64,351.64,,0,Upfront
207742,2026-01-31,2027-01-31,2026-01-31,269.67,269.67,,0,Upfront
206960,2026-01-30,2027-01-30,2026-01-30,263.57,263.57,,0,Upfront
205592,2026-01-27,2027-01-27,2026-01-27,351.64,351.64,,0,Upfront
206991,2026-01-30,2027-01-30,2026-01-30,269.67,269.67,,0,Upfront
194642,2026-01-05,2027-01-06,2026-01-05,269.67,269.67,,0,Upfront
213157,2026-02-24,2027-02-24,2026-02-24,351.64,351.64,,0,Upfront
210659,2026-02-08,2027-02-08,2026-02-08,374.02,374.02,,0,Upfront
204900,2026-01-25,2027-01-25,2026-01-25,351.64,351.64,,0,Upfront
204894,2026-01-25,2027-01-25,2026-01-25,345.53,345.53,,0,Upfront
210651,2026-02-12,2027-02-12,2026-02-12,257.05,257.05,,0,Upfront
212897,2026-02-15,2027-02-15,2026-02-15,351.64,351.64,,0,Upfront
208891,2026-02-03,2027-02-03,2026-02-03,345.53,345.53,,0,Upfront
209461,2026-02-06,2027-02-06,2026-02-06,351.64,351.64,,0,Upfront
204904,2026-01-25,2027-01-25,2026-01-25,351.64,351.64,,0,Upfront
215057,2026-02-22,2027-02-22,2026-02-22,269.67,269.67,,0,Upfront
208641,2026-02-13,2027-02-13,2026-02-13,351.64,351.64,,0,Upfront
214611,2026-02-21,2027-02-21,2026-02-21,433.61,433.61,,0,Upfront
204901,2026-01-25,2027-01-25,2026-01-25,351.64,351.64,,0,Upfront
205271,2026-01-26,2027-01-26,2026-01-26,351.64,351.64,,0,Upfront
206430,2026-01-29,2027-01-29,2026-01-29,351.64,351.64,,0,Upfront
208638,2026-02-02,2027-02-02,2026-02-02,269.67,269.67,,0,Upfront
208280,2026-02-01,2027-02-01,2026-02-01,433.61,433.61,,0,Upfront
207749,2026-01-31,2027-01-31,2026-01-31,433.61,433.61,,0,Upfront
211270,2026-02-11,2027-02-11,2026-02-11,433.61,433.61,2026-02-27,433.61,Upfront
207668,2026-02-01,2027-02-01,2026-02-01,339.02,339.02,,0,Upfront
205598,2026-01-27,2027-01-27,2026-01-27,351.64,351.64,,0,Upfront
205640,2026-01-27,2027-01-27,2026-01-27,374.02,374.02,,0,Upfront
212563,2026-02-14,2027-02-14,2026-02-14,351.64,351.64,,0,Upfront
211067,2026-02-09,2027-02-09,2026-02-09,351.64,351.64,,0,Upfront
206973,2026-01-30,2027-01-30,2026-01-30,269.67,269.67,,0,Upfront
215337,2026-02-23,2027-02-23,2026-02-23,351.64,351.64,,0,Upfront
205989,2026-01-30,2027-01-30,2026-01-30,374.02,374.02,,0,Upfront
205320,2026-01-26,2027-01-26,2026-01-26,269.67,269.67,,0,Upfront
215336,2026-02-23,2027-02-23,2026-02-23,345.53,345.53,,0,Upfront
216432,2026-02-27,2027-02-27,2026-02-27,351.64,351.64,,0,Upfront
209392,2026-02-04,2027-02-04,2026-02-04,304.55,304.55,,0,Upfront
206952,2026-01-30,2027-01-30,2026-01-30,374.02,374.02,,0,Upfront
213345,2026-02-19,2027-02-19,2026-02-19,345.53,345.53,,0,Upfront
205643,2026-01-27,2027-01-27,2026-01-27,292.05,292.05,,0,Upfront
211068,2026-02-09,2027-02-09,2026-02-09,433.61,433.61,,0,Upfront
214508,2026-02-21,2027-02-21,2026-02-21,269.67,269.67,2026-03-06,269.67,Upfront
208272,2026-02-01,2027-02-01,2026-02-01,263.57,263.57,,0,Upfront
211867,2026-02-12,2027-02-12,2026-02-12,269.67,269.67,,0,Upfront
207356,2026-02-11,2027-02-11,2026-02-11,433.61,433.61,,0,Upfront
206986,2026-01-30,2027-01-30,2026-01-30,263.57,263.57,,0,Upfront
205639,2026-01-27,2027-01-27,2026-01-27,351.64,351.64,,0,Upfront
209468,2026-02-05,2027-02-05,2026-02-05,351.64,351.64,,0,Upfront
209151,2026-02-04,2027-02-04,2026-02-04,433.61,433.61,,0,Upfront
211456,2026-02-10,2027-02-10,2026-02-10,374.02,374.02,,0,Upfront
209462,2026-02-05,2027-02-05,2026-02-05,345.53,345.53,,0,Upfront
205991,2026-01-28,2027-01-28,2026-01-28,351.64,351.64,,0,Upfront
206953,2026-01-30,2027-01-30,2026-01-30,351.64,351.64,,0,Upfront
206977,2026-01-30,2027-01-30,2026-01-30,269.67,269.67,,0,Upfront
213874,2026-02-19,2027-02-19,2026-02-19,269.67,269.67,,0,Upfront
206979,2026-01-30,2027-01-30,2026-01-30,269.67,269.67,,0,Upfront
214608,2026-02-21,2027-02-21,2026-02-21,351.64,351.64,,0,Upfront
206434,2026-01-29,2027-01-29,2026-01-29,351.64,351.64,,0,Upfront
205641,2026-01-27,2027-01-27,2026-01-27,351.64,351.64,,0,Upfront
206005,2026-01-28,2027-01-28,2026-01-28,269.67,269.67,,0,Upfront
208330,2026-02-01,2027-02-01,2026-02-01,269.67,269.67,,0,Upfront
189212,2026-01-02,2027-01-02,2026-01-02,351.64,351.64,,0,Upfront
214604,2026-02-22,2027-02-22,2026-02-22,345.53,345.53,,0,Upfront
207680,2026-01-31,2027-01-31,2026-01-31,374.02,374.02,,0,Upfront
211870,2026-02-12,2027-02-12,2026-02-12,269.67,269.67,,0,Upfront
206975,2026-01-30,2027-01-30,2026-01-30,351.64,351.64,,0,Upfront
206990,2026-01-30,2027-01-30,2026-01-30,351.64,351.64,,0,Upfront
208652,2026-02-02,2027-02-02,2026-02-02,292.05,292.05,,0,Upfront
206985,2026-01-30,2027-01-30,2026-01-30,351.64,351.64,,0,Upfront
207743,2026-01-31,2027-01-31,2026-01-31,351.64,351.64,,0,Upfront
206980,2026-01-30,2027-01-30,2026-01-30,269.67,269.67,,0,Upfront
206982,2026-01-30,2027-01-30,2026-01-30,269.67,269.67,,0,Upfront
207695,2026-01-31,2027-01-31,2026-01-31,269.67,269.67,,0,Upfront
206981,2026-01-30,2027-01-30,2026-01-30,269.67,269.67,,0,Upfront
210660,2026-02-08,2027-02-08,2026-02-08,269.67,269.67,,0,Upfront
206984,2026-01-30,2027-01-30,2026-01-30,269.67,269.67,,0,Upfront
209467,2026-02-06,2027-02-06,2026-02-06,1233.36,1233.36,,0,Upfront
210247,2026-02-07,2027-02-07,2026-02-07,269.67,269.67,,0,Upfront
208325,2026-02-01,2027-02-01,2026-02-01,269.67,269.67,,0,Upfront
210250,2026-02-07,2027-02-07,2026-02-07,345.53,345.53,,0,Upfront
210251,2026-02-07,2027-02-07,2026-02-07,351.64,351.64,,0,Upfront
211020,2026-02-18,2027-02-18,2026-02-18,351.64,351.64,,0,Upfront
207748,2026-01-31,2027-01-31,2026-01-31,351.64,351.64,,0,Upfront
210713,2026-02-08,2027-02-08,2026-02-08,269.67,269.67,,0,Upfront
209148,2026-02-04,2027-02-04,2026-02-04,433.61,433.61,,0,Upfront
213338,2026-02-28,2027-02-28,2026-02-28,433.61,433.61,,0,Upfront
208323,2026-02-01,2027-02-01,2026-02-01,269.67,269.67,,0,Upfront
206983,2026-01-30,2027-01-30,2026-01-30,351.64,351.64,,0,Upfront
206976,2026-01-30,2027-01-30,2026-01-30,351.64,351.64,,0,Upfront
207669,2026-02-01,2027-02-01,2026-02-01,269.67,269.67,,0,Upfront
200271,2026-01-15,2027-01-15,2026-01-15,269.67,269.67,,0,Upfront
216418,2026-02-27,2027-02-27,2026-02-27,351.64,351.64,,0,Upfront
216429,2026-02-27,2027-02-27,2026-02-27,433.61,433.61,,0,Upfront
212540,2026-02-14,2027-02-14,2026-02-14,345.53,345.53,,0,Upfront
207688,2026-01-31,2027-01-31,2026-01-31,351.64,351.64,,0,Upfront
199894,2026-01-14,2027-01-14,2026-01-14,392.62,392.62,,0,Upfront
208656,2026-02-02,2027-02-02,2026-02-02,351.64,351.64,,0,Upfront
209144,2026-02-06,2027-02-06,2026-02-06,269.67,269.67,,0,Upfront
206978,2026-01-30,2027-01-30,2026-01-30,351.64,351.64,,0,Upfront
209856,2026-02-06,2027-02-06,2026-02-06,351.64,351.64,,0,Upfront
208331,2026-02-01,2027-02-01,2026-02-01,351.64,351.64,,0,Upfront
207694,2026-01-31,2027-01-31,2026-01-31,351.64,351.64,,0,Upfront
209843,2026-02-07,2027-02-07,2026-02-07,833.36,833.36,,0,Upfront
208706,2026-02-10,2027-02-10,2026-02-10,351.64,351.64,,0,Upfront
212632,2026-02-14,2027-02-14,2026-02-14,427.5,427.5,,0,Upfront
209150,2026-02-04,2027-02-04,2026-02-04,269.67,269.67,,0,Upfront
211031,2026-02-09,2027-02-09,2026-02-09,345.53,345.53,,0,Upfront
208653,2026-02-02,2027-02-02,2026-02-02,351.64,351.64,,0,Upfront
208895,2026-02-03,2027-02-03,2026-02-03,351.64,351.64,,0,Upfront
211070,2026-02-09,2027-02-09,2026-02-09,433.61,433.61,,0,Upfront
208281,2026-02-01,2027-02-01,2026-02-01,351.64,351.64,,0,Upfront
207691,2026-01-31,2027-01-31,2026-01-31,351.64,351.64,,0,Upfront
214204,2026-02-20,2027-02-20,2026-02-20,263.57,263.57,,0,Upfront
208278,2026-02-01,2027-02-01,2026-02-01,345.53,345.53,,0,Upfront
216428,2026-02-27,2027-02-27,2026-02-27,351.64,351.64,,0,Upfront
208282,2026-02-01,2027-02-01,2026-02-01,374.02,374.02,,0,Upfront
216860,2026-02-28,2027-02-28,2026-02-28,351.64,351.64,,0,Upfront
208704,2026-02-04,2027-02-04,2026-02-04,351.64,351.64,,0,Upfront
208646,2026-02-02,2027-02-02,2026-02-02,351.64,351.64,,0,Upfront
209466,2026-02-05,2027-02-05,2026-02-05,351.64,351.64,,0,Upfront
211872,2026-02-12,2027-02-12,2026-02-12,351.64,351.64,,0,Upfront
207744,2026-01-31,2027-01-31,2026-01-31,345.53,345.53,,0,Upfront
208703,2026-02-02,2027-02-02,2026-02-02,269.67,269.67,,0,Upfront
207741,2026-01-31,2027-01-31,2026-01-31,351.64,351.64,,0,Upfront
208264,2026-02-01,2027-02-01,2026-02-01,351.64,351.64,,0,Upfront
208265,2026-02-01,2027-02-01,2026-02-01,433.61,433.61,,0,Upfront
209845,2026-02-06,2027-02-06,2026-02-06,263.57,263.57,,0,Upfront
210293,2026-02-07,2027-02-07,2026-02-07,269.67,269.67,,0,Upfront
208888,2026-02-03,2027-02-03,2026-02-03,433.61,433.61,,0,Upfront
209851,2026-02-06,2027-02-06,2026-02-06,351.64,351.64,,0,Upfront
209852,2026-02-06,2027-02-06,2026-02-06,269.67,269.67,,0,Upfront
208658,2026-02-02,2027-02-02,2026-02-02,351.64,351.64,,0,Upfront
209841,2026-02-06,2027-02-06,2026-02-06,345.53,345.53,,0,Upfront
208896,2026-02-03,2027-02-03,2026-02-03,351.64,351.64,,0,Upfront
212538,2026-02-14,2027-02-14,2026-02-14,345.53,345.53,,0,Upfront
208266,2026-02-02,2027-02-02,2026-02-02,351.64,351.64,,0,Upfront
210291,2026-02-07,2027-02-07,2026-02-07,351.64,351.64,,0,Upfront
211539,2026-02-26,2027-02-26,2026-02-26,351.64,351.64,,0,Upfront
208328,2026-02-01,2027-02-01,2026-02-01,339.02,339.02,,0,Upfront
210255,2026-02-07,2027-02-07,2026-02-07,269.67,269.67,,0,Upfront
211865,2026-02-12,2027-02-12,2026-02-12,269.67,269.67,,0,Upfront
210670,2026-02-08,2027-02-08,2026-02-08,351.64,351.64,,0,Upfront
209149,2026-02-05,2027-02-05,2026-02-05,269.67,269.67,,0,Upfront
208899,2026-02-03,2027-02-03,2026-02-03,345.53,345.53,,0,Upfront
209840,2026-02-06,2027-02-06,2026-02-06,351.64,351.64,,0,Upfront
208326,2026-02-01,2027-02-01,2026-02-01,351.64,351.64,,0,Upfront
216385,2026-02-27,2027-02-27,2026-02-27,351.64,351.64,,0,Upfront
208654,2026-02-02,2027-02-02,2026-02-02,351.64,351.64,,0,Upfront
211545,2026-02-11,2027-02-11,2026-02-11,269.67,269.67,,0,Upfront
208655,2026-02-02,2027-02-02,2026-02-02,351.64,351.64,,0,Upfront
209842,2026-02-07,2027-02-07,2026-02-07,433.61,433.61,,0,Upfront
208702,2026-02-02,2027-02-02,2026-02-02,351.64,351.64,,0,Upfront
211022,2026-02-09,2027-02-09,2026-02-09,351.64,351.64,,0,Upfront
208885,2026-02-03,2027-02-03,2026-02-03,351.64,351.64,,0,Upfront
211333,2026-02-10,2027-02-10,2026-02-10,351.64,351.64,,0,Upfront
209152,2026-02-04,2027-02-04,2026-02-04,427.5,427.5,,0,Upfront
211532,2026-02-11,2027-02-11,2026-02-11,269.67,269.67,,0,Upfront
208701,2026-02-02,2027-02-02,2026-02-02,345.53,345.53,,0,Upfront
216416,2026-02-27,2027-02-27,2026-02-27,433.61,433.61,,0,Upfront
210666,2026-02-09,2027-02-09,2026-02-09,351.64,351.64,,0,Upfront
208708,2026-02-02,2027-02-02,2026-02-02,269.67,269.67,,0,Upfront
209853,2026-02-06,2027-02-06,2026-02-06,345.53,345.53,,0,Upfront
211275,2026-02-10,2027-02-10,2026-02-10,351.64,351.64,,0,Upfront
213601,2026-02-18,2027-02-18,2026-02-18,345.53,345.53,,0,Upfront
209828,2026-02-06,2027-02-06,2026-02-06,351.64,351.64,,0,Upfront
217112,2026-02-28,2027-02-28,2026-02-28,433.61,433.61,,0,Upfront
208893,2026-02-03,2027-02-03,2026-02-03,351.64,351.64,,0,Upfront
193043,2026-01-03,2027-01-03,2026-01-03,351.64,351.64,,0,Upfront
208935,2026-02-03,2027-02-03,2026-02-03,339.02,339.02,,0,Upfront
212532,2026-02-14,2027-02-14,2026-02-14,351.64,351.64,,0,Upfront
208933,2026-02-03,2027-02-03,2026-02-03,292.05,292.05,,0,Upfront
212220,2026-02-13,2027-02-13,2026-02-13,351.64,351.64,,0,Upfront
211029,2026-02-09,2027-02-09,2026-02-09,345.53,345.53,,0,Upfront
213870,2026-02-19,2027-02-19,2026-02-19,351.64,351.64,,0,Upfront
211267,2026-02-10,2027-02-10,2026-02-10,269.67,269.67,,0,Upfront
209153,2026-02-04,2027-02-04,2026-02-04,351.64,351.64,,0,Upfront
210295,2026-02-08,2027-02-08,2026-02-08,351.64,351.64,,0,Upfront
212893,2026-02-15,2027-02-15,2026-02-15,269.67,269.67,,0,Upfront
214614,2026-02-21,2027-02-21,2026-02-21,351.64,351.64,,0,Upfront
209154,2026-02-04,2027-02-04,2026-02-04,269.67,269.67,,0,Upfront
210303,2026-02-07,2027-02-07,2026-02-07,351.64,351.64,,0,Upfront
210246,2026-02-15,2027-02-15,2026-02-15,351.64,351.64,2026-03-07,99.28,Upfront
216864,2026-02-28,2027-02-28,2026-02-28,351.64,351.64,,0,Upfront
209156,2026-02-04,2027-02-04,2026-02-04,269.67,269.67,,0,Upfront
209469,2026-02-05,2027-02-05,2026-02-05,269.67,269.67,,0,Upfront
199322,2026-01-13,2027-01-13,2026-01-13,1233.36,1233.36,,0,Upfront
210304,2026-02-07,2027-02-07,2026-02-07,455.98,455.98,,0,Upfront
210714,2026-02-08,2027-02-08,2026-02-08,351.64,351.64,,0,Upfront
210256,2026-02-07,2027-02-07,2026-02-07,351.64,351.64,,0,Upfront
210248,2026-02-07,2027-02-07,2026-02-07,433.61,433.61,,0,Upfront
210253,2026-02-07,2027-02-07,2026-02-07,351.64,351.64,,0,Upfront
212933,2026-02-15,2027-02-15,2026-02-15,345.53,345.53,,0,Upfront
210711,2026-02-08,2027-02-08,2026-02-08,351.64,351.64,,0,Upfront
210254,2026-02-07,2027-02-07,2026-02-07,339.02,339.02,,0,Upfront
209858,2026-02-06,2027-02-06,2026-02-06,351.64,351.64,,0,Upfront
210668,2026-02-08,2027-02-08,2026-02-08,351.64,351.64,,0,Upfront
210297,2026-02-07,2027-02-07,2026-02-07,269.67,269.67,,0,Upfront
215510,2026-02-24,2027-02-24,2026-02-24,269.67,269.67,,0,Upfront
210299,2026-02-07,2027-02-07,2026-02-07,351.64,351.64,,0,Upfront
212535,2026-02-14,2027-02-14,2026-02-14,351.64,351.64,,0,Upfront
211027,2026-02-09,2027-02-09,2026-02-09,339.02,339.02,,0,Upfront
210669,2026-02-08,2027-02-08,2026-02-08,351.64,351.64,,0,Upfront
211268,2026-02-10,2027-02-10,2026-02-10,351.64,351.64,,0,Upfront
212534,2026-02-17,2027-02-17,2026-02-17,351.64,351.64,,0,Upfront
194847,2026-01-06,2027-01-06,2026-01-06,351.64,351.64,,0,Upfront
210298,2026-02-07,2027-02-07,2026-02-07,339.02,339.02,,0,Upfront
210672,2026-02-08,2027-02-08,2026-02-08,351.64,351.64,,0,Upfront
213170,2026-02-16,2027-02-16,2026-02-16,345.53,345.53,,0,Upfront
210301,2026-02-07,2027-02-07,2026-02-07,351.64,351.64,,0,Upfront
210673,2026-02-08,2027-02-08,2026-02-08,351.64,351.64,,0,Upfront
211331,2026-02-10,2027-02-10,2026-02-10,345.53,345.53,,0,Upfront
213163,2026-02-16,2027-02-16,2026-02-16,345.53,345.53,,0,Upfront
198136,2026-01-11,2027-01-11,2026-01-11,269.67,269.67,,0,Upfront
211544,2026-02-11,2027-02-11,2026-02-11,351.64,351.64,,0,Upfront
212219,2026-02-13,2027-02-13,2026-02-13,345.53,345.53,,0,Upfront
214603,2026-02-21,2027-02-21,2026-02-21,345.53,345.53,,0,Upfront
212566,2026-02-14,2027-02-14,2026-02-14,351.64,351.64,,0,Upfront
211868,2026-02-12,2027-02-12,2026-02-12,351.64,351.64,,0,Upfront
210704,2026-02-08,2027-02-08,2026-02-08,351.64,351.64,,0,Upfront
210708,2026-02-08,2027-02-08,2026-02-08,427.5,427.5,,0,Upfront
212533,2026-02-14,2027-02-14,2026-02-14,427.5,427.5,,0,Upfront
210709,2026-02-08,2027-02-08,2026-02-08,351.64,351.64,,0,Upfront
210710,2026-02-11,2027-02-11,2026-02-11,433.61,433.61,,0,Upfront
211269,2026-02-10,2027-02-10,2026-02-10,351.64,351.64,,0,Upfront
200117,2026-01-15,2027-01-15,2026-01-15,345.53,345.53,,0,Upfront
213885,2026-02-19,2027-02-19,2026-02-19,345.53,345.53,,0,Upfront
212537,2026-02-14,2027-02-14,2026-02-14,351.64,351.64,,0,Upfront
212204,2026-02-13,2027-02-13,2026-02-13,433.61,433.61,,0,Upfront
211272,2026-02-10,2027-02-10,2026-02-10,345.53,345.53,,0,Upfront
213342,2026-02-17,2027-02-17,2026-02-17,351.64,351.64,,0,Upfront
213164,2026-02-16,2027-02-16,2026-02-16,345.53,345.53,,0,Upfront
211071,2026-02-09,2027-02-09,2026-02-09,351.64,351.64,,0,Upfront
211073,2026-02-09,2027-02-09,2026-02-09,269.67,269.67,,0,Upfront
216082,2026-02-26,2027-02-26,2026-02-26,269.67,269.67,,0,Upfront
213344,2026-02-24,2027-02-24,2026-02-24,351.64,351.64,,0,Upfront
211873,2026-02-12,2027-02-12,2026-02-12,351.64,351.64,,0,Upfront
215507,2026-02-24,2027-02-24,2026-02-24,269.67,269.67,,0,Upfront
202840,2026-01-20,2027-01-20,2026-01-20,310.66,310.66,2026-02-18,40.98,Upfront
211332,2026-02-10,2027-02-10,2026-02-10,351.64,351.64,,0,Upfront
212565,2026-02-14,2027-02-14,2026-02-14,345.53,345.53,,0,Upfront
215293,2026-02-23,2027-02-23,2026-02-23,427.5,427.5,,0,Upfront
212896,2026-02-15,2027-02-15,2026-02-15,351.64,351.64,,0,Upfront
211546,2026-02-11,2027-02-11,2026-02-11,269.67,269.67,,0,Upfront
214622,2026-02-21,2027-02-21,2026-02-21,351.64,351.64,,0,Upfront
214218,2026-02-20,2027-02-20,2026-02-20,351.64,351.64,,0,Upfront
212214,2026-02-13,2027-02-13,2026-02-13,351.64,351.64,,0,Upfront
212217,2026-02-13,2027-02-13,2026-02-13,269.67,269.67,,0,Upfront
214609,2026-02-21,2027-02-21,2026-02-21,351.64,351.64,,0,Upfront
212562,2026-02-14,2027-02-14,2026-02-14,351.64,351.64,,0,Upfront
213341,2026-02-17,2027-02-17,2026-02-17,1033.36,1033.36,,0,Upfront
215779,2026-02-25,2027-02-25,2026-02-25,345.53,345.53,,0,Upfront
212561,2026-02-14,2027-02-14,2026-02-14,351.64,351.64,,0,Upfront
215298,2026-02-23,2027-02-23,2026-02-23,269.67,269.67,,0,Upfront
214205,2026-02-20,2027-02-20,2026-02-20,345.53,345.53,,0,Upfront
213168,2026-02-16,2027-02-16,2026-02-16,269.67,269.67,,0,Upfront
214596,2026-02-21,2027-02-21,2026-02-21,351.64,351.64,,0,Upfront
214206,2026-02-20,2027-02-20,2026-02-20,351.64,351.64,,0,Upfront
212213,2026-02-13,2027-02-13,2026-02-13,351.64,351.64,,0,Upfront
215296,2026-02-23,2027-02-23,2026-02-23,269.67,269.67,,0,Upfront
214619,2026-02-21,2027-02-21,2026-02-21,351.64,351.64,,0,Upfront
213346,2026-02-17,2027-02-17,2026-02-17,351.64,351.64,,0,Upfront
212934,2026-02-15,2027-02-15,2026-02-15,269.67,269.67,,0,Upfront
215956,2026-02-26,2027-02-27,2026-02-26,310.66,310.66,,0,Upfront
215011,2026-02-24,2027-02-24,2026-02-24,345.53,345.53,,0,Upfront
215020,2026-02-24,2027-02-24,2026-02-24,427.5,427.5,,0,Upfront
195131,2026-01-07,2027-01-07,2026-01-07,427.5,427.5,,0,Upfront
212559,2026-02-20,2027-02-20,2026-02-20,263.57,263.57,,0,Upfront
215775,2026-02-25,2027-02-25,2026-02-25,263.57,263.57,,0,Upfront
213879,2026-02-19,2027-02-19,2026-02-19,351.64,351.64,,0,Upfront
212567,2026-02-14,2027-02-14,2026-02-14,351.64,351.64,,0,Upfront
207972,2026-01-31,2027-01-31,2026-01-31,257.05,257.05,,0,Upfront
212888,2026-02-15,2027-02-15,2026-02-15,351.64,351.64,,0,Upfront
216085,2026-02-26,2027-02-26,2026-02-26,351.64,351.64,2026-02-27,81.97,Upfront
212564,2026-02-14,2027-02-14,2026-02-14,351.64,351.64,,0,Upfront
203484,2026-01-22,2027-01-22,2026-01-22,1033.36,1033.36,,0,Upfront
212939,2026-02-15,2027-02-15,2026-02-15,351.64,351.64,,0,Upfront
216412,2026-02-27,2027-02-27,2026-02-27,351.64,351.64,,0,Upfront
214208,2026-02-20,2027-02-20,2026-02-20,263.57,263.57,,0,Upfront
189485,2026-01-03,2027-01-03,2026-01-03,351.64,351.64,,0,Upfront
214612,2026-02-21,2027-02-21,2026-02-21,351.64,351.64,,0,Upfront
213883,2026-02-19,2027-02-19,2026-02-19,351.64,351.64,,0,Upfront
212937,2026-02-18,2027-02-18,2026-02-18,351.64,351.64,,0,Upfront
213347,2026-02-17,2027-02-17,2026-02-17,351.64,351.64,,0,Upfront
216419,2026-02-27,2027-02-27,2026-02-27,351.64,351.64,,0,Upfront
213603,2026-02-18,2027-02-18,2026-02-18,345.53,345.53,,0,Upfront
215059,2026-02-22,2027-02-22,2026-02-22,345.53,345.53,,0,Upfront
213200,2026-02-16,2027-02-16,2026-02-16,351.64,351.64,,0,Upfront
215512,2026-02-24,2027-02-24,2026-02-24,351.64,351.64,,0,Upfront
215013,2026-02-22,2027-02-22,2026-02-22,351.64,351.64,,0,Upfront
216833,2026-02-28,2027-02-28,2026-02-28,345.53,345.53,,0,Upfront
214618,2026-02-21,2027-02-21,2026-02-21,351.64,351.64,,0,Upfront
215511,2026-02-24,2027-02-24,2026-02-24,351.64,351.64,,0,Upfront
216076,2026-02-26,2027-02-26,2026-02-26,1033.36,1033.36,,0,Upfront
200280,2026-01-15,2027-01-15,2026-01-15,351.64,351.64,,0,Upfront
214620,2026-02-21,2027-02-21,2026-02-21,351.64,351.64,,0,Upfront
215333,2026-02-23,2027-02-23,2026-02-23,433.61,433.61,,0,Upfront
213389,2026-02-17,2027-02-17,2026-02-17,351.64,351.64,,0,Upfront
215017,2026-02-22,2027-02-22,2026-02-22,269.67,269.67,,0,Upfront
207405,2026-01-30,2027-01-30,2026-01-30,345.53,345.53,,0,Upfront
213385,2026-02-17,2027-02-17,2026-02-17,351.64,351.64,,0,Upfront
214615,2026-02-21,2027-02-21,2026-02-21,433.61,433.61,,0,Upfront
216430,2026-02-27,2027-02-27,2026-02-27,269.67,269.67,,0,Upfront
214219,2026-02-20,2027-02-20,2026-02-20,351.64,351.64,,0,Upfront
215784,2026-02-25,2027-02-25,2026-02-25,351.64,351.64,,0,Upfront
213388,2026-02-17,2027-02-17,2026-02-17,345.53,345.53,,0,Upfront
213390,2026-02-18,2027-02-18,2026-02-18,351.64,351.64,,0,Upfront
215335,2026-02-23,2027-02-23,2026-02-23,351.64,351.64,,0,Upfront
216084,2026-02-26,2027-02-26,2026-02-26,269.67,269.67,,0,Upfront
215297,2026-02-23,2027-02-23,2026-02-23,351.64,351.64,,0,Upfront
214617,2026-02-21,2027-02-21,2026-02-21,433.61,433.61,,0,Upfront
214216,2026-02-20,2027-02-20,2026-02-20,269.67,269.67,,0,Upfront
194833,2026-01-06,2027-01-06,2026-01-06,427.5,427.5,,0,Upfront
215019,2026-02-22,2027-02-22,2026-02-22,345.53,345.53,,0,Upfront
212881,2026-02-15,2027-02-15,2026-02-15,269.67,269.67,,0,Upfront
214215,2026-02-20,2027-02-20,2026-02-20,433.61,433.61,,0,Upfront
215578,2026-02-24,2027-02-24,2026-02-24,351.64,351.64,,0,Upfront
215016,2026-02-22,2027-02-22,2026-02-22,351.64,351.64,,0,Upfront
214616,2026-02-22,2027-02-22,2026-02-22,427.5,427.5,,0,Upfront
214637,2026-02-21,2027-02-21,2026-02-21,351.64,351.64,,0,Upfront
216413,2026-02-27,2027-02-27,2026-02-27,351.64,351.64,,0,Upfront
215299,2026-02-23,2027-02-23,2026-02-23,339.02,339.02,,0,Upfront
215786,2026-02-25,2027-02-25,2026-02-25,351.64,351.64,,0,Upfront
215056,2026-02-22,2027-02-22,2026-02-22,269.67,269.67,,0,Upfront
216081,2026-02-26,2027-02-26,2026-02-26,351.64,351.64,,0,Upfront
214640,2026-02-21,2027-02-21,2026-02-21,269.67,269.67,,0,Upfront
214638,2026-02-21,2027-02-21,2026-02-21,427.5,427.5,,0,Upfront
216889,2026-02-28,2027-02-28,2026-02-28,269.67,269.67,,0,Upfront
207662,2026-01-31,2027-01-31,2026-01-31,351.64,351.64,,0,Upfront
216886,2026-02-28,2027-02-28,2026-02-28,263.57,263.57,,0,Upfront
214643,2026-02-21,2027-02-21,2026-02-21,351.64,351.64,,0,Upfront
214636,2026-02-21,2027-02-21,2026-02-21,351.64,351.64,,0,Upfront
215014,2026-02-22,2027-02-22,2026-02-22,263.57,263.57,,0,Upfront
137956,2026-02-24,2027-02-24,2026-02-24,269.67,269.67,,0,Upfront
215018,2026-02-22,2027-02-22,2026-02-22,427.5,427.5,,0,Upfront
215514,2026-02-24,2027-02-24,2026-02-24,433.61,433.61,,0,Upfront
214644,2026-02-21,2027-02-21,2026-02-21,351.64,351.64,,0,Upfront
215058,2026-02-22,2027-02-22,2026-02-22,433.61,433.61,,0,Upfront
216414,2026-02-27,2027-02-27,2026-02-27,351.64,351.64,,0,Upfront
193942,2026-01-04,2027-01-04,2026-01-04,433.61,433.61,,0,Upfront
211851,2026-02-12,2027-02-12,2026-02-12,263.57,263.57,,0,Upfront
202762,2026-01-20,2027-01-20,2026-01-20,298.03,298.03,,0,Upfront
215785,2026-02-25,2027-02-25,2026-02-25,351.64,351.64,,0,Upfront
215513,2026-02-24,2027-02-24,2026-02-24,351.64,351.64,,0,Upfront
215334,2026-02-23,2027-02-23,2026-02-23,351.64,351.64,,0,Upfront
216867,2026-02-28,2027-02-28,2026-02-28,351.64,351.64,,0,Upfront
210479,2026-02-07,2027-02-07,2026-02-07,351.64,351.64,,0,Upfront
216073,2026-02-26,2027-02-26,2026-02-26,351.64,351.64,,0,Upfront
200305,2026-01-15,2027-01-15,2026-01-15,351.64,351.64,,0,Upfront
199419,2026-01-13,2027-01-13,2026-01-13,269.67,269.67,,0,Upfront
216862,2026-02-28,2027-02-28,2026-02-28,351.64,351.64,,0,Upfront
215577,2026-02-24,2027-02-24,2026-02-24,351.64,351.64,,0,Upfront
216861,2026-02-28,2027-02-28,2026-02-28,351.64,351.64,,0,Upfront
216417,2026-02-27,2027-02-27,2026-02-27,351.64,351.64,,0,Upfront
196089,2026-01-08,2027-01-08,2026-01-08,351.64,351.64,,0,Upfront
206056,2026-01-28,2027-01-28,2026-01-28,269.67,269.67,,0,Upfront
209902,2026-02-06,2027-02-06,2026-02-06,345.53,345.53,,0,Upfront
203631,2026-01-22,2027-01-22,2026-01-22,351.64,351.64,,0,Upfront
216868,2026-02-28,2027-02-28,2026-02-28,351.64,351.64,,0,Upfront
210795,2026-02-09,2027-02-09,2026-02-09,263.57,263.57,,0,Upfront
216433,2026-02-27,2027-02-27,2026-02-27,351.64,351.64,,0,Upfront
208398,2026-02-01,2027-02-01,2026-02-01,1192.38,1192.38,,0,Upfront
201686,2026-01-17,2027-01-17,2026-01-17,427.5,427.5,,0,Upfront
210370,2026-02-07,2027-02-07,2026-02-07,345.53,345.53,2026-02-27,345.53,Upfront
195300,2026-01-07,2027-01-07,2026-01-07,351.64,351.64,,0,Upfront
202713,2026-01-20,2027-01-20,2026-01-20,392.62,392.62,,0,Upfront
200792,2026-01-16,2027-01-16,2026-01-16,374.02,374.02,,0,Upfront
201162,2026-01-16,2027-01-16,2026-01-16,310.66,310.66,2026-01-21,40.98,Upfront
195304,2026-01-07,2027-01-07,2026-01-07,351.64,351.64,,0,Upfront
200950,2026-01-16,2027-01-16,2026-01-16,339.02,339.02,,0,Upfront
193633,2026-01-05,2027-01-05,2026-01-05,269.67,269.67,,0,Upfront
185655,2026-01-09,2027-01-09,2026-01-09,351.64,351.64,,0,Upfront
187400,2026-01-28,2027-01-28,2026-01-28,269.67,269.67,,0,Upfront
200114,2026-01-15,2027-01-15,2026-01-15,351.64,351.64,,0,Upfront
193069,2026-01-03,2027-01-03,2026-01-03,269.67,269.67,,0,Upfront
196289,2026-01-08,2027-01-08,2026-01-08,269.67,269.67,,0,Upfront
196344,2026-01-08,2027-01-08,2026-01-08,351.64,351.64,,0,Upfront
202237,2026-01-19,2027-01-19,2026-01-19,351.64,351.64,,0,Upfront
213812,2026-02-20,2027-02-20,2026-02-20,433.61,433.61,2026-02-25,433.61,Upfront
214278,2026-02-20,2027-02-20,2026-02-20,351.64,351.64,,0,Upfront
200641,2026-01-16,2027-01-16,2026-01-16,269.67,269.67,,0,Upfront
204195,2026-01-24,2027-01-24,2026-01-24,345.53,345.53,,0,Upfront
192778,2026-01-04,2027-01-04,2026-01-04,351.64,351.64,,0,Upfront
215119,2026-02-24,2027-02-24,2026-02-24,351.64,351.64,,0,Upfront
196290,2026-01-08,2027-01-08,2026-01-08,351.64,351.64,,0,Upfront
200946,2026-01-16,2027-01-16,2026-01-16,269.67,269.67,,0,Upfront
201719,2026-01-17,2027-01-17,2026-01-17,380,380,,0,Upfront
202843,2026-01-21,2027-01-21,2026-01-21,269.67,269.67,,0,Upfront
207832,2026-01-31,2027-01-31,2026-01-31,351.64,351.64,,0,Upfront
193649,2026-01-04,2027-01-04,2026-01-04,345.53,345.53,,0,Upfront
211531,2026-02-11,2027-02-11,2026-02-11,433.61,433.61,,0,Upfront
205400,2026-01-26,2027-01-26,2026-01-26,345.53,345.53,,0,Upfront
193681,2026-01-04,2027-01-04,2026-01-04,269.67,269.67,,0,Upfront
195305,2026-01-07,2027-01-07,2026-01-07,433.61,433.61,2026-01-10,433.61,Upfront
212439,2026-02-13,2027-02-13,2026-02-13,1233.36,1233.36,,0,Upfront
207858,2026-01-31,2027-01-31,2026-01-31,351.64,351.64,,0,Upfront
195968,2026-01-08,2027-01-08,2026-01-08,345.53,345.53,,0,Upfront
197603,2026-01-10,2027-01-10,2026-01-10,345.53,345.53,,0,Upfront
199248,2026-01-13,2027-01-13,2026-01-13,351.64,351.64,,0,Upfront
196702,2026-01-09,2027-01-09,2026-01-09,269.67,269.67,,0,Upfront
205084,2026-01-25,2027-01-25,2026-01-25,351.64,351.64,,0,Upfront
211918,2026-02-12,2027-02-12,2026-02-12,427.5,427.5,,0,Upfront
206143,2026-01-28,2027-01-28,2026-01-28,433.61,433.61,,0,Upfront
206679,2026-01-29,2027-01-29,2026-01-29,269.67,269.67,,0,Upfront
195969,2026-01-08,2027-01-08,2026-01-08,339.02,339.02,,0,Upfront
212751,2026-02-14,2027-02-14,2026-02-14,433.61,433.61,,0,Upfront
208261,2026-02-05,2027-02-05,2026-02-05,351.64,351.64,,0,Upfront
184264,2026-01-26,2027-01-26,2026-01-26,269.67,269.67,,0,Upfront
196837,2026-01-09,2027-01-09,2026-01-09,351.64,351.64,,0,Upfront
198734,2026-01-12,2027-01-12,2026-01-12,433.61,433.61,,0,Upfront
214477,2026-02-20,2027-02-20,2026-02-20,310.66,310.66,,0,Upfront
215196,2026-02-22,2027-02-22,2026-02-22,351.64,351.64,,0,Upfront
190093,2026-01-03,2027-01-03,2026-01-03,351.64,351.64,,0,Upfront
187835,2026-01-16,2027-01-16,2026-01-16,427.5,427.5,,0,Upfront
207079,2026-01-30,2027-01-30,2026-01-30,351.64,351.64,,0,Upfront
199519,2026-01-13,2027-01-13,2026-01-13,105.74,105.74,,0,Upfront
197618,2026-01-10,2027-01-10,2026-01-10,351.64,351.64,,0,Upfront
193958,2026-01-04,2027-01-04,2026-01-04,351.64,351.64,,0,Upfront
211129,2026-02-12,2027-02-12,2026-02-12,351.64,351.64,,0,Upfront
202080,2026-01-19,2027-01-19,2026-01-19,351.64,351.64,,0,Upfront
212195,2026-02-13,2027-02-13,2026-02-13,269.67,269.67,,0,Upfront
200091,2026-01-15,2027-01-15,2026-01-15,269.67,269.67,,0,Upfront
200967,2026-01-17,2027-01-17,2026-01-17,269.67,269.67,,0,Upfront
203359,2026-01-22,2027-01-22,2026-01-22,351.64,351.64,,0,Upfront
212619,2026-02-15,2027-02-15,2026-02-15,351.64,351.64,,0,Upfront
209135,2026-02-03,2027-02-03,2026-02-03,105.74,105.74,,0,Upfront
197624,2026-01-10,2027-01-10,2026-01-10,345.53,345.53,,0,Upfront
201233,2026-01-17,2027-01-17,2026-01-17,433.61,433.61,,0,Upfront
198337,2026-01-11,2027-01-11,2026-01-11,351.64,351.64,,0,Upfront
204412,2026-01-24,2027-01-24,2026-01-24,269.67,269.67,,0,Upfront
193118,2026-01-03,2027-01-03,2026-01-03,345.53,345.53,,0,Upfront
196041,2026-01-09,2027-01-09,2026-01-09,345.53,345.53,,0,Upfront
193067,2026-01-13,2027-01-13,2026-01-13,351.64,351.64,,0,Upfront
204161,2026-01-23,2027-01-23,2026-01-23,269.67,269.67,,0,Upfront
212021,2026-02-12,2027-02-12,2026-02-12,351.64,351.64,,0,Upfront
196868,2026-01-09,2027-01-09,2026-01-09,351.64,351.64,,0,Upfront
214195,2026-02-20,2027-02-20,2026-02-20,345.53,345.53,,0,Upfront
208778,2026-02-02,2027-02-02,2026-02-02,345.53,345.53,,0,Upfront
208883,2026-02-03,2027-02-03,2026-02-03,351.64,351.64,,0,Upfront
192769,2026-01-03,2027-01-03,2026-01-03,269.67,269.67,,0,Upfront
193054,2026-01-03,2027-01-03,2026-01-03,269.67,269.67,,0,Upfront
189411,2026-01-02,2027-01-02,2026-01-02,351.64,351.64,,0,Upfront
209822,2026-02-27,2027-02-27,2026-02-27,339.02,339.02,,0,Upfront
207150,2026-01-30,2027-01-30,2026-01-30,351.64,351.64,,0,Upfront
204133,2026-01-23,2027-01-23,2026-01-23,345.53,345.53,,0,Upfront
204994,2026-02-16,2027-02-16,2026-02-16,433.61,433.61,,0,Upfront
205072,2026-01-25,2027-01-25,2026-01-25,351.64,351.64,,0,Upfront
198310,2026-01-11,2027-01-11,2026-01-11,351.64,351.64,,0,Upfront
195303,2026-01-15,2027-01-15,2026-01-15,269.67,269.67,,0,Upfront
193638,2026-01-04,2027-01-04,2026-01-04,351.64,351.64,,0,Upfront
202234,2026-01-19,2027-01-19,2026-01-19,269.67,269.67,,0,Upfront
195970,2026-01-08,2027-01-08,2026-01-08,351.64,351.64,,0,Upfront
194382,2026-01-05,2027-01-05,2026-01-05,345.53,345.53,,0,Upfront
207124,2026-01-30,2027-01-30,2026-01-30,345.53,345.53,,0,Upfront
215286,2026-02-23,2027-02-23,2026-02-23,351.64,351.64,,0,Upfront
194837,2026-01-06,2027-01-06,2026-01-06,351.64,351.64,2026-01-24,351.64,Upfront
215117,2026-02-22,2027-02-22,2026-02-22,351.64,351.64,,0,Upfront
189302,2026-01-03,2027-01-03,2026-01-03,351.64,351.64,,0,Upfront
213071,2026-02-15,2027-02-15,2026-02-15,351.64,351.64,,0,Upfront
154611,2026-01-16,2027-01-16,2026-01-16,269.67,269.67,,0,Upfront
207086,2026-01-30,2027-01-30,2026-01-30,420.98,420.98,,0,Upfront
196102,2026-01-08,2027-01-08,2026-01-08,351.64,351.64,,0,Upfront
207136,2026-01-30,2027-01-30,2026-01-30,269.67,269.67,,0,Upfront
189007,2026-02-25,2027-02-25,2026-02-25,433.61,433.61,,0,Upfront
215859,2026-02-25,2027-02-25,2026-02-25,351.64,351.64,,0,Upfront
203145,2026-01-21,2027-01-21,2026-01-21,392.62,392.62,,0,Upfront
213551,2026-02-17,2027-02-18,2026-02-17,269.67,269.67,,0,Upfront
187685,2026-01-10,2027-01-10,2026-01-10,269.67,269.67,,0,Upfront
212525,2026-02-28,2027-02-28,2026-02-28,345.53,345.53,,0,Upfront
209924,2026-02-06,2027-02-06,2026-02-06,427.5,427.5,,0,Upfront
197602,2026-01-10,2027-01-10,2026-01-10,351.64,351.64,,0,Upfront
215112,2026-02-22,2027-02-22,2026-02-22,433.61,433.61,,0,Upfront
194999,2026-01-08,2027-01-08,2026-01-08,351.64,351.64,,0,Upfront
200121,2026-01-15,2027-01-15,2026-01-15,351.64,351.64,,0,Upfront
200794,2026-01-16,2027-01-16,2026-01-16,427.5,427.5,,0,Upfront
207139,2026-01-30,2027-01-30,2026-01-30,351.64,351.64,,0,Upfront
193102,2026-01-03,2027-01-03,2026-01-03,351.64,351.64,,0,Upfront
135021,2026-02-20,2027-02-20,2026-02-20,269.67,269.67,,0,Upfront
201389,2026-01-17,2027-01-17,2026-01-17,433.61,433.61,,0,Upfront
155839,2026-02-06,2027-02-06,2026-02-06,269.67,269.67,,0,Upfront
215187,2026-02-22,2027-02-22,2026-02-22,433.61,433.61,,0,Upfront
193107,2026-01-04,2027-01-04,2026-01-04,351.64,351.64,,0,Upfront
197606,2026-01-10,2027-01-10,2026-01-10,339.02,339.02,,0,Upfront
201745,2026-01-18,2027-01-18,2026-01-18,433.61,433.61,,0,Upfront
189131,2026-01-03,2027-01-03,2026-01-03,351.64,351.64,,0,Upfront
186959,2026-01-09,2027-01-09,2026-01-09,269.67,269.67,,0,Upfront
211979,2026-02-12,2027-02-12,2026-02-12,433.61,433.61,,0,Upfront
199484,2026-01-13,2027-01-13,2026-01-13,277.54,277.54,,0,Upfront
211123,2026-02-09,2027-02-09,2026-02-09,351.64,351.64,,0,Upfront
195302,2026-01-07,2027-01-07,2026-01-07,351.64,351.64,,0,Upfront
207089,2026-01-30,2027-01-30,2026-01-30,351.64,351.64,,0,Upfront
192111,2026-01-02,2027-01-02,2026-01-02,263.57,263.57,,0,Upfront
198483,2026-01-17,2027-01-17,2026-01-17,351.64,351.64,,0,Upfront
198900,2026-01-12,2027-01-12,2026-01-12,427.5,427.5,,0,Upfront
193650,2026-01-05,2027-01-05,2026-01-05,351.64,351.64,,0,Upfront
195338,2026-01-07,2027-01-07,2026-01-07,351.64,351.64,,0,Upfront
202082,2026-01-18,2027-01-18,2026-01-18,351.64,351.64,,0,Upfront
212127,2026-02-12,2027-02-12,2026-02-12,351.64,351.64,,0,Upfront
188183,2026-01-04,2027-01-04,2026-01-04,351.64,351.64,,0,Upfront
197617,2026-01-10,2027-01-10,2026-01-10,345.53,345.53,,0,Upfront
192761,2026-01-03,2027-01-03,2026-01-03,433.61,433.61,,0,Upfront
207138,2026-01-30,2027-01-30,2026-01-30,345.53,345.53,,0,Upfront
215103,2026-02-22,2027-02-22,2026-02-22,351.64,351.64,,0,Upfront
193954,2026-01-08,2027-01-08,2026-01-08,345.53,345.53,,0,Upfront
189431,2026-01-02,2027-01-02,2026-01-02,351.64,351.64,,0,Upfront
189043,2026-01-02,2027-01-02,2026-01-02,339.02,339.02,,0,Upfront
201737,2026-01-17,2027-01-17,2026-01-17,433.61,433.61,,0,Upfront
189397,2026-01-02,2027-01-02,2026-01-02,351.64,351.64,,0,Upfront
196558,2026-01-08,2027-01-08,2026-01-08,351.64,351.64,,0,Upfront
196057,2026-01-08,2027-01-08,2026-01-08,269.67,269.67,,0,Upfront
194825,2026-01-08,2027-01-08,2026-01-08,269.67,269.67,,0,Upfront
203289,2026-01-22,2027-01-22,2026-01-22,345.53,345.53,,0,Upfront
198914,2026-01-12,2027-01-12,2026-01-12,433.61,433.61,2026-01-17,433.61,Upfront
212461,2026-02-13,2027-02-13,2026-02-13,310.66,310.66,,0,Upfront
208108,2026-01-31,2027-01-31,2026-01-31,310.66,310.66,,0,Upfront
215610,2026-02-24,2027-02-24,2026-02-24,345.53,345.53,,0,Upfront
203286,2026-01-22,2027-01-22,2026-01-22,345.53,345.53,,0,Upfront
193050,2026-01-03,2027-01-03,2026-01-03,351.64,351.64,,0,Upfront
201408,2026-01-17,2027-01-17,2026-01-17,351.64,351.64,,0,Upfront
196689,2026-01-09,2027-01-09,2026-01-09,351.64,351.64,,0,Upfront
196082,2026-01-08,2027-01-08,2026-01-08,345.53,345.53,,0,Upfront
207140,2026-01-31,2027-01-31,2026-01-31,345.53,345.53,,0,Upfront
207834,2026-01-31,2027-01-31,2026-01-31,345.53,345.53,,0,Upfront
200094,2026-01-15,2027-01-15,2026-01-15,351.64,351.64,,0,Upfront
211380,2026-02-11,2027-02-11,2026-02-11,420.98,420.98,,0,Upfront
141711,2026-01-09,2027-01-09,2026-01-09,269.67,269.67,,0,Upfront
198307,2026-01-11,2027-01-11,2026-01-11,351.64,351.64,,0,Upfront
187027,2026-01-23,2027-01-23,2026-01-23,433.61,433.61,,0,Upfront
192719,2026-01-02,2027-01-02,2026-01-02,351.64,351.64,,0,Upfront
213428,2026-02-17,2027-02-17,2026-02-17,351.64,351.64,,0,Upfront
194899,2026-01-11,2027-01-11,2026-01-11,351.64,351.64,,0,Upfront
192770,2026-01-03,2027-01-03,2026-01-03,433.61,433.61,,0,Upfront
216946,2026-02-28,2027-02-28,2026-02-28,427.5,427.5,,0,Upfront
198920,2026-01-12,2027-01-12,2026-01-12,433.61,433.61,,0,Upfront
195327,2026-01-07,2027-01-07,2026-01-07,351.64,351.64,,0,Upfront
215502,2026-02-24,2027-02-24,2026-02-24,351.64,351.64,,0,Upfront
204265,2026-01-24,2027-01-24,2026-01-24,351.64,351.64,,0,Upfront
207093,2026-01-30,2027-01-30,2026-01-30,351.64,351.64,,0,Upfront
195891,2026-01-08,2027-01-09,2026-01-08,433.61,433.61,,0,Upfront
187447,2024-12-30,2027-01-14,2026-01-14,269.67,269.67,2026-01-24,81.97,Upfront
192121,2026-01-02,2027-01-02,2026-01-02,433.61,433.61,,0,Upfront
197424,2026-01-12,2027-01-12,2026-01-12,351.64,351.64,,0,Upfront
199739,2026-01-14,2027-01-14,2026-01-14,339.02,339.02,,0,Upfront
201409,2026-01-17,2027-01-17,2026-01-17,351.64,351.64,,0,Upfront
203613,2026-01-22,2027-01-22,2026-01-22,392.62,392.62,,0,Upfront
197810,2026-01-10,2027-01-10,2026-01-10,351.64,351.64,,0,Upfront
196262,2026-01-08,2027-01-08,2026-01-08,269.67,269.67,,0,Upfront
205078,2026-01-25,2027-01-25,2026-01-25,433.61,433.61,,0,Upfront
162523,2026-02-10,2027-02-10,2026-02-10,269.67,269.67,,0,Upfront
196699,2026-01-09,2027-01-09,2026-01-09,351.64,351.64,,0,Upfront
194997,2026-01-07,2027-01-07,2026-01-07,263.57,263.57,,0,Upfront
195342,2026-01-08,2027-01-08,2026-01-08,351.64,351.64,,0,Upfront
203847,2026-01-23,2027-01-23,2026-01-23,345.53,345.53,,0,Upfront
193076,2026-01-03,2027-01-03,2026-01-03,351.64,351.64,,0,Upfront
193073,2026-01-28,2027-01-28,2026-01-28,345.53,345.53,,0,Upfront
205250,2026-01-30,2027-01-30,2026-01-30,345.53,345.53,,0,Upfront
200750,2026-01-16,2027-01-16,2026-01-16,351.64,351.64,,0,Upfront
192787,2026-01-03,2027-01-03,2026-01-03,269.67,269.67,,0,Upfront
205741,2026-01-28,2027-01-28,2026-01-28,351.64,351.64,,0,Upfront
193937,2026-01-04,2027-01-04,2026-01-04,351.64,351.64,,0,Upfront
214397,2026-02-20,2027-02-20,2026-02-20,263.57,263.57,,0,Upfront
194834,2026-01-06,2027-01-06,2026-01-06,433.61,433.61,,0,Upfront
197984,2026-01-10,2027-01-10,2026-01-10,433.61,433.61,,0,Upfront
195346,2026-01-07,2027-01-07,2026-01-07,833.36,833.36,,0,Upfront
212187,2026-02-13,2027-02-13,2026-02-13,351.64,351.64,,0,Upfront
192102,2026-01-02,2027-01-02,2026-01-02,269.67,269.67,2026-01-09,269.67,Upfront
199732,2026-01-14,2027-01-14,2026-01-14,351.64,351.64,,0,Upfront
195951,2026-01-09,2027-01-09,2026-01-09,269.67,269.67,2026-01-14,269.67,Upfront
207672,2026-02-05,2027-02-05,2026-02-05,433.61,433.61,,0,Upfront
201981,2026-01-18,2027-01-18,2026-01-18,351.64,351.64,,0,Upfront
193368,2026-01-03,2027-01-03,2026-01-03,1199,1199,,0,Upfront
205699,2026-01-27,2027-01-27,2026-01-27,351.64,351.64,,0,Upfront
207362,2026-01-31,2027-01-31,2026-01-31,351.64,351.64,,0,Upfront
186550,2026-01-15,2027-01-15,2026-01-15,269.67,269.67,,0,Upfront
207976,2026-01-31,2027-01-31,2026-01-31,1233.36,1233.36,,0,Upfront
216602,2026-02-27,2027-02-27,2026-02-27,351.64,351.64,,0,Upfront
189360,2026-01-02,2027-01-02,2026-01-02,345.53,345.53,,0,Upfront
196825,2026-01-09,2027-01-09,2026-01-09,433.61,433.61,,0,Upfront
192101,2026-01-02,2027-01-02,2026-01-02,269.67,269.67,,0,Upfront
193641,2026-01-04,2027-01-04,2026-01-04,269.67,269.67,,0,Upfront
193046,2026-01-03,2027-01-03,2026-01-03,433.61,433.61,,0,Upfront
206516,2026-01-29,2027-01-29,2026-01-29,427.5,427.5,,0,Upfront
204421,2026-01-25,2027-01-25,2026-01-25,351.64,351.64,,0,Upfront
200797,2026-01-16,2027-01-16,2026-01-16,455.98,455.98,,0,Upfront
211985,2026-02-12,2027-02-12,2026-02-12,257.05,257.05,,0,Upfront
196822,2026-01-09,2027-01-09,2026-01-09,345.53,345.53,,0,Upfront
187399,2026-01-03,2027-01-03,2026-01-03,269.67,269.67,,0,Upfront
201395,2026-01-17,2027-01-17,2026-01-17,269.67,269.67,,0,Upfront
211262,2026-02-13,2027-02-13,2026-02-13,345.53,345.53,,0,Upfront
203836,2026-01-23,2027-01-23,2026-01-23,433.61,433.61,,0,Upfront
196284,2026-01-08,2027-01-08,2026-01-08,351.64,351.64,,0,Upfront
193956,2026-01-04,2027-01-04,2026-01-04,351.64,351.64,,0,Upfront
195328,2026-01-07,2027-01-07,2026-01-07,351.64,351.64,,0,Upfront
188613,2026-01-03,2027-01-03,2026-01-03,433.61,433.61,,0,Upfront
200123,2026-01-15,2027-01-15,2026-01-15,351.64,351.64,,0,Upfront
212883,2026-02-15,2027-02-15,2026-02-15,351.64,351.64,,0,Upfront
199563,2026-01-14,2027-01-14,2026-01-14,345.53,345.53,,0,Upfront
195311,2026-01-07,2027-01-07,2026-01-07,351.64,351.64,,0,Upfront
193058,2026-01-03,2027-01-03,2026-01-03,433.61,433.61,,0,Upfront
210877,2026-02-08,2027-02-08,2026-02-08,351.64,351.64,,0,Upfront
210483,2026-02-07,2027-02-07,2026-02-07,351.64,351.64,,0,Upfront
195312,2026-01-07,2027-01-07,2026-01-07,427.5,427.5,,0,Upfront
210473,2026-02-07,2027-02-07,2026-02-07,269.67,269.67,,0,Upfront
200541,2026-01-29,2027-01-29,2026-01-29,351.64,351.64,,0,Upfront
198510,2026-01-11,2027-01-11,2026-01-11,351.64,351.64,,0,Upfront
196878,2026-01-09,2027-01-09,2026-01-09,263.57,263.57,,0,Upfront
166353,2024-09-07,2026-09-07,2026-01-15,882.54,882.54,,0,Upfront
195310,2026-01-07,2027-01-07,2026-01-07,351.64,351.64,,0,Upfront
196076,2026-01-08,2027-01-08,2026-01-08,351.64,351.64,,0,Upfront
216139,2026-02-26,2027-02-26,2026-02-26,269.67,269.67,,0,Upfront
188098,2026-01-02,2027-01-02,2026-01-02,351.64,351.64,,0,Upfront
195315,2026-01-07,2027-01-07,2026-01-07,433.61,433.61,,0,Upfront
187810,2026-01-03,2027-01-03,2026-01-03,433.61,433.61,,0,Upfront
193978,2026-01-04,2027-01-04,2026-01-04,433.61,433.61,,0,Upfront
197601,2026-01-10,2027-01-10,2026-01-10,269.67,269.67,,0,Upfront
217084,2026-02-28,2027-02-28,2026-02-28,351.64,351.64,,0,Upfront
195348,2026-01-08,2027-01-08,2026-01-08,351.64,351.64,,0,Upfront
203358,2026-01-26,2027-01-26,2026-01-26,1364,1364,,0,Upfront
192765,2026-01-03,2027-01-03,2026-01-03,433.61,433.61,,0,Upfront
212636,2026-02-14,2027-02-14,2026-02-14,269.67,269.67,,0,Upfront
199421,2026-01-13,2027-01-13,2026-01-13,105.74,105.74,,0,Upfront
216509,2026-02-27,2027-02-27,2026-02-27,269.67,269.67,,0,Upfront
193975,2026-01-04,2027-01-04,2026-01-04,433.61,433.61,,0,Upfront
193084,2026-01-03,2027-01-03,2026-01-03,339.02,339.02,,0,Upfront
202247,2026-01-19,2027-01-19,2026-01-19,427.5,427.5,,0,Upfront
205404,2026-01-26,2027-01-26,2026-01-26,351.64,351.64,,0,Upfront
196820,2026-01-09,2027-01-09,2026-01-09,351.64,351.64,,0,Upfront
193963,2026-01-04,2027-01-04,2026-01-04,269.67,269.67,,0,Upfront
204668,2026-01-24,2027-01-24,2026-01-24,105.74,105.74,,0,Upfront
195323,2026-01-07,2027-01-07,2026-01-07,269.67,269.67,,0,Upfront
207145,2026-01-30,2027-01-30,2026-01-30,427.5,427.5,,0,Upfront
207847,2026-01-31,2027-01-31,2026-01-31,351.64,351.64,,0,Upfront
197607,2026-01-10,2027-01-10,2026-01-10,269.67,269.67,,0,Upfront
195307,2026-01-07,2027-01-07,2026-01-07,351.64,351.64,,0,Upfront
211148,2026-02-09,2027-02-09,2026-02-09,345.53,345.53,,0,Upfront
202844,2026-01-21,2027-01-21,2026-01-21,269.67,269.67,,0,Upfront
193686,2026-01-04,2027-01-04,2026-01-04,351.64,351.64,,0,Upfront
195329,2026-01-07,2027-01-07,2026-01-07,433.61,433.61,,0,Upfront
193563,2026-01-04,2027-01-04,2026-01-04,1233.36,1233.36,,0,Upfront
189094,2026-01-02,2027-01-02,2026-01-02,269.67,269.67,,0,Upfront
194485,2026-01-05,2027-01-05,2026-01-05,433.61,433.61,,0,Upfront
212631,2026-02-14,2027-02-14,2026-02-14,351.64,351.64,,0,Upfront
194831,2026-01-06,2027-01-06,2026-01-06,420.98,420.98,,0,Upfront
188341,2026-01-02,2027-01-02,2026-01-02,351.64,351.64,,0,Upfront
197631,2026-01-11,2027-01-11,2026-01-11,263.57,263.57,,0,Upfront
193060,2026-01-03,2027-01-03,2026-01-03,351.64,351.64,,0,Upfront
201956,2026-01-18,2027-01-18,2026-01-18,427.5,427.5,2026-01-24,427.5,Upfront
205883,2026-01-28,2027-01-29,2026-01-28,1192.38,1192.38,,0,Upfront
193096,2026-01-03,2027-01-03,2026-01-03,351.64,351.64,,0,Upfront
195332,2026-01-07,2027-01-07,2026-01-07,345.53,345.53,,0,Upfront
203838,2026-01-23,2027-01-23,2026-01-23,339.02,339.02,,0,Upfront
201515,2026-01-17,2027-01-17,2026-01-17,351.64,351.64,,0,Upfront
213805,2026-02-18,2027-02-18,2026-02-18,310.66,310.66,,0,Upfront
195320,2026-01-07,2027-01-07,2026-01-07,351.64,351.64,,0,Upfront
186738,2026-01-07,2027-01-07,2026-01-07,269.67,269.67,,0,Upfront
209089,2026-02-03,2027-02-03,2026-02-03,1233.36,1233.36,,0,Upfront
205379,2026-01-26,2027-01-26,2026-01-26,427.5,427.5,2026-01-29,427.5,Upfront
206850,2026-01-30,2027-01-30,2026-01-30,284.36,284.36,2026-01-31,284.36,Upfront
212811,2026-02-24,2027-02-24,2026-02-24,427.5,427.5,2026-03-07,40.98,Upfront
189293,2026-01-03,2027-01-03,2026-01-03,351.64,351.64,,0,Upfront
195322,2026-01-07,2027-01-07,2026-01-07,433.61,433.61,,0,Upfront
193961,2026-01-04,2027-01-04,2026-01-04,351.64,351.64,,0,Upfront
195316,2026-01-07,2027-01-07,2026-01-07,351.64,351.64,,0,Upfront
195318,2026-01-07,2027-01-07,2026-01-07,351.64,351.64,,0,Upfront
196839,2026-01-09,2027-01-09,2026-01-09,292.05,292.05,,0,Upfront
207129,2026-01-30,2027-01-30,2026-01-30,351.64,351.64,,0,Upfront
198130,2026-01-11,2027-01-11,2026-01-11,269.67,269.67,,0,Upfront
198910,2026-01-12,2027-01-12,2026-01-12,351.64,351.64,,0,Upfront
200768,2026-01-16,2027-01-16,2026-01-16,269.67,269.67,,0,Upfront
204981,2026-01-25,2027-01-25,2026-01-25,263.57,263.57,,0,Upfront
205896,2026-01-27,2027-01-27,2026-01-27,269.67,269.67,,0,Upfront
195341,2026-01-09,2027-01-09,2026-01-09,433.61,433.61,,0,Upfront
195343,2026-01-07,2027-01-07,2026-01-07,263.57,263.57,,0,Upfront
195313,2026-01-07,2027-01-07,2026-01-07,269.67,269.67,,0,Upfront
199452,2026-01-13,2027-01-13,2026-01-13,310.66,310.66,,0,Upfront
201979,2026-01-18,2027-01-18,2026-01-18,433.61,433.61,,0,Upfront
200100,2026-01-16,2027-01-16,2026-01-16,351.64,351.64,,0,Upfront
197629,2026-01-10,2027-01-10,2026-01-10,345.53,345.53,,0,Upfront
207660,2026-02-13,2027-02-13,2026-02-13,433.61,433.61,2026-03-05,433.61,Upfront
197586,2026-01-10,2027-01-10,2026-01-10,351.64,351.64,,0,Upfront
211485,2026-02-11,2027-02-11,2026-02-11,1033.36,1033.36,2026-02-18,1033.36,Upfront
214354,2026-02-20,2027-02-20,2026-02-20,351.64,351.64,,0,Upfront
207149,2026-01-30,2027-01-30,2026-01-30,351.64,351.64,,0,Upfront
195326,2026-01-07,2027-01-07,2026-01-07,351.64,351.64,,0,Upfront
201807,2026-01-18,2027-01-18,2026-01-18,433.61,433.61,,0,Upfront
197582,2026-01-10,2027-01-10,2026-01-10,351.64,351.64,,0,Upfront
197351,2026-01-09,2027-01-09,2026-01-09,263.57,263.57,,0,Upfront
196827,2026-01-09,2027-01-09,2026-01-09,339.02,339.02,,0,Upfront
197580,2026-01-10,2027-01-10,2026-01-10,351.64,351.64,,0,Upfront
195001,2026-01-08,2027-01-08,2026-01-08,269.67,269.67,,0,Upfront
201504,2026-01-17,2027-01-17,2026-01-17,351.64,351.64,,0,Upfront
201980,2026-01-19,2027-01-19,2026-01-19,433.61,433.61,,0,Upfront
207132,2026-01-30,2027-01-30,2026-01-30,351.64,351.64,,0,Upfront
193113,2026-01-03,2027-01-03,2026-01-03,433.61,433.61,,0,Upfront
200124,2026-01-15,2027-01-15,2026-01-15,345.53,345.53,,0,Upfront
192782,2026-01-03,2027-01-03,2026-01-03,345.53,345.53,,0,Upfront
217113,2026-02-28,2027-02-28,2026-02-28,427.5,427.5,,0,Upfront
203840,2026-02-05,2027-02-05,2026-02-05,351.64,351.64,,0,Upfront
194840,2026-01-06,2027-01-06,2026-01-06,339.02,339.02,,0,Upfront
192786,2026-01-03,2027-01-03,2026-01-03,351.64,351.64,,0,Upfront
195324,2026-01-07,2027-01-07,2026-01-07,351.64,351.64,,0,Upfront
194656,2026-01-06,2027-01-06,2026-01-06,351.64,351.64,,0,Upfront
210656,2026-02-08,2027-02-08,2026-02-08,351.64,351.64,,0,Upfront
194483,2026-01-05,2027-01-05,2026-01-05,351.64,351.64,,0,Upfront
199644,2026-01-14,2027-01-14,2026-01-14,269.67,269.67,,0,Upfront
196038,2026-01-09,2027-01-09,2026-01-09,345.53,345.53,2026-01-27,345.53,Upfront
195973,2026-01-15,2027-01-15,2026-01-15,1233.36,1233.36,,0,Upfront
205394,2026-01-26,2027-01-26,2026-01-26,351.64,351.64,,0,Upfront
192772,2026-01-03,2027-01-03,2026-01-03,269.67,269.67,,0,Upfront
210786,2026-02-08,2027-02-08,2026-02-08,433.61,433.61,,0,Upfront
200653,2026-01-16,2027-01-16,2026-01-16,351.64,351.64,,0,Upfront
208492,2026-02-03,2027-02-03,2026-02-03,351.64,351.64,,0,Upfront
194484,2026-01-05,2027-01-05,2026-01-05,351.64,351.64,,0,Upfront
205574,2026-01-28,2027-01-28,2026-01-28,269.67,269.67,,0,Upfront
208768,2026-02-02,2027-02-02,2026-02-02,345.53,345.53,,0,Upfront
204996,2026-01-25,2027-01-25,2026-01-25,351.64,351.64,,0,Upfront
203993,2026-01-23,2027-01-23,2026-01-23,420.98,420.98,,0,Upfront
195958,2026-01-08,2027-01-08,2026-01-08,351.64,351.64,,0,Upfront
189472,2026-01-03,2027-01-03,2026-01-03,351.64,351.64,,0,Upfront
208884,2026-02-03,2027-02-03,2026-02-03,269.67,269.67,,0,Upfront
198329,2026-01-11,2027-01-11,2026-01-11,351.64,351.64,,0,Upfront
189387,2026-01-03,2027-01-03,2026-01-03,433.61,433.61,,0,Upfront
212628,2026-02-14,2027-02-14,2026-02-14,433.61,433.61,,0,Upfront
196067,2026-01-08,2027-01-08,2026-01-08,351.64,351.64,,0,Upfront
184467,2026-02-28,2027-02-28,2026-02-28,269.67,269.67,,0,Upfront
213510,2026-02-17,2027-02-17,2026-02-17,345.53,345.53,,0,Upfront
211828,2026-02-11,2027-02-11,2026-02-11,433.61,433.61,,0,Upfront
193042,2026-01-03,2027-01-03,2026-01-03,351.64,351.64,,0,Upfront
203854,2026-01-24,2027-01-24,2026-01-24,351.64,351.64,,0,Upfront
202850,2026-01-21,2027-01-21,2026-01-21,351.64,351.64,,0,Upfront
199256,2026-01-13,2027-01-13,2026-01-13,351.64,351.64,,0,Upfront
193088,2026-01-03,2027-01-03,2026-01-03,433.61,433.61,,0,Upfront
196847,2026-01-09,2027-01-09,2026-01-09,351.64,351.64,,0,Upfront
216974,2026-02-28,2027-02-28,2026-02-28,351.64,351.64,,0,Upfront
207835,2026-01-31,2027-01-31,2026-01-31,433.61,433.61,,0,Upfront
214284,2026-02-20,2027-02-20,2026-02-20,351.64,351.64,,0,Upfront
193947,2026-01-04,2027-01-04,2026-01-04,351.64,351.64,,0,Upfront
199260,2026-01-13,2027-01-13,2026-01-13,351.64,351.64,,0,Upfront
193119,2026-01-03,2027-01-03,2026-01-03,420.98,420.98,,0,Upfront
206494,2026-02-01,2027-02-01,2026-02-01,345.53,345.53,,0,Upfront
204270,2026-01-24,2027-01-24,2026-01-24,345.53,345.53,,0,Upfront
193081,2026-01-03,2027-01-03,2026-01-03,351.64,351.64,,0,Upfront
196083,2026-01-08,2027-01-08,2026-01-08,351.64,351.64,,0,Upfront
194846,2026-01-08,2027-01-08,2026-01-08,433.61,433.61,,0,Upfront
195314,2026-01-07,2027-01-07,2026-01-07,345.53,345.53,,0,Upfront
194496,2026-01-07,2027-01-07,2026-01-07,345.53,345.53,,0,Upfront
192773,2026-01-03,2027-01-03,2026-01-03,351.64,351.64,,0,Upfront
214287,2026-02-20,2027-02-20,2026-02-20,339.02,339.02,,0,Upfront
201958,2026-01-18,2027-01-18,2026-01-18,351.64,351.64,,0,Upfront
196047,2026-01-08,2027-01-08,2026-01-08,351.64,351.64,,0,Upfront
195952,2026-01-08,2027-01-08,2026-01-08,420.98,420.98,2026-01-14,420.98,Upfront
188355,2026-01-02,2027-01-02,2026-01-02,351.64,351.64,,0,Upfront
189121,2026-01-03,2027-01-03,2026-01-03,433.61,433.61,,0,Upfront
192156,2026-01-02,2027-01-02,2026-01-02,1192.38,1192.38,,0,Upfront
195964,2026-01-08,2027-01-08,2026-01-08,351.64,351.64,,0,Upfront
212626,2026-02-14,2027-02-14,2026-02-14,351.64,351.64,,0,Upfront
206474,2026-01-29,2027-01-29,2026-01-29,433.61,433.61,,0,Upfront
200132,2026-01-15,2027-01-15,2026-01-15,351.64,351.64,,0,Upfront
196072,2026-01-08,2027-01-08,2026-01-08,433.61,433.61,,0,Upfront
199646,2026-01-14,2027-01-14,2026-01-14,433.61,433.61,2026-01-24,433.61,Upfront
198737,2026-01-12,2027-01-12,2026-01-12,351.64,351.64,,0,Upfront
188350,2026-01-03,2027-01-03,2026-01-03,351.64,351.64,,0,Upfront
195227,2026-01-07,2027-01-07,2026-01-07,1233.36,1233.36,,0,Upfront
205067,2026-01-25,2027-01-25,2026-01-25,433.61,433.61,2026-01-27,433.61,Upfront
195347,2026-01-07,2027-01-07,2026-01-07,433.61,433.61,,0,Upfront
211436,2026-02-10,2027-02-10,2026-02-10,351.64,351.64,,0,Upfront
212364,2026-02-13,2027-02-13,2026-02-13,351.64,351.64,,0,Upfront
204684,2026-01-24,2027-01-24,2026-01-24,310.66,310.66,,0,Upfront
207366,2026-01-30,2027-01-30,2026-01-30,351.64,351.64,,0,Upfront
198333,2026-01-11,2027-01-11,2026-01-11,351.64,351.64,,0,Upfront
195331,2026-01-07,2027-01-07,2026-01-07,351.64,351.64,,0,Upfront
195785,2026-01-07,2027-01-07,2026-01-07,351.64,351.64,,0,Upfront
189456,2026-01-05,2027-01-05,2026-01-05,433.61,433.61,,0,Upfront
208767,2026-02-02,2027-02-02,2026-02-02,351.64,351.64,,0,Upfront
203834,2026-01-23,2027-01-23,2026-01-23,374.02,374.02,,0,Upfront
195344,2026-01-09,2027-01-09,2026-01-09,345.53,345.53,,0,Upfront
207950,2026-01-31,2027-01-31,2026-01-31,433.61,433.61,,0,Upfront
194146,2026-01-04,2027-01-04,2026-01-04,351.64,351.64,,0,Upfront
196059,2026-01-08,2027-01-08,2026-01-08,427.5,427.5,,0,Upfront
212280,2026-02-13,2027-02-13,2026-02-13,351.64,351.64,,0,Upfront
194826,2026-01-06,2027-01-06,2026-01-06,351.64,351.64,,0,Upfront
195335,2026-01-07,2027-01-07,2026-01-07,269.67,269.67,,0,Upfront
203331,2026-01-22,2027-01-22,2026-01-22,339.02,339.02,,0,Upfront
201376,2026-01-17,2027-01-17,2026-01-17,351.64,351.64,,0,Upfront
198898,2026-01-12,2027-01-12,2026-01-12,433.61,433.61,,0,Upfront
193091,2026-01-03,2027-01-03,2026-01-03,351.64,351.64,,0,Upfront
195321,2026-01-07,2027-01-07,2026-01-07,269.67,269.67,,0,Upfront
195336,2026-01-07,2027-01-07,2026-01-07,351.64,351.64,,0,Upfront
199639,2026-01-14,2027-01-14,2026-01-14,345.53,345.53,,0,Upfront
213233,2026-02-16,2027-02-16,2026-02-16,351.64,351.64,,0,Upfront
195339,2026-01-07,2027-01-07,2026-01-07,269.67,269.67,,0,Upfront
212454,2026-02-13,2027-02-13,2026-02-13,351.64,351.64,,0,Upfront
200126,2026-01-15,2027-01-15,2026-01-15,345.53,345.53,,0,Upfront
215099,2026-02-22,2027-02-22,2026-02-22,345.53,345.53,,0,Upfront
201771,2026-01-20,2027-01-20,2026-01-20,269.67,269.67,,0,Upfront
213696,2026-02-18,2027-02-18,2026-02-18,351.64,351.64,,0,Upfront
210009,2026-02-06,2027-02-06,2026-02-06,351.64,351.64,,0,Upfront
205798,2026-01-27,2027-01-27,2026-01-27,351.64,351.64,,0,Upfront
196817,2026-01-10,2027-01-10,2026-01-10,345.53,345.53,,0,Upfront
196833,2026-01-09,2027-01-09,2026-01-09,351.64,351.64,,0,Upfront
202925,2026-01-21,2027-01-21,2026-01-21,263.57,263.57,,0,Upfront
211124,2026-02-09,2027-02-09,2026-02-09,345.53,345.53,,0,Upfront
196040,2026-01-08,2027-01-08,2026-01-08,345.53,345.53,,0,Upfront
203333,2026-01-22,2027-01-22,2026-01-22,351.64,351.64,,0,Upfront
195333,2026-01-07,2027-01-07,2026-01-07,433.61,433.61,,0,Upfront
192610,2026-01-02,2027-01-02,2026-01-02,105.74,105.74,,0,Upfront
203329,2026-01-22,2027-01-22,2026-01-22,433.61,433.61,,0,Upfront
213933,2026-02-19,2027-02-19,2026-02-19,345.53,345.53,,0,Upfront
179859,2026-02-14,2027-02-14,2026-02-14,269.67,269.67,,0,Upfront
193075,2026-01-03,2027-01-03,2026-01-03,351.64,351.64,,0,Upfront
185801,2026-01-13,2027-01-13,2026-01-13,269.67,269.67,,0,Upfront
196873,2026-01-09,2027-01-09,2026-01-09,433.61,433.61,,0,Upfront
195308,2026-01-07,2027-01-07,2026-01-07,351.64,351.64,,0,Upfront
202958,2026-01-21,2027-01-21,2026-01-21,269.67,269.67,,0,Upfront
202400,2026-01-19,2027-01-19,2026-01-19,351.64,351.64,,0,Upfront
195330,2026-01-08,2027-01-08,2026-01-08,263.57,263.57,,0,Upfront
215756,2026-02-24,2027-02-24,2026-02-24,351.64,351.64,,0,Upfront
213821,2026-02-19,2027-02-19,2026-02-19,351.64,351.64,,0,Upfront
195309,2026-01-07,2027-01-07,2026-01-07,427.5,427.5,,0,Upfront
200120,2026-01-15,2027-01-15,2026-01-15,351.64,351.64,,0,Upfront
200115,2026-01-15,2027-01-15,2026-01-15,351.64,351.64,,0,Upfront
197608,2026-01-10,2027-01-10,2026-01-10,351.64,351.64,,0,Upfront
210797,2026-02-08,2027-02-08,2026-02-08,345.53,345.53,,0,Upfront
197597,2026-01-10,2027-01-10,2026-01-10,351.64,351.64,,0,Upfront
196881,2026-01-09,2027-01-09,2026-01-09,345.53,345.53,,0,Upfront
189420,2026-01-04,2027-01-04,2026-01-04,351.64,351.64,,0,Upfront
193122,2026-01-03,2027-01-03,2026-01-03,345.53,345.53,,0,Upfront
194841,2026-01-07,2027-01-07,2026-01-07,433.61,433.61,,0,Upfront
193945,2026-01-04,2027-01-04,2026-01-04,433.61,433.61,,0,Upfront
204973,2026-01-25,2027-01-25,2026-01-25,351.64,351.64,,0,Upfront
198309,2026-01-11,2027-01-11,2026-01-11,351.64,351.64,,0,Upfront
196103,2026-01-08,2027-01-08,2026-01-08,269.67,269.67,,0,Upfront
210379,2026-02-07,2027-02-07,2026-02-07,433.61,433.61,,0,Upfront
201232,2026-01-17,2027-01-17,2026-01-17,351.64,351.64,,0,Upfront
196078,2026-01-09,2027-01-09,2026-01-09,351.64,351.64,,0,Upfront
206513,2026-01-29,2027-01-29,2026-01-29,351.64,351.64,,0,Upfront
199922,2026-01-15,2027-01-15,2026-01-15,433.61,433.61,,0,Upfront
193111,2026-01-03,2027-01-03,2026-01-03,351.64,351.64,,0,Upfront
209141,2026-02-04,2027-02-04,2026-02-04,351.64,351.64,,0,Upfront
194592,2026-01-05,2027-01-05,2026-01-05,433.61,433.61,,0,Upfront
189483,2026-01-03,2027-01-03,2026-01-03,345.53,345.53,,0,Upfront
202853,2026-01-22,2027-01-22,2026-01-22,345.53,345.53,,0,Upfront
193072,2026-01-03,2027-01-03,2026-01-03,351.64,351.64,,0,Upfront
197764,2026-01-10,2027-01-10,2026-01-10,1033.36,1033.36,,0,Upfront
200481,2026-01-16,2027-01-17,2026-01-16,345.53,345.53,,0,Upfront
199539,2026-01-14,2027-01-14,2026-01-14,269.67,269.67,,0,Upfront
189312,2026-01-08,2027-01-08,2026-01-08,351.64,351.64,,0,Upfront
194357,2026-01-06,2027-01-06,2026-01-06,351.64,351.64,,0,Upfront
203851,2026-01-23,2027-01-23,2026-01-23,351.64,351.64,,0,Upfront
199912,2026-01-15,2027-01-15,2026-01-15,292.56,292.56,,0,Upfront
200579,2024-11-29,2026-11-29,2026-01-16,433.61,433.61,,0,Upfront
206944,2026-01-31,2027-01-31,2026-01-31,269.67,269.67,,0,Upfront
196854,2026-01-09,2027-01-09,2026-01-09,351.64,351.64,,0,Upfront
196050,2026-01-08,2027-01-08,2026-01-08,351.64,351.64,,0,Upfront
193636,2026-01-04,2027-01-04,2026-01-04,433.61,433.61,,0,Upfront
195340,2026-01-07,2027-01-07,2026-01-07,351.64,351.64,,0,Upfront
194501,2026-01-16,2027-01-16,2026-01-16,992.38,992.38,2026-01-22,992.38,Upfront
209365,2026-02-05,2027-02-05,2026-02-05,992.38,992.38,,0,Upfront
193044,2026-01-03,2027-01-03,2026-01-03,351.64,351.64,,0,Upfront
196858,2026-01-09,2027-01-09,2026-01-09,374.02,374.02,,0,Upfront
198743,2026-01-12,2027-01-12,2026-01-12,351.64,351.64,,0,Upfront
195334,2026-01-07,2027-01-07,2026-01-07,345.53,345.53,,0,Upfront
200104,2026-01-15,2027-01-15,2026-01-15,345.53,345.53,,0,Upfront
195133,2026-01-07,2027-01-07,2026-01-07,351.64,351.64,,0,Upfront
192120,2026-01-02,2027-01-02,2026-01-02,351.64,351.64,2026-02-10,351.64,Upfront
211464,2026-02-21,2027-02-21,2026-02-21,1033.36,1033.36,,0,Upfront
216950,2026-02-28,2027-02-28,2026-02-28,345.53,345.53,,0,Upfront
202394,2026-01-19,2027-01-19,2026-01-19,345.53,345.53,,0,Upfront
201968,2026-01-18,2027-01-18,2026-01-18,345.53,345.53,,0,Upfront
204257,2026-01-24,2027-01-24,2026-01-24,351.64,351.64,,0,Upfront
201795,2026-01-21,2027-01-21,2026-01-21,374.02,374.02,,0,Upfront
209078,2026-02-03,2027-02-03,2026-02-03,269.67,269.67,2026-02-20,269.67,Upfront
216507,2026-02-27,2027-02-27,2026-02-27,269.67,269.67,,0,Upfront
195325,2026-01-07,2027-01-07,2026-01-07,433.61,433.61,,0,Upfront
194353,2026-01-07,2027-01-07,2026-01-07,433.61,433.61,,0,Upfront
194495,2026-01-05,2027-01-05,2026-01-05,351.64,351.64,,0,Upfront
193966,2026-01-04,2027-01-04,2026-01-04,351.64,351.64,,0,Upfront
198152,2026-01-13,2027-01-13,2026-01-13,351.64,351.64,,0,Upfront
195005,2026-01-08,2027-01-08,2026-01-08,433.61,433.61,,0,Upfront
192781,2026-01-03,2027-01-03,2026-01-03,351.64,351.64,,0,Upfront
194998,2026-01-07,2027-01-07,2026-01-07,345.53,345.53,,0,Upfront
200799,2026-01-16,2027-01-16,2026-01-16,263.57,263.57,,0,Upfront
212285,2026-02-13,2027-02-13,2026-02-13,433.61,433.61,,0,Upfront
196105,2026-01-08,2027-01-08,2026-01-08,351.64,351.64,,0,Upfront
195317,2026-01-07,2027-01-07,2026-01-07,345.53,345.53,,0,Upfront
189134,2026-01-02,2027-01-02,2026-01-02,269.67,269.67,,0,Upfront
192768,2026-01-03,2027-01-03,2026-01-03,351.64,351.64,,0,Upfront
195337,2026-01-07,2027-01-07,2026-01-07,351.64,351.64,,0,Upfront
197321,2026-01-09,2027-01-09,2026-01-09,269.67,269.67,,0,Upfront
205516,2026-01-26,2027-01-26,2026-01-26,351.64,351.64,,0,Upfront
189468,2026-01-03,2027-01-03,2026-01-03,351.64,351.64,,0,Upfront
188337,2026-01-02,2027-01-02,2026-01-02,433.61,433.61,,0,Upfront
196087,2026-01-08,2027-01-08,2026-01-08,345.53,345.53,,0,Upfront
196052,2026-01-08,2027-01-08,2026-01-08,351.64,351.64,,0,Upfront
195345,2026-01-07,2027-01-07,2026-01-07,351.64,351.64,,0,Upfront
198915,2026-01-12,2027-01-12,2026-01-12,351.64,351.64,,0,Upfront
198895,2026-01-12,2027-01-12,2026-01-12,351.64,351.64,,0,Upfront
199095,2026-01-13,2027-01-13,2026-01-13,433.61,433.61,,0,Upfront
189379,2026-01-02,2027-01-02,2026-01-02,433.61,433.61,,0,Upfront
194845,2026-01-06,2027-01-06,2026-01-06,433.61,433.61,,0,Upfront
206486,2026-01-30,2027-01-30,2026-01-30,345.53,345.53,,0,Upfront
196039,2026-01-08,2027-01-08,2026-01-08,351.64,351.64,,0,Upfront
200632,2026-01-16,2027-01-16,2026-01-15,228.69,228.69,,0,Upfront
193100,2026-01-03,2027-01-03,2026-01-03,345.53,345.53,,0,Upfront
212639,2026-02-14,2027-02-14,2026-02-14,351.64,351.64,,0,Upfront
195319,2026-01-07,2027-01-07,2026-01-07,351.64,351.64,,0,Upfront
197591,2026-01-10,2027-01-10,2026-01-10,269.67,269.67,,0,Upfront
207097,2026-01-30,2027-01-30,2026-01-30,351.64,351.64,,0,Upfront
196090,2026-01-09,2027-01-09,2026-01-09,351.64,351.64,,0,Upfront
195349,2026-01-07,2027-01-07,2026-01-07,345.53,345.53,,0,Upfront
195137,2026-01-08,2027-01-08,2026-01-08,351.64,351.64,,0,Upfront
199259,2026-01-15,2027-01-15,2026-01-15,345.53,345.53,,0,Upfront
195366,2026-01-07,2027-01-07,2026-01-07,345.53,345.53,,0,Upfront
195407,2026-01-07,2027-01-07,2026-01-07,427.5,427.5,,0,Upfront
196828,2026-01-09,2027-01-09,2026-01-09,351.64,351.64,,0,Upfront
189368,2026-01-02,2027-01-02,2026-01-02,433.61,433.61,,0,Upfront
208877,2026-02-03,2027-02-03,2026-02-03,345.53,345.53,,0,Upfront
198317,2026-01-11,2027-01-11,2026-01-11,433.61,433.61,,0,Upfront
193051,2026-01-03,2027-01-03,2026-01-03,351.64,351.64,,0,Upfront
195386,2026-01-07,2027-01-07,2026-01-07,345.53,345.53,,0,Upfront
196291,2026-01-08,2027-01-08,2026-01-08,269.67,269.67,,0,Upfront
209458,2026-02-05,2027-02-05,2026-02-05,269.67,269.67,,0,Upfront
197610,2026-01-11,2027-01-11,2026-01-11,433.61,433.61,,0,Upfront
200651,2026-01-16,2027-01-16,2026-01-16,351.64,351.64,,0,Upfront
195358,2026-01-08,2027-01-08,2026-01-08,351.64,351.64,,0,Upfront
198314,2026-01-11,2027-01-11,2026-01-11,351.64,351.64,,0,Upfront
197428,2026-01-10,2027-01-10,2026-01-10,269.67,269.67,,0,Upfront
192179,2026-01-02,2027-01-02,2026-01-02,339.02,339.02,,0,Upfront
195375,2026-01-07,2027-01-07,2026-01-07,269.67,269.67,,0,Upfront
195367,2026-01-07,2027-01-07,2026-01-07,351.64,351.64,,0,Upfront
196042,2026-01-08,2027-01-08,2026-01-08,351.64,351.64,,0,Upfront
210236,2026-02-07,2027-02-07,2026-02-07,1233.36,1233.36,,0,Upfront
205911,2026-01-27,2027-01-27,2026-01-27,433.61,433.61,,0,Upfront
193120,2026-01-03,2027-01-03,2026-01-03,351.64,351.64,,0,Upfront
199253,2026-01-13,2027-01-13,2026-01-13,433.61,433.61,,0,Upfront
196688,2026-01-09,2027-01-09,2026-01-09,263.57,263.57,,0,Upfront
185743,2026-01-31,2027-01-31,2026-01-31,269.67,269.67,,0,Upfront
208411,2026-02-02,2027-02-02,2026-02-02,269.67,269.67,,0,Upfront
193068,2026-01-03,2027-01-03,2026-01-03,433.61,433.61,,0,Upfront
192775,2026-01-03,2027-01-03,2026-01-03,351.64,351.64,,0,Upfront
196856,2026-01-09,2027-01-09,2026-01-09,269.67,269.67,,0,Upfront
201390,2026-01-17,2027-01-17,2026-01-17,433.61,433.61,,0,Upfront
207838,2026-01-31,2027-01-31,2026-01-31,351.64,351.64,,0,Upfront
192784,2026-01-03,2027-01-03,2026-01-03,351.64,351.64,,0,Upfront
197427,2026-01-10,2027-01-10,2026-01-10,351.64,351.64,,0,Upfront
193936,2026-01-07,2027-01-07,2026-01-07,269.67,269.67,,0,Upfront
212283,2026-02-13,2027-02-13,2026-02-13,433.61,433.61,,0,Upfront
206491,2026-01-29,2027-01-29,2026-01-29,351.64,351.64,,0,Upfront
205994,2026-02-13,2027-02-13,2026-02-13,351.64,351.64,,0,Upfront
189486,2026-01-06,2027-01-06,2026-01-06,351.64,351.64,,0,Upfront
193946,2026-01-04,2027-01-04,2026-01-04,345.53,345.53,,0,Upfront
196821,2026-01-09,2027-01-09,2026-01-09,351.64,351.64,,0,Upfront
196081,2026-01-08,2027-01-08,2026-01-08,455.98,455.98,,0,Upfront
206489,2026-01-29,2027-01-29,2026-01-29,269.67,269.67,,0,Upfront
195406,2026-01-07,2027-01-07,2026-01-07,351.64,351.64,,0,Upfront
193061,2026-01-03,2027-01-03,2026-01-03,345.53,345.53,,0,Upfront
193074,2026-01-03,2027-01-03,2026-01-03,433.61,433.61,,0,Upfront
196106,2026-01-08,2027-01-08,2026-01-08,351.64,351.64,,0,Upfront
193652,2026-02-02,2027-02-02,2026-02-02,351.64,351.64,,0,Upfront
208405,2026-02-01,2027-02-01,2026-02-01,351.64,351.64,,0,Upfront
200095,2026-01-15,2027-01-15,2026-01-15,351.64,351.64,,0,Upfront
193940,2026-01-05,2027-01-05,2026-01-05,433.61,433.61,,0,Upfront
192117,2026-01-02,2027-01-02,2026-01-02,351.64,351.64,2026-01-14,351.64,Upfront
192767,2026-01-03,2027-01-03,2026-01-03,345.53,345.53,,0,Upfront
185807,2026-01-12,2027-01-12,2026-01-12,269.67,269.67,,0,Upfront
193114,2026-01-09,2027-01-09,2026-01-09,351.64,351.64,,0,Upfront
202720,2026-01-20,2027-01-20,2026-01-20,310.66,310.66,,0,Upfront
195353,2026-01-07,2027-01-07,2026-01-07,351.64,351.64,,0,Upfront
194507,2026-01-05,2027-01-05,2026-01-05,351.64,351.64,,0,Upfront
198126,2026-02-07,2027-02-07,2026-02-07,263.57,263.57,,0,Upfront
194482,2026-01-05,2027-01-05,2026-01-05,433.61,433.61,,0,Upfront
193066,2026-01-06,2027-01-06,2026-01-06,351.64,351.64,,0,Upfront
211222,2026-02-09,2027-02-09,2026-02-09,351.64,351.64,,0,Upfront
199257,2026-01-13,2027-01-13,2026-01-13,351.64,351.64,,0,Upfront
200763,2026-02-25,2027-02-25,2026-02-25,433.61,433.61,,0,Upfront
196044,2026-01-08,2027-01-08,2026-01-08,351.64,351.64,,0,Upfront
197415,2026-01-11,2027-01-11,2026-01-11,263.57,263.57,,0,Upfront
204253,2026-01-24,2027-01-24,2026-01-24,351.64,351.64,,0,Upfront
201379,2026-01-17,2027-01-17,2026-02-28,0,0,,0,Upfront
195408,2026-01-07,2027-01-07,2026-01-07,269.67,269.67,,0,Upfront
195380,2026-01-07,2027-01-07,2026-01-07,351.64,351.64,,0,Upfront
197308,2026-01-10,2027-01-10,2026-01-10,269.67,269.67,,0,Upfront
215773,2026-02-25,2027-02-25,2026-02-25,427.5,427.5,,0,Upfront
198134,2026-01-11,2027-01-11,2026-01-11,351.64,351.64,,0,Upfront
208765,2026-02-02,2027-02-02,2026-02-02,345.53,345.53,,0,Upfront
193957,2026-01-04,2027-01-04,2026-01-04,351.64,351.64,,0,Upfront
196871,2026-01-09,2027-01-09,2026-01-09,257.05,257.05,,0,Upfront
194358,2026-01-05,2027-01-05,2026-01-05,433.61,433.61,,0,Upfront
197299,2026-01-09,2027-01-09,2026-01-09,310.66,310.66,,0,Upfront
195360,2026-01-07,2027-01-07,2026-01-07,351.64,351.64,,0,Upfront
216120,2026-02-26,2027-02-26,2026-02-26,351.64,351.64,,0,Upfront
196093,2026-01-08,2027-01-08,2026-01-08,433.61,433.61,,0,Upfront
195127,2026-01-07,2027-01-07,2026-01-07,433.61,433.61,,0,Upfront
199091,2026-01-15,2027-01-15,2026-01-15,433.61,433.61,,0,Upfront
206686,2026-01-29,2027-01-29,2026-01-29,351.64,351.64,,0,Upfront
206124,2026-01-28,2027-01-28,2026-01-28,351.64,351.64,,0,Upfront
212726,2026-02-14,2027-02-14,2026-02-14,339.02,339.02,,0,Upfront
202952,2026-01-21,2027-01-21,2026-01-21,351.64,351.64,,0,Upfront
207144,2026-01-30,2027-01-30,2026-01-30,351.64,351.64,,0,Upfront
195368,2026-01-07,2027-01-07,2026-01-07,351.64,351.64,,0,Upfront
213430,2026-02-17,2027-02-17,2026-02-17,351.64,351.64,,0,Upfront
206946,2026-01-30,2027-01-30,2026-01-30,345.53,345.53,,0,Upfront
212188,2026-02-13,2027-02-13,2026-02-13,345.53,345.53,,0,Upfront
209915,2026-02-06,2027-02-06,2026-02-06,345.53,345.53,,0,Upfront
196288,2026-01-08,2027-01-08,2026-01-08,351.64,351.64,,0,Upfront
197426,2026-01-11,2027-01-11,2026-01-11,351.64,351.64,,0,Upfront
197623,2026-01-10,2027-01-10,2026-01-10,351.64,351.64,,0,Upfront
195378,2026-01-07,2027-01-07,2026-01-07,433.61,433.61,,0,Upfront
195388,2026-01-07,2027-01-07,2026-01-07,269.67,269.67,,0,Upfront
193637,2026-01-07,2027-01-07,2026-01-07,351.64,351.64,,0,Upfront
197600,2026-01-10,2027-01-10,2026-01-10,427.5,427.5,,0,Upfront
193103,2026-01-03,2027-01-03,2026-01-03,269.67,269.67,,0,Upfront
187262,2026-01-02,2027-01-02,2026-01-02,351.64,351.64,,0,Upfront
194489,2026-01-05,2027-01-05,2026-01-05,345.53,345.53,,0,Upfront
195391,2026-01-07,2027-01-07,2026-01-07,351.64,351.64,,0,Upfront
187449,2026-01-03,2027-01-03,2026-01-03,351.64,351.64,,0,Upfront
209086,2026-02-03,2027-02-03,2026-02-03,350.82,350.82,,0,Upfront
194500,2026-01-05,2027-01-05,2026-01-05,433.61,433.61,,0,Upfront
193939,2026-01-04,2027-01-04,2026-01-04,433.61,433.61,,0,Upfront
195363,2026-01-07,2027-01-07,2026-01-07,433.61,433.61,,0,Upfront
192785,2026-01-03,2027-01-03,2026-01-03,427.5,427.5,,0,Upfront
197599,2026-01-10,2027-01-10,2026-01-10,351.64,351.64,,0,Upfront
209827,2026-02-20,2027-02-20,2026-02-20,351.64,351.64,,0,Upfront
196831,2026-01-09,2027-01-09,2026-01-09,351.64,351.64,,0,Upfront
193941,2026-01-04,2027-01-04,2026-01-04,351.64,351.64,,0,Upfront
193095,2026-01-03,2027-01-03,2026-01-03,351.64,351.64,,0,Upfront
195352,2026-01-07,2027-01-07,2026-01-07,351.64,351.64,,0,Upfront
189428,2026-01-14,2027-01-14,2026-01-14,351.64,351.64,,0,Upfront
194488,2026-01-05,2027-01-05,2026-01-05,351.64,351.64,,0,Upfront
211903,2026-02-12,2027-02-12,2026-02-12,427.5,427.5,,0,Upfront
196877,2026-01-09,2027-01-09,2026-01-09,269.67,269.67,,0,Upfront
196066,2026-01-08,2027-01-08,2026-01-08,351.64,351.64,,0,Upfront
194650,2026-01-07,2027-01-07,2026-01-07,351.64,351.64,,0,Upfront
197613,2026-01-11,2027-01-11,2026-01-11,433.61,433.61,,0,Upfront
197626,2026-01-10,2027-01-10,2026-01-10,351.64,351.64,,0,Upfront
196046,2026-01-08,2027-01-08,2026-01-08,351.64,351.64,,0,Upfront
204408,2026-01-24,2027-01-24,2026-01-24,263.57,263.57,,0,Upfront
195000,2026-01-07,2027-01-07,2026-01-07,345.53,345.53,,0,Upfront
199553,2026-01-14,2027-01-14,2026-01-14,345.53,345.53,,0,Upfront
200754,2026-01-16,2027-01-16,2026-01-16,339.02,339.02,,0,Upfront
199523,2026-01-13,2027-01-13,2026-01-13,269.67,269.67,,0,Upfront
195971,2026-01-08,2027-01-08,2026-01-08,351.64,351.64,,0,Upfront
210371,2026-02-07,2027-02-07,2026-02-07,345.53,345.53,,0,Upfront
198306,2026-01-11,2027-01-11,2026-01-11,351.64,351.64,,0,Upfront
196069,2026-01-08,2027-01-08,2026-01-08,351.64,351.64,,0,Upfront
201378,2026-01-17,2027-01-17,2026-01-17,351.64,351.64,,0,Upfront
201959,2026-01-18,2027-01-18,2026-01-18,455.98,455.98,,0,Upfront
193639,2026-01-06,2027-01-06,2026-01-06,427.5,427.5,,0,Upfront
200122,2026-01-15,2027-01-15,2026-01-15,374.02,374.02,,0,Upfront
196872,2026-01-09,2027-01-09,2026-01-09,433.61,433.61,,0,Upfront
193944,2026-01-05,2027-01-05,2026-01-05,351.64,351.64,,0,Upfront
189471,2026-01-03,2027-01-03,2026-01-03,433.61,433.61,,0,Upfront
192777,2026-01-03,2027-01-03,2026-01-03,351.64,351.64,,0,Upfront
189223,2026-01-02,2027-01-02,2026-01-02,433.61,433.61,,0,Upfront
208640,2026-02-04,2027-02-04,2026-02-04,351.64,351.64,,0,Upfront
195404,2026-01-07,2027-01-07,2026-01-07,269.67,269.67,,0,Upfront
197583,2026-01-10,2027-01-10,2026-01-10,433.61,433.61,,0,Upfront
215287,2026-02-23,2027-02-23,2026-02-23,269.67,269.67,,0,Upfront
195394,2026-01-07,2027-01-07,2026-01-07,351.64,351.64,,0,Upfront
195953,2026-01-08,2027-01-08,2026-01-08,351.64,351.64,,0,Upfront
201961,2026-01-18,2027-01-18,2026-01-18,345.53,345.53,,0,Upfront
192119,2026-01-02,2027-01-02,2026-01-02,351.64,351.64,,0,Upfront
195365,2026-01-07,2027-01-07,2026-01-07,351.64,351.64,,0,Upfront
193080,2026-01-03,2027-01-03,2026-01-03,351.64,351.64,,0,Upfront
195387,2026-01-07,2027-01-07,2026-01-07,351.64,351.64,,0,Upfront
195370,2026-01-07,2027-01-07,2026-01-07,339.02,339.02,,0,Upfront
189454,2026-01-02,2027-01-02,2026-01-02,433.61,433.61,,0,Upfront
209457,2026-02-05,2027-02-05,2026-02-05,351.64,351.64,,0,Upfront
195371,2026-01-07,2027-01-07,2026-01-07,351.64,351.64,,0,Upfront
193967,2026-01-05,2027-01-05,2026-01-05,351.64,351.64,,0,Upfront
197033,2026-01-09,2027-01-09,2026-01-09,351.64,351.64,,0,Upfront
204679,2026-01-28,2027-01-28,2026-01-28,433.61,433.61,,0,Upfront
198315,2026-01-11,2027-01-11,2026-01-11,351.64,351.64,,0,Upfront
207842,2026-01-31,2027-01-31,2026-01-31,351.64,351.64,,0,Upfront
198335,2026-01-11,2027-01-11,2026-01-11,351.64,351.64,,0,Upfront
193077,2026-01-03,2027-01-03,2026-01-03,433.61,433.61,,0,Upfront
205981,2026-01-28,2027-01-28,2026-01-28,345.53,345.53,2026-02-18,345.53,Upfront
212622,2026-02-14,2027-02-14,2026-02-14,345.53,345.53,,0,Upfront
196045,2026-01-08,2027-01-08,2026-01-08,351.64,351.64,,0,Upfront
189259,2026-01-22,2027-01-22,2026-01-22,351.64,351.64,,0,Upfront
199548,2026-01-21,2027-01-21,2026-01-21,433.61,433.61,,0,Upfront
196690,2026-01-09,2027-01-09,2026-01-09,345.53,345.53,,0,Upfront
193082,2026-01-03,2027-01-03,2026-01-03,269.67,269.67,,0,Upfront
189349,2026-01-02,2027-01-02,2026-01-02,351.64,351.64,,0,Upfront
213240,2026-02-16,2027-02-16,2026-02-16,433.61,433.61,,0,Upfront
195134,2026-01-07,2027-01-07,2026-01-07,351.64,351.64,,0,Upfront
213867,2026-02-22,2027-02-22,2026-02-22,351.64,351.64,,0,Upfront
189484,2026-01-02,2027-01-02,2026-01-02,433.61,433.61,,0,Upfront
199258,2026-01-13,2027-01-13,2026-01-13,351.64,351.64,,0,Upfront
204970,2026-01-25,2027-01-25,2026-01-25,345.53,345.53,,0,Upfront
195356,2026-01-07,2027-01-07,2026-01-07,351.64,351.64,,0,Upfront
199542,2026-01-18,2027-01-18,2026-01-18,263.57,263.57,,0,Upfront
185303,2026-01-18,2027-01-18,2026-01-18,269.67,269.67,,0,Upfront
189345,2026-01-02,2027-01-02,2026-01-02,269.67,269.67,,0,Upfront
212198,2026-02-14,2027-02-14,2026-02-14,1233.36,1233.36,,0,Upfront
196852,2026-01-09,2027-01-09,2026-01-09,351.64,351.64,,0,Upfront
184524,2026-01-08,2027-01-08,2026-01-08,269.67,269.67,,0,Upfront
201401,2026-01-17,2027-01-17,2026-01-17,345.53,345.53,,0,Upfront
212633,2026-02-17,2027-02-17,2026-02-17,427.5,427.5,,0,Upfront
192776,2026-01-03,2027-01-03,2026-01-03,339.02,339.02,,0,Upfront
201412,2026-01-17,2027-01-17,2026-01-17,433.61,433.61,,0,Upfront
198325,2026-01-11,2027-01-11,2026-01-11,351.64,351.64,,0,Upfront
206923,2026-01-29,2027-01-29,2026-01-29,433.61,433.61,,0,Upfront
208776,2026-02-02,2027-02-02,2026-02-02,345.53,345.53,,0,Upfront
195374,2026-01-07,2027-01-07,2026-01-07,433.61,433.61,,0,Upfront
196836,2026-01-13,2027-01-13,2026-01-13,351.64,351.64,,0,Upfront
199250,2026-01-13,2027-01-13,2026-01-13,351.64,351.64,,0,Upfront
200780,2026-01-16,2027-01-16,2026-01-16,351.64,351.64,,0,Upfront
198323,2026-01-11,2027-01-11,2026-01-11,374.02,374.02,,0,Upfront
192116,2026-01-02,2027-01-02,2026-01-02,351.64,351.64,,0,Upfront
196037,2026-01-08,2027-01-08,2026-01-08,339.02,339.02,,0,Upfront
195409,2026-01-07,2027-01-07,2026-01-07,269.67,269.67,,0,Upfront
189340,2026-01-02,2027-01-02,2026-01-02,427.5,427.5,,0,Upfront
193064,2026-01-03,2027-01-03,2026-01-03,433.61,433.61,,0,Upfront
192780,2026-01-03,2027-01-03,2026-01-03,351.64,351.64,,0,Upfront
193110,2026-01-03,2027-01-03,2026-01-03,345.53,345.53,,0,Upfront
207337,2026-01-30,2027-01-30,2026-01-30,433.61,433.61,,0,Upfront
193930,2026-01-04,2027-01-04,2026-01-04,433.61,433.61,,0,Upfront
195397,2026-01-07,2027-01-07,2026-01-07,351.64,351.64,,0,Upfront
212748,2026-02-14,2027-02-14,2026-02-14,351.64,351.64,,0,Upfront
192766,2026-01-05,2027-01-05,2026-01-05,351.64,351.64,,0,Upfront
193933,2026-01-04,2027-01-04,2026-01-04,433.61,433.61,,0,Upfront
206515,2026-01-29,2027-01-29,2026-01-29,351.64,351.64,,0,Upfront
202390,2026-01-19,2027-01-19,2026-01-19,374.02,374.02,,0,Upfront
206052,2026-01-28,2027-01-28,2026-01-28,339.02,339.02,,0,Upfront
192160,2026-01-02,2027-01-02,2026-01-02,1199,1199,,0,Upfront
201364,2026-01-17,2027-01-17,2026-01-17,269.67,269.67,,0,Upfront
206057,2026-01-28,2027-01-28,2026-01-28,433.61,433.61,,0,Upfront
215835,2026-02-25,2027-02-25,2026-02-25,345.53,345.53,,0,Upfront
195405,2026-01-07,2027-01-07,2026-01-07,351.64,351.64,,0,Upfront
200751,2026-01-16,2027-01-16,2026-01-16,351.64,351.64,,0,Upfront
193931,2026-01-04,2027-01-04,2026-01-04,351.64,351.64,,0,Upfront
193108,2026-01-03,2027-01-03,2026-01-03,351.64,351.64,,0,Upfront
198295,2026-01-11,2027-01-11,2026-01-11,351.64,351.64,,0,Upfront
198343,2026-01-11,2027-01-11,2026-01-11,455.98,455.98,,0,Upfront
207082,2026-01-30,2027-01-30,2026-01-30,351.64,351.64,,0,Upfront
203723,2026-01-23,2027-01-23,2026-01-23,351.64,351.64,,0,Upfront
197596,2026-01-13,2027-01-13,2026-01-13,351.64,351.64,,0,Upfront
189473,2026-01-02,2027-01-02,2026-01-02,433.61,433.61,,0,Upfront
193048,2026-01-06,2027-01-06,2026-01-06,351.64,351.64,,0,Upfront
200775,2026-01-16,2027-01-16,2026-01-16,269.67,269.67,,0,Upfront
193971,2026-01-04,2027-01-04,2026-01-04,345.53,345.53,,0,Upfront
189447,2026-01-04,2027-01-04,2026-01-04,351.64,351.64,,0,Upfront
195376,2026-01-07,2027-01-07,2026-01-07,345.53,345.53,,0,Upfront
198344,2026-01-11,2027-01-11,2026-01-11,351.64,351.64,,0,Upfront
140035,2026-01-27,2027-01-27,2026-01-27,269.67,269.67,,0,Upfront
196282,2026-01-10,2027-01-10,2026-01-10,351.64,351.64,,0,Upfront
195972,2026-01-08,2027-01-08,2026-01-08,351.64,351.64,,0,Upfront
195384,2026-01-07,2027-01-07,2026-01-07,351.64,351.64,,0,Upfront
196073,2026-01-08,2027-01-08,2026-01-08,339.02,339.02,,0,Upfront
195002,2026-01-08,2027-01-08,2026-01-08,351.64,351.64,,0,Upfront
195377,2026-01-07,2027-01-07,2026-01-07,351.64,351.64,,0,Upfront
207152,2026-01-30,2027-01-30,2026-01-30,351.64,351.64,,0,Upfront
203345,2026-01-22,2027-01-22,2026-01-22,351.64,351.64,,0,Upfront
199643,2026-01-14,2027-01-14,2026-01-14,351.64,351.64,,0,Upfront
210242,2026-02-07,2027-02-07,2026-02-07,269.67,269.67,,0,Upfront
189258,2026-01-02,2027-01-02,2026-01-02,433.61,433.61,,0,Upfront
196048,2026-01-08,2027-01-08,2026-01-08,351.64,351.64,,0,Upfront
196824,2026-01-09,2027-01-09,2026-01-09,351.64,351.64,,0,Upfront
188254,2026-01-02,2027-01-02,2026-01-02,351.64,351.64,,0,Upfront
198131,2026-01-12,2027-01-12,2026-01-12,269.67,269.67,,0,Upfront
195129,2026-01-07,2027-01-07,2026-01-07,433.61,433.61,,0,Upfront
196104,2026-01-08,2027-01-08,2026-01-08,351.64,351.64,,0,Upfront
196287,2026-01-08,2027-01-08,2026-01-08,351.64,351.64,,0,Upfront
194486,2026-01-05,2027-01-05,2026-01-05,351.64,351.64,,0,Upfront
194491,2026-01-05,2027-01-05,2026-01-05,345.53,345.53,,0,Upfront
200782,2026-01-16,2027-01-16,2026-01-16,345.53,345.53,,0,Upfront
198143,2026-01-11,2027-01-11,2026-01-11,351.64,351.64,,0,Upfront
195402,2026-01-07,2027-01-07,2026-01-07,351.64,351.64,,0,Upfront
196062,2026-01-15,2027-01-15,2026-01-15,345.53,345.53,,0,Upfront
192783,2026-01-03,2027-01-03,2026-01-03,351.64,351.64,,0,Upfront
204416,2026-01-24,2027-01-24,2026-01-24,345.53,345.53,,0,Upfront
195963,2026-01-08,2027-01-08,2026-01-08,433.61,433.61,,0,Upfront
192118,2026-01-02,2027-01-02,2026-01-02,351.64,351.64,,0,Upfront
200795,2026-01-16,2027-01-16,2026-01-16,420.98,420.98,,0,Upfront
193960,2026-01-04,2027-01-04,2026-01-04,351.64,351.64,,0,Upfront
185553,2026-01-03,2027-01-03,2026-01-03,269.67,269.67,,0,Upfront
193968,2026-01-04,2027-01-04,2026-01-04,351.64,351.64,,0,Upfront
211861,2026-02-12,2027-02-12,2026-02-12,351.64,351.64,,0,Upfront
201231,2026-01-17,2027-01-17,2026-01-17,351.64,351.64,,0,Upfront
192183,2026-01-02,2027-01-02,2026-01-02,999,999,,0,Upfront
195389,2026-01-07,2027-01-07,2026-01-07,433.61,433.61,,0,Upfront
200639,2026-01-16,2027-01-16,2026-01-16,455.98,455.98,,0,Upfront
203354,2026-01-22,2027-01-22,2026-01-22,433.61,433.61,,0,Upfront
200783,2026-01-16,2027-01-16,2026-01-16,351.64,351.64,,0,Upfront
199090,2026-01-13,2027-01-13,2026-01-13,351.64,351.64,,0,Upfront
201397,2026-01-17,2027-01-17,2026-01-17,374.02,374.02,,0,Upfront
193057,2026-01-03,2027-01-03,2026-01-03,351.64,351.64,,0,Upfront
194829,2026-01-06,2027-01-06,2026-01-06,351.64,351.64,,0,Upfront
197417,2026-01-10,2027-01-10,2026-01-10,345.53,345.53,,0,Upfront
216962,2026-02-28,2027-02-28,2026-02-28,351.64,351.64,,0,Upfront
202641,2026-01-20,2027-01-20,2026-01-20,345.53,345.53,,0,Upfront
193099,2026-01-03,2027-01-03,2026-01-03,351.64,351.64,,0,Upfront
193078,2026-01-03,2027-01-03,2026-01-03,351.64,351.64,,0,Upfront
203862,2026-01-23,2027-01-23,2026-01-23,427.5,427.5,,0,Upfront
207141,2026-01-30,2027-01-30,2026-01-30,351.64,351.64,,0,Upfront
208969,2026-02-03,2027-02-03,2026-02-03,351.64,351.64,,0,Upfront
211128,2026-02-09,2027-02-09,2026-02-09,427.5,427.5,,0,Upfront
206503,2026-01-29,2027-01-29,2026-01-29,351.64,351.64,,0,Upfront
193121,2026-01-03,2027-01-03,2026-01-03,351.64,351.64,,0,Upfront
195385,2026-01-07,2027-01-07,2026-01-07,351.64,351.64,,0,Upfront
203339,2026-01-22,2027-01-22,2026-01-22,351.64,351.64,,0,Upfront
203346,2026-01-22,2027-01-22,2026-01-22,427.5,427.5,,0,Upfront
205914,2026-01-30,2027-01-30,2026-01-30,374.02,374.02,,0,Upfront
189230,2026-01-02,2027-01-02,2026-01-02,345.53,345.53,,0,Upfront
196882,2026-01-09,2027-01-09,2026-01-09,351.64,351.64,,0,Upfront
204987,2026-01-29,2027-01-29,2026-01-29,351.64,351.64,,0,Upfront
193651,2026-01-04,2027-01-04,2026-01-04,427.5,427.5,,0,Upfront
212134,2026-02-12,2027-02-12,2026-02-12,392.62,392.62,,0,Upfront
195393,2026-01-07,2027-01-07,2026-01-07,345.53,345.53,,0,Upfront
197616,2026-01-10,2027-01-10,2026-01-10,263.57,263.57,,0,Upfront
196100,2026-01-08,2027-01-08,2026-01-08,351.64,351.64,,0,Upfront
207146,2026-01-30,2027-01-30,2026-01-30,427.5,427.5,,0,Upfront
205409,2026-01-26,2027-01-26,2026-01-26,420.98,420.98,,0,Upfront
192644,2026-01-02,2027-01-02,2026-01-02,374.02,374.02,,0,Upfront
195381,2026-01-08,2027-01-08,2026-01-08,351.64,351.64,,0,Upfront
216125,2026-02-26,2027-02-26,2026-02-26,345.53,345.53,,0,Upfront
195372,2026-01-07,2027-01-07,2026-01-07,351.64,351.64,,0,Upfront
193097,2026-01-03,2027-01-03,2026-01-03,351.64,351.64,,0,Upfront
198059,2026-01-11,2027-01-11,2026-01-11,433.61,433.61,,0,Upfront
198312,2026-01-11,2027-01-11,2026-01-11,433.61,433.61,,0,Upfront
204264,2026-01-31,2027-01-31,2026-01-31,263.57,263.57,,0,Upfront
193055,2026-01-03,2027-01-03,2026-01-03,351.64,351.64,,0,Upfront
195364,2026-01-07,2027-01-07,2026-01-07,351.64,351.64,,0,Upfront
207121,2026-01-30,2027-01-30,2026-01-30,345.53,345.53,,0,Upfront
192779,2026-01-03,2027-01-03,2026-01-03,351.64,351.64,,0,Upfront
216622,2026-02-27,2027-02-27,2026-02-27,351.64,351.64,,0,Upfront
204410,2026-01-24,2027-01-24,2026-01-24,427.5,427.5,,0,Upfront
193959,2026-01-04,2027-01-04,2026-01-04,339.02,339.02,,0,Upfront
197292,2026-01-09,2027-01-09,2026-01-09,351.64,351.64,,0,Upfront
206469,2026-01-29,2027-01-29,2026-01-29,351.64,351.64,,0,Upfront
195351,2026-01-07,2027-01-07,2026-01-07,351.64,351.64,,0,Upfront
193089,2026-01-03,2027-01-03,2026-01-03,351.64,351.64,,0,Upfront
192771,2026-01-03,2027-01-03,2026-01-03,351.64,351.64,,0,Upfront
201404,2026-01-17,2027-01-17,2026-01-17,269.67,269.67,,0,Upfront
206053,2026-01-28,2027-01-28,2026-01-28,351.64,351.64,,0,Upfront
198142,2026-01-13,2027-01-13,2026-01-13,351.64,351.64,,0,Upfront
187200,2026-01-06,2027-01-06,2026-01-06,269.67,269.67,,0,Upfront
202386,2026-01-19,2027-01-19,2026-01-19,433.61,433.61,,0,Upfront
194657,2026-01-06,2027-01-06,2026-01-06,351.64,351.64,,0,Upfront
211125,2026-02-09,2027-02-09,2026-02-09,351.64,351.64,,0,Upfront
210148,2026-02-07,2027-02-07,2026-02-07,345.53,345.53,,0,Upfront
196097,2026-01-08,2027-01-08,2026-01-08,351.64,351.64,,0,Upfront
204404,2026-01-24,2027-01-24,2026-01-24,269.67,269.67,,0,Upfront
193951,2026-01-04,2027-01-04,2026-01-04,345.53,345.53,,0,Upfront
196286,2026-01-08,2027-01-08,2026-01-08,269.67,269.67,,0,Upfront
206943,2026-01-30,2027-01-30,2026-01-30,351.64,351.64,,0,Upfront
194108,2026-01-04,2027-01-04,2026-01-04,433.61,433.61,,0,Upfront
195400,2026-01-07,2027-01-07,2026-01-07,345.53,345.53,,0,Upfront
202846,2026-01-21,2027-01-21,2026-01-21,351.64,351.64,,0,Upfront
205706,2026-01-27,2027-01-27,2026-01-27,345.53,345.53,,0,Upfront
212749,2026-02-14,2027-02-14,2026-02-14,351.64,351.64,,0,Upfront
193040,2026-01-03,2027-01-03,2026-01-03,351.64,351.64,,0,Upfront
193969,2026-01-04,2027-01-04,2026-01-04,351.64,351.64,,0,Upfront
192774,2026-01-05,2027-01-05,2026-01-05,351.64,351.64,,0,Upfront
212189,2026-02-13,2027-02-13,2026-02-13,351.64,351.64,,0,Upfront
200139,2026-01-15,2027-01-15,2026-01-15,345.53,345.53,,0,Upfront
193112,2026-01-03,2027-01-03,2026-01-03,351.64,351.64,,0,Upfront
198893,2026-01-12,2027-01-12,2026-01-12,433.61,433.61,,0,Upfront
200036,2026-01-15,2027-01-15,2026-01-15,351.64,351.64,,0,Upfront
215499,2026-02-24,2027-02-24,2026-02-24,351.64,351.64,,0,Upfront
189211,2026-01-03,2027-01-03,2026-01-03,433.61,433.61,,0,Upfront
193098,2026-01-03,2027-01-03,2026-01-03,351.64,351.64,,0,Upfront
195403,2026-02-07,2027-02-07,2026-02-07,351.64,351.64,,0,Upfront
198055,2026-01-11,2027-01-11,2026-01-11,427.5,427.5,,0,Upfront
193070,2026-01-03,2027-01-03,2026-01-03,351.64,351.64,,0,Upfront
205384,2026-01-26,2027-01-26,2026-01-26,345.53,345.53,,0,Upfront
196056,2026-01-08,2027-01-08,2026-01-08,345.53,345.53,2026-01-09,345.53,Upfront
197254,2026-01-09,2027-01-09,2026-01-09,271.64,271.64,,0,Upfront
198321,2026-01-11,2027-01-11,2026-01-11,433.61,433.61,,0,Upfront
193640,2026-01-04,2027-01-04,2026-01-04,263.57,263.57,,0,Upfront
200037,2026-01-15,2027-01-15,2026-01-15,433.61,433.61,,0,Upfront
196280,2026-01-08,2027-01-08,2026-01-08,433.61,433.61,,0,Upfront
197425,2026-01-12,2027-01-12,2026-01-12,433.61,433.61,,0,Upfront
193104,2026-01-03,2027-01-03,2026-01-03,351.64,351.64,,0,Upfront
207841,2026-01-31,2027-01-31,2026-01-31,433.61,433.61,,0,Upfront
192475,2026-01-02,2027-01-02,2026-01-02,1033.36,1033.36,2026-01-10,1033.36,Upfront
208259,2026-02-07,2027-02-07,2026-02-07,351.64,351.64,,0,Upfront
210773,2026-02-08,2027-02-08,2026-02-08,351.64,351.64,,0,Upfront
206945,2026-01-30,2027-01-30,2026-01-30,427.5,427.5,,0,Upfront
216941,2026-02-28,2027-02-28,2026-02-28,351.64,351.64,,0,Upfront
208635,2026-02-04,2027-02-04,2026-02-04,263.57,263.57,,0,Upfront
209505,2026-02-05,2027-02-05,2026-02-05,269.67,269.67,,0,Upfront
207856,2026-01-31,2027-01-31,2026-01-31,345.53,345.53,,0,Upfront
195401,2026-01-07,2027-01-07,2026-01-07,345.53,345.53,,0,Upfront
193062,2026-01-03,2027-01-03,2026-01-03,269.67,269.67,,0,Upfront
196694,2026-01-09,2027-01-09,2026-01-09,351.64,351.64,,0,Upfront
194828,2026-01-06,2027-01-06,2026-01-06,351.64,351.64,,0,Upfront
202393,2026-01-19,2027-01-19,2026-01-19,433.61,433.61,,0,Upfront
216972,2026-02-28,2027-02-28,2026-02-28,351.64,351.64,,0,Upfront
198324,2026-01-11,2027-01-11,2026-01-11,351.64,351.64,,0,Upfront
193079,2026-01-03,2027-01-03,2026-01-03,345.53,345.53,,0,Upfront
207113,2026-01-30,2027-01-30,2026-01-30,351.64,351.64,,0,Upfront
207112,2026-01-30,2027-01-30,2026-01-30,433.61,433.61,,0,Upfront
196862,2026-01-09,2027-01-09,2026-01-09,351.64,351.64,,0,Upfront
201369,2026-01-17,2027-01-17,2026-01-17,427.5,427.5,,0,Upfront
194355,2026-01-05,2027-01-05,2026-01-05,433.61,433.61,,0,Upfront
198296,2026-01-12,2027-01-12,2026-01-12,345.53,345.53,,0,Upfront
200044,2026-01-16,2027-01-16,2026-01-16,351.64,351.64,,0,Upfront
200966,2026-01-16,2027-01-16,2026-01-16,433.61,433.61,,0,Upfront
195130,2026-01-07,2027-01-07,2026-01-07,351.64,351.64,,0,Upfront
209922,2026-02-06,2027-02-06,2026-02-06,345.53,345.53,,0,Upfront
215387,2026-02-23,2027-02-23,2026-02-23,351.64,351.64,,0,Upfront
207148,2026-01-30,2027-01-30,2026-01-30,351.64,351.64,,0,Upfront
196077,2026-01-08,2027-01-08,2026-01-08,351.64,351.64,,0,Upfront
200103,2026-01-16,2027-01-16,2026-01-16,351.64,351.64,,0,Upfront
203347,2026-01-22,2027-01-22,2026-01-22,351.64,351.64,,0,Upfront
200770,2026-01-16,2027-01-16,2026-01-16,433.61,433.61,,0,Upfront
203342,2026-01-22,2027-01-22,2026-01-22,351.64,351.64,,0,Upfront
195354,2026-01-09,2027-01-09,2026-01-09,351.64,351.64,,0,Upfront
200099,2026-01-15,2027-01-15,2026-01-15,351.64,351.64,,0,Upfront
196281,2026-01-09,2027-01-09,2026-01-09,351.64,351.64,,0,Upfront
196283,2026-01-08,2027-01-08,2026-01-08,345.53,345.53,,0,Upfront
211418,2026-02-10,2027-02-10,2026-02-10,351.64,351.64,,0,Upfront
195362,2026-01-09,2027-01-09,2026-01-09,269.67,269.67,,0,Upfront
197590,2026-01-10,2027-01-10,2026-01-10,351.64,351.64,,0,Upfront
193092,2026-01-03,2027-01-03,2026-01-03,345.53,345.53,,0,Upfront
203328,2026-01-22,2027-01-22,2026-01-22,345.53,345.53,,0,Upfront
205407,2026-01-26,2027-01-26,2026-01-26,345.53,345.53,,0,Upfront
199267,2026-01-13,2027-01-13,2026-01-13,269.67,269.67,,0,Upfront
193932,2026-01-04,2027-01-04,2026-01-04,269.67,269.67,,0,Upfront
205070,2026-01-25,2027-01-25,2026-01-25,351.64,351.64,,0,Upfront
197418,2026-02-23,2027-02-23,2026-02-23,345.53,345.53,,0,Upfront
213589,2026-02-18,2027-02-18,2026-02-18,433.61,433.61,,0,Upfront
195128,2026-01-07,2027-01-07,2026-01-07,269.67,269.67,,0,Upfront
208418,2026-02-01,2027-02-01,2026-02-01,351.64,351.64,,0,Upfront
193047,2026-01-03,2027-01-03,2026-01-03,351.64,351.64,,0,Upfront
202924,2026-01-21,2027-01-21,2026-01-21,345.53,345.53,,0,Upfront
196867,2026-01-09,2027-01-09,2026-01-09,374.02,374.02,,0,Upfront
194502,2026-01-05,2027-01-05,2026-01-05,345.53,345.53,,0,Upfront
197625,2026-01-10,2027-01-10,2026-01-10,345.53,345.53,,0,Upfront
195382,2026-01-08,2027-01-08,2026-01-08,339.02,339.02,,0,Upfront
202856,2026-01-21,2027-01-21,2026-01-21,351.64,351.64,,0,Upfront
196080,2026-01-08,2027-01-08,2026-01-08,269.67,269.67,,0,Upfront
196880,2026-01-09,2027-01-09,2026-01-09,351.64,351.64,,0,Upfront
206112,2026-01-28,2027-01-28,2026-01-28,351.64,351.64,,0,Upfront
207128,2026-01-30,2027-01-30,2026-01-30,427.5,427.5,,0,Upfront
216407,2026-02-28,2027-02-28,2026-02-28,351.64,351.64,,0,Upfront
200111,2026-01-15,2027-01-15,2026-01-15,351.64,351.64,,0,Upfront
193116,2026-01-03,2027-01-03,2026-01-03,351.64,351.64,,0,Upfront
193071,2026-01-03,2027-01-03,2026-01-03,345.53,345.53,,0,Upfront
198906,2026-01-12,2027-01-12,2026-01-12,269.67,269.67,,0,Upfront
209526,2026-02-05,2027-02-05,2026-02-05,427.5,427.5,,0,Upfront
201387,2026-01-17,2027-01-17,2026-01-17,292.05,292.05,,0,Upfront
193085,2026-01-03,2027-01-03,2026-01-03,351.64,351.64,,0,Upfront
197621,2026-01-10,2027-01-10,2026-01-10,427.5,427.5,,0,Upfront
196084,2026-01-08,2027-01-08,2026-01-08,374.02,374.02,,0,Upfront
193059,2026-01-03,2027-01-03,2026-01-03,351.64,351.64,,0,Upfront
208400,2026-02-01,2027-02-01,2026-02-01,269.67,269.67,,0,Upfront
196843,2026-01-09,2027-01-09,2026-01-09,269.67,269.67,,0,Upfront
193045,2026-01-03,2027-01-03,2026-01-03,345.53,345.53,,0,Upfront
193659,2026-01-04,2027-01-04,2026-01-04,351.64,351.64,,0,Upfront
210590,2026-02-08,2027-02-08,2026-02-08,433.61,433.61,,0,Upfront
195392,2026-01-07,2027-01-07,2026-01-07,351.64,351.64,,0,Upfront
195350,2026-01-07,2027-01-07,2026-01-07,269.67,269.67,,0,Upfront
193053,2026-01-03,2027-01-03,2026-01-03,433.61,433.61,,0,Upfront
196850,2026-01-09,2027-01-09,2026-01-09,351.64,351.64,,0,Upfront
195373,2026-01-07,2027-01-07,2026-01-07,433.61,433.61,,0,Upfront
214198,2026-02-20,2027-02-20,2026-02-20,351.64,351.64,,0,Upfront
202401,2026-01-19,2027-01-19,2026-01-19,374.02,374.02,,0,Upfront
206825,2026-01-29,2027-01-29,2026-01-29,351.64,351.64,,0,Upfront
210378,2026-02-07,2027-02-07,2026-02-07,351.64,351.64,,0,Upfront
204255,2026-02-24,2027-02-24,2026-02-24,345.53,345.53,,0,Upfront
199388,2026-01-13,2027-01-13,2026-01-13,345.53,345.53,,0,Upfront
195390,2026-01-07,2027-01-07,2026-01-07,345.53,345.53,,0,Upfront
198300,2026-01-11,2027-01-11,2026-01-11,374.02,374.02,,0,Upfront
203848,2026-01-23,2027-01-23,2026-01-23,269.67,269.67,,0,Upfront
199554,2026-01-14,2027-01-14,2026-01-14,345.53,345.53,,0,Upfront
188163,2026-01-07,2027-01-07,2026-01-07,433.61,433.61,,0,Upfront
196851,2026-01-09,2027-01-09,2026-01-09,351.64,351.64,,0,Upfront
195357,2026-01-07,2027-01-07,2026-01-07,339.02,339.02,,0,Upfront
193953,2026-01-04,2027-01-04,2026-01-04,351.64,351.64,,0,Upfront
201984,2026-01-18,2027-01-18,2026-01-18,345.53,345.53,,0,Upfront
198327,2026-01-11,2027-01-11,2026-01-11,433.61,433.61,,0,Upfront
196701,2026-01-10,2027-01-10,2026-01-10,433.61,433.61,,0,Upfront
196844,2026-01-09,2027-01-09,2026-01-09,433.61,433.61,,0,Upfront
212521,2026-02-14,2027-02-14,2026-02-14,351.64,351.64,,0,Upfront
201383,2026-01-17,2027-01-17,2026-01-17,351.64,351.64,,0,Upfront
210780,2026-02-08,2027-02-08,2026-02-08,345.53,345.53,,0,Upfront
195379,2026-01-07,2027-01-07,2026-01-07,351.64,351.64,,0,Upfront
212277,2026-02-26,2027-02-26,2026-02-26,351.64,351.64,,0,Upfront
193653,2026-01-05,2027-01-05,2026-01-05,351.64,351.64,,0,Upfront
196819,2026-01-09,2027-01-09,2026-01-09,351.64,351.64,,0,Upfront
195410,2026-01-07,2027-01-07,2026-01-07,263.57,263.57,,0,Upfront
213654,2026-02-18,2027-02-18,2026-02-18,433.61,433.61,,0,Upfront
202637,2026-01-20,2027-01-20,2026-01-20,345.53,345.53,,0,Upfront
196834,2026-01-09,2027-01-09,2026-01-09,351.64,351.64,,0,Upfront
208172,2026-01-31,2027-01-31,2026-01-31,427.5,427.5,,0,Upfront
203853,2026-01-23,2027-01-23,2026-01-23,351.64,351.64,,0,Upfront
200769,2026-01-16,2027-01-16,2026-01-16,433.61,433.61,,0,Upfront
195126,2026-01-08,2027-01-08,2026-01-08,351.64,351.64,,0,Upfront
196088,2026-01-08,2027-01-08,2026-01-08,345.53,345.53,,0,Upfront
197632,2026-01-10,2027-01-10,2026-01-10,351.64,351.64,,0,Upfront
201805,2026-01-21,2027-01-21,2026-01-21,345.53,345.53,,0,Upfront
194671,2026-01-06,2027-01-06,2026-01-06,339.02,339.02,,0,Upfront
194830,2026-01-06,2027-01-06,2026-01-06,269.67,269.67,,0,Upfront
196830,2026-01-09,2027-01-09,2026-01-09,351.64,351.64,,0,Upfront
193041,2026-01-03,2027-01-03,2026-01-03,345.53,345.53,,0,Upfront
196855,2026-01-09,2027-01-09,2026-01-09,269.67,269.67,,0,Upfront
193929,2026-01-04,2027-01-04,2026-01-04,351.64,351.64,,0,Upfront
200119,2026-01-15,2027-01-15,2026-01-15,433.61,433.61,,0,Upfront
194508,2026-01-05,2027-01-05,2026-01-05,351.64,351.64,,0,Upfront
196061,2026-01-08,2027-01-08,2026-01-08,351.64,351.64,,0,Upfront
195369,2026-01-07,2027-01-07,2026-01-07,351.64,351.64,,0,Upfront
197622,2026-02-03,2027-02-03,2026-02-03,345.53,345.53,,0,Upfront
196070,2026-01-08,2027-01-08,2026-01-08,351.64,351.64,,0,Upfront
207134,2026-01-30,2027-01-30,2026-01-30,269.67,269.67,,0,Upfront
194836,2026-01-06,2027-01-06,2026-01-06,269.67,269.67,,0,Upfront
194653,2026-01-09,2027-01-09,2026-01-09,345.53,345.53,,0,Upfront
198341,2026-01-11,2027-01-11,2026-01-11,433.61,433.61,,0,Upfront
198897,2026-01-12,2027-01-12,2026-01-12,427.5,427.5,,0,Upfront
202094,2026-01-18,2027-01-18,2026-01-18,269.67,269.67,,0,Upfront
199406,2026-01-13,2027-01-13,2026-01-13,350,350,,0,Upfront
215836,2026-02-25,2027-02-25,2026-02-25,263.57,263.57,,0,Upfront
197579,2026-01-10,2027-01-10,2026-01-10,351.64,351.64,,0,Upfront
193063,2026-01-03,2027-01-03,2026-01-03,263.57,263.57,,0,Upfront
213508,2026-02-17,2027-02-17,2026-02-17,187.7,187.7,2026-03-06,187.7,Upfront
213339,2026-02-17,2027-02-17,2026-02-17,263.57,263.57,,0,Upfront
206505,2026-01-29,2027-01-29,2026-01-29,345.53,345.53,,0,Upfront
196861,2026-01-09,2027-01-09,2026-01-09,433.61,433.61,,0,Upfront
193093,2026-01-03,2027-01-03,2026-01-03,269.67,269.67,,0,Upfront
197589,2026-01-10,2027-01-10,2026-01-10,263.57,263.57,,0,Upfront
198145,2026-01-11,2027-01-11,2026-01-11,269.67,269.67,,0,Upfront
195132,2026-01-07,2027-01-07,2026-01-07,351.64,351.64,,0,Upfront
195396,2026-01-07,2027-01-07,2026-01-07,351.64,351.64,,0,Upfront
195398,2026-01-07,2027-01-07,2026-01-07,351.64,351.64,2026-02-18,351.64,Upfront
196864,2026-01-09,2027-01-09,2026-01-09,269.67,269.67,,0,Upfront
193090,2026-01-03,2027-01-03,2026-01-03,269.67,269.67,,0,Upfront
199255,2026-01-13,2027-01-13,2026-01-13,345.53,345.53,,0,Upfront
200127,2026-01-15,2027-01-15,2026-01-15,351.64,351.64,,0,Upfront
203357,2026-01-22,2027-01-22,2026-01-22,351.64,351.64,,0,Upfront
194492,2026-01-05,2027-01-05,2026-01-05,351.64,351.64,,0,Upfront
195395,2026-01-07,2027-01-07,2026-01-07,427.5,427.5,,0,Upfront
195018,2026-01-07,2027-01-07,2026-01-07,345.53,345.53,,0,Upfront
193974,2026-01-04,2027-01-04,2026-01-04,269.67,269.67,,0,Upfront
196053,2026-01-08,2027-01-08,2026-01-08,351.64,351.64,,0,Upfront
198727,2026-01-13,2027-01-13,2026-01-13,1033.36,1033.36,,0,Upfront
213591,2026-02-18,2027-02-18,2026-02-18,269.67,269.67,,0,Upfront
193094,2026-01-03,2027-01-03,2026-01-03,351.64,351.64,,0,Upfront
202921,2026-01-21,2027-01-21,2026-01-21,263.57,263.57,,0,Upfront
194490,2026-01-08,2027-01-08,2026-01-08,351.64,351.64,,0,Upfront
206487,2026-01-29,2027-01-29,2026-01-29,351.64,351.64,,0,Upfront
195399,2026-01-07,2027-01-07,2026-01-07,351.64,351.64,,0,Upfront
193087,2026-01-03,2027-01-03,2026-01-03,351.64,351.64,,0,Upfront
193980,2026-01-04,2027-01-04,2026-01-04,345.53,345.53,,0,Upfront
199552,2026-01-14,2027-01-14,2026-01-14,263.57,263.57,,0,Upfront
193926,2026-01-04,2027-01-04,2026-01-04,433.61,433.61,,0,Upfront
193952,2026-01-06,2027-01-06,2026-01-06,345.53,345.53,,0,Upfront
193115,2026-01-03,2027-01-03,2026-01-03,351.64,351.64,,0,Upfront
202383,2026-01-19,2027-01-19,2026-01-19,351.64,351.64,,0,Upfront
203334,2026-01-22,2027-01-22,2026-01-22,351.64,351.64,,0,Upfront
198726,2026-01-12,2027-01-12,2026-01-12,351.64,351.64,,0,Upfront
193979,2026-01-04,2027-01-04,2026-01-04,351.64,351.64,,0,Upfront
194493,2026-01-05,2027-01-05,2026-01-05,351.64,351.64,,0,Upfront
193106,2026-01-03,2027-01-03,2026-01-03,351.64,351.64,,0,Upfront
196051,2026-01-08,2027-01-08,2026-01-08,345.53,345.53,,0,Upfront
207114,2026-01-30,2027-01-30,2026-01-30,263.57,263.57,,0,Upfront
193056,2026-01-03,2027-01-03,2026-01-03,269.67,269.67,,0,Upfront
201400,2026-01-17,2027-01-17,2026-01-17,351.64,351.64,,0,Upfront
193964,2026-01-04,2027-01-04,2026-01-04,269.67,269.67,,0,Upfront
196036,2026-01-08,2027-01-08,2026-01-08,351.64,351.64,,0,Upfront
193065,2026-01-03,2027-01-03,2026-01-03,345.53,345.53,,0,Upfront
196064,2026-01-08,2027-01-08,2026-01-08,345.53,345.53,,0,Upfront
206484,2026-01-29,2027-01-29,2026-01-29,269.67,269.67,,0,Upfront
193955,2026-01-04,2027-01-04,2026-01-04,351.64,351.64,,0,Upfront
193927,2026-01-04,2027-01-04,2026-01-04,269.67,269.67,,0,Upfront
196863,2026-01-09,2027-01-09,2026-01-09,269.67,269.67,,0,Upfront
193935,2026-01-04,2027-01-04,2026-01-04,433.61,433.61,,0,Upfront
193101,2026-01-03,2027-01-03,2026-01-03,339.02,339.02,,0,Upfront
196884,2026-01-09,2027-01-09,2026-01-09,345.53,345.53,,0,Upfront
196096,2026-01-08,2027-01-08,2026-01-08,269.67,269.67,,0,Upfront
194510,2026-01-05,2027-01-05,2026-01-05,351.64,351.64,,0,Upfront
206062,2026-01-28,2027-01-28,2026-01-28,351.64,351.64,,0,Upfront
202381,2026-01-19,2027-01-19,2026-01-19,351.64,351.64,,0,Upfront
196876,2026-01-09,2027-01-09,2026-01-09,351.64,351.64,,0,Upfront
200764,2026-01-16,2027-01-16,2026-01-16,455.98,455.98,,0,Upfront
205401,2026-01-26,2027-01-26,2026-01-26,345.53,345.53,,0,Upfront
197612,2026-01-10,2027-01-10,2026-01-10,269.67,269.67,,0,Upfront
196060,2026-01-08,2027-01-08,2026-01-08,351.64,351.64,,0,Upfront
199417,2026-01-13,2027-01-13,2026-01-13,420.98,420.98,,0,Upfront
196692,2026-01-09,2027-01-09,2026-01-09,269.67,269.67,,0,Upfront
196840,2026-01-09,2027-01-09,2026-01-09,292.05,292.05,,0,Upfront
208784,2026-02-02,2027-02-02,2026-02-02,269.67,269.67,,0,Upfront
193934,2026-01-04,2027-01-04,2026-01-04,269.67,269.67,,0,Upfront
208785,2026-02-02,2027-02-02,2026-02-02,351.64,351.64,,0,Upfront
194835,2026-01-06,2027-01-06,2026-01-06,351.64,351.64,,0,Upfront
207104,2026-01-30,2027-01-30,2026-01-30,345.53,345.53,,0,Upfront
201391,2026-01-19,2027-01-19,2026-01-19,345.53,345.53,,0,Upfront
212524,2026-02-14,2027-02-14,2026-02-14,351.64,351.64,,0,Upfront
196354,2026-01-08,2027-01-08,2026-01-08,351.64,351.64,,0,Upfront
193972,2026-01-04,2027-01-04,2026-01-04,345.53,345.53,,0,Upfront
203833,2026-01-23,2027-01-23,2026-01-23,351.64,351.64,,0,Upfront
193943,2026-01-04,2027-01-04,2026-01-04,433.61,433.61,,0,Upfront
193950,2026-01-04,2027-01-04,2026-01-04,351.64,351.64,,0,Upfront
194503,2026-01-07,2027-01-07,2026-01-07,351.64,351.64,,0,Upfront
197619,2026-01-10,2027-01-10,2026-01-10,433.61,433.61,,0,Upfront
205385,2026-01-26,2027-01-26,2026-01-26,351.64,351.64,,0,Upfront
194487,2026-01-05,2027-01-05,2026-01-05,433.61,433.61,,0,Upfront
213544,2026-02-20,2027-02-20,2026-02-20,455.98,455.98,,0,Upfront
194494,2026-01-05,2027-01-05,2026-01-05,351.64,351.64,,0,Upfront
196842,2026-01-29,2027-01-29,2026-01-29,351.64,351.64,,0,Upfront
194509,2026-01-05,2027-01-05,2026-01-05,269.67,269.67,,0,Upfront
194498,2026-01-05,2027-01-05,2026-01-05,433.61,433.61,,0,Upfront
196099,2026-01-08,2027-01-08,2026-01-08,433.61,433.61,,0,Upfront
200543,2026-01-15,2027-01-15,2026-01-15,351.64,351.64,,0,Upfront
213921,2026-02-19,2027-02-19,2026-02-19,433.61,433.61,,0,Upfront
203326,2026-01-22,2027-01-22,2026-01-22,269.67,269.67,,0,Upfront
195125,2026-01-07,2027-01-07,2026-01-07,345.53,345.53,,0,Upfront
215283,2026-02-24,2027-02-24,2026-02-24,351.64,351.64,,0,Upfront
205704,2026-01-27,2027-01-27,2026-01-27,351.64,351.64,,0,Upfront
203355,2026-01-22,2027-01-22,2026-01-22,345.53,345.53,,0,Upfront
199265,2026-01-13,2027-01-13,2026-01-13,269.67,269.67,2026-01-14,269.67,Upfront
198336,2026-01-11,2027-01-11,2026-01-11,269.67,269.67,,0,Upfront
200105,2026-01-15,2027-01-15,2026-01-15,351.64,351.64,,0,Upfront
194364,2026-01-05,2027-01-05,2026-01-05,351.64,351.64,,0,Upfront
196874,2026-01-09,2027-01-09,2026-01-09,351.64,351.64,,0,Upfront
193970,2026-01-04,2027-01-04,2026-01-04,351.64,351.64,,0,Upfront
214283,2026-02-20,2027-02-20,2026-02-20,351.64,351.64,,0,Upfront
205396,2026-01-26,2027-01-26,2026-01-26,351.64,351.64,,0,Upfront
196869,2026-01-11,2027-01-11,2026-01-11,351.64,351.64,,0,Upfront
193976,2026-01-04,2027-01-04,2026-01-04,345.53,345.53,,0,Upfront
201960,2026-01-18,2027-01-18,2026-01-18,351.64,351.64,,0,Upfront
197609,2026-01-10,2027-01-10,2026-01-10,351.64,351.64,,0,Upfront
196698,2026-01-13,2027-01-13,2026-01-13,455.98,455.98,,0,Upfront
196859,2026-01-09,2027-01-09,2026-01-09,269.67,269.67,,0,Upfront
197614,2026-01-10,2027-01-10,2026-01-10,345.53,345.53,,0,Upfront
201975,2026-01-18,2027-01-18,2026-01-18,345.53,345.53,,0,Upfront
201804,2026-01-18,2027-01-18,2026-01-18,351.64,351.64,,0,Upfront
206061,2026-01-28,2027-01-28,2026-01-28,351.64,351.64,,0,Upfront
196703,2026-01-09,2027-01-09,2026-01-09,269.67,269.67,,0,Upfront
194506,2026-01-05,2027-01-05,2026-01-05,351.64,351.64,,0,Upfront
196705,2026-01-09,2027-01-09,2026-01-09,1233.36,1233.36,,0,Upfront
216976,2026-02-28,2027-02-28,2026-02-28,433.61,433.61,,0,Upfront
204989,2026-01-25,2027-01-25,2026-01-25,351.64,351.64,,0,Upfront
195831,2026-01-11,2027-01-12,2026-01-11,392.62,392.62,,0,Upfront
201966,2026-01-18,2027-01-18,2026-01-18,351.64,351.64,,0,Upfront
197770,2026-01-14,2027-01-14,2026-01-14,351.64,351.64,,0,Upfront
194504,2026-01-09,2027-01-09,2026-01-09,351.64,351.64,,0,Upfront
194505,2026-01-05,2027-01-05,2026-01-05,351.64,351.64,,0,Upfront
203338,2026-01-22,2027-01-22,2026-01-22,263.57,263.57,,0,Upfront
198735,2026-01-12,2027-01-12,2026-01-12,263.57,263.57,,0,Upfront
196092,2026-01-08,2027-01-08,2026-01-08,269.67,269.67,,0,Upfront
201373,2026-01-17,2027-01-17,2026-01-17,351.64,351.64,2026-02-03,351.64,Upfront
195136,2026-01-07,2027-01-07,2026-01-07,351.64,351.64,,0,Upfront
194499,2026-01-05,2027-01-05,2026-01-05,433.61,433.61,,0,Upfront
198899,2026-01-12,2027-01-12,2026-01-12,339.02,339.02,,0,Upfront
204440,2026-01-24,2027-01-24,2026-01-24,345.53,345.53,,0,Upfront
207843,2026-01-31,2027-01-31,2026-01-31,345.53,345.53,,0,Upfront
195135,2026-01-17,2027-01-17,2026-01-17,345.53,345.53,,0,Upfront
212992,2026-02-15,2027-02-15,2026-02-15,351.64,351.64,,0,Upfront
196095,2026-01-08,2027-01-08,2026-01-08,351.64,351.64,,0,Upfront
198304,2026-01-11,2027-01-11,2026-01-11,351.64,351.64,,0,Upfront
202638,2026-01-21,2027-01-21,2026-01-21,345.53,345.53,,0,Upfront
197581,2026-01-10,2027-01-10,2026-01-10,433.61,433.61,,0,Upfront
196043,2026-01-08,2027-01-08,2026-01-08,433.61,433.61,,0,Upfront
197620,2026-01-10,2027-01-10,2026-01-10,374.02,374.02,,0,Upfront
199251,2026-01-13,2027-01-13,2026-01-13,351.64,351.64,,0,Upfront
194842,2026-01-06,2027-01-06,2026-01-06,345.53,345.53,,0,Upfront
201370,2026-01-17,2027-01-17,2026-01-17,351.64,351.64,,0,Upfront
197604,2026-01-10,2027-01-10,2026-01-10,345.53,345.53,,0,Upfront
194838,2026-01-06,2027-01-06,2026-01-06,269.67,269.67,,0,Upfront
197593,2026-01-10,2027-01-10,2026-01-10,351.64,351.64,,0,Upfront
194839,2026-01-06,2027-01-06,2026-01-06,351.64,351.64,,0,Upfront
194843,2026-01-06,2027-01-06,2026-01-06,351.64,351.64,,0,Upfront
215292,2026-02-23,2027-02-23,2026-02-23,351.64,351.64,,0,Upfront
200771,2026-01-16,2027-01-16,2026-01-16,269.67,269.67,,0,Upfront
197630,2026-01-10,2027-01-10,2026-01-10,351.64,351.64,,0,Upfront
209513,2026-02-05,2027-02-05,2026-02-05,351.64,351.64,,0,Upfront
197628,2026-01-10,2027-01-10,2026-01-10,351.64,351.64,,0,Upfront
200135,2026-01-15,2027-01-15,2026-01-15,345.53,345.53,,0,Upfront
203349,2026-01-22,2027-01-22,2026-01-22,433.61,433.61,,0,Upfront
196055,2026-01-08,2027-01-08,2026-01-08,351.64,351.64,2026-01-27,351.64,Upfront
203861,2026-01-23,2027-01-23,2026-01-23,263.57,263.57,,0,Upfront
198311,2026-01-11,2027-01-11,2026-01-11,345.53,345.53,,0,Upfront
198301,2026-01-11,2027-01-11,2026-01-11,351.64,351.64,,0,Upfront
196098,2026-01-08,2027-01-08,2026-01-08,263.57,263.57,,0,Upfront
198919,2026-01-12,2027-01-12,2026-01-12,351.64,351.64,,0,Upfront
214709,2026-02-21,2027-02-21,2026-02-21,433.61,433.61,,0,Upfront
200141,2026-01-15,2027-01-15,2026-01-15,345.53,345.53,,0,Upfront
199264,2026-01-13,2027-01-13,2026-01-13,269.67,269.67,,0,Upfront
196065,2026-01-08,2027-01-08,2026-01-08,269.67,269.67,,0,Upfront
198135,2026-01-13,2027-01-13,2026-01-13,351.64,351.64,,0,Upfront
208764,2026-02-02,2027-02-02,2026-02-02,269.67,269.67,,0,Upfront
210012,2026-02-06,2027-02-06,2026-02-06,351.64,351.64,,0,Upfront
198908,2026-01-12,2027-01-12,2026-01-12,345.53,345.53,,0,Upfront
194114,2026-01-04,2027-01-04,2026-01-04,433.61,433.61,,0,Upfront
197592,2026-01-10,2027-01-10,2026-01-10,427.5,427.5,,0,Upfront
196085,2026-01-08,2027-01-08,2026-01-08,269.67,269.67,,0,Upfront
204415,2026-01-24,2027-01-24,2026-01-24,269.67,269.67,,0,Upfront
207379,2026-01-30,2027-01-30,2026-01-30,433.61,433.61,,0,Upfront
200777,2026-01-16,2027-01-16,2026-01-16,351.64,351.64,,0,Upfront
196054,2026-01-08,2027-01-08,2026-01-08,269.67,269.67,,0,Upfront
200745,2026-01-16,2027-01-16,2026-01-16,345.53,345.53,,0,Upfront
200798,2026-01-16,2027-01-16,2026-01-16,455.98,455.98,,0,Upfront
206507,2026-01-29,2027-01-29,2026-01-29,351.64,351.64,,0,Upfront
196823,2026-01-09,2027-01-09,2026-01-09,433.61,433.61,,0,Upfront
198334,2026-01-11,2027-01-11,2026-01-11,345.53,345.53,,0,Upfront
196058,2026-01-08,2027-01-08,2026-01-08,351.64,351.64,,0,Upfront
196086,2026-01-08,2027-01-08,2026-01-08,351.64,351.64,,0,Upfront
199266,2026-01-13,2027-01-13,2026-01-13,351.64,351.64,,0,Upfront
196071,2026-01-08,2027-01-08,2026-01-08,345.53,345.53,,0,Upfront
196841,2026-01-09,2027-01-09,2026-01-09,374.02,374.02,,0,Upfront
196075,2026-01-08,2027-01-08,2026-01-08,351.64,351.64,,0,Upfront
200640,2026-01-16,2027-01-16,2026-01-16,345.53,345.53,,0,Upfront
197594,2026-01-10,2027-01-10,2026-01-10,351.64,351.64,,0,Upfront
211913,2026-02-12,2027-02-12,2026-02-12,345.53,345.53,,0,Upfront
196079,2026-01-08,2027-01-08,2026-01-08,345.53,345.53,,0,Upfront
201411,2026-01-18,2027-01-18,2026-01-18,269.67,269.67,,0,Upfront
201372,2026-01-17,2027-01-17,2026-01-17,351.64,351.64,,0,Upfront
196846,2026-01-10,2027-01-10,2026-01-10,345.53,345.53,,0,Upfront
196700,2026-01-09,2027-01-09,2026-01-09,269.67,269.67,,0,Upfront
196832,2026-01-09,2027-01-09,2026-01-09,351.64,351.64,,0,Upfront
196091,2026-01-08,2027-01-08,2026-01-08,345.53,345.53,,0,Upfront
196826,2026-01-09,2027-01-09,2026-01-09,351.64,351.64,,0,Upfront
196835,2026-01-09,2027-01-09,2026-01-09,263.57,263.57,,0,Upfront
201971,2026-01-18,2027-01-18,2026-01-18,351.64,351.64,,0,Upfront
200109,2026-01-15,2027-01-15,2026-01-15,345.53,345.53,,0,Upfront
196838,2026-01-09,2027-01-09,2026-01-09,269.67,269.67,,0,Upfront
196101,2026-01-08,2027-01-08,2026-01-08,433.61,433.61,,0,Upfront
200756,2026-01-16,2027-01-16,2026-01-16,263.57,263.57,,0,Upfront
199645,2026-01-14,2027-01-14,2026-01-14,351.64,351.64,,0,Upfront
209918,2026-02-06,2027-02-06,2026-02-06,345.53,345.53,,0,Upfront
203858,2026-01-23,2027-01-23,2026-01-23,351.64,351.64,,0,Upfront
198328,2026-01-11,2027-01-11,2026-01-11,351.64,351.64,,0,Upfront
196875,2026-01-09,2027-01-09,2026-01-09,269.67,269.67,,0,Upfront
202380,2026-01-19,2027-01-19,2026-01-19,433.61,433.61,,0,Upfront
196818,2026-01-09,2027-01-09,2026-01-09,374.02,374.02,,0,Upfront
198153,2026-01-11,2027-01-11,2026-01-11,269.67,269.67,,0,Upfront
203363,2026-01-22,2027-01-22,2026-01-22,427.5,427.5,,0,Upfront
209201,2026-02-06,2027-02-06,2026-02-06,269.67,269.67,,0,Upfront
196853,2026-01-09,2027-01-09,2026-01-09,351.64,351.64,,0,Upfront
198141,2026-01-11,2027-01-11,2026-01-11,269.67,269.67,,0,Upfront
203719,2026-02-25,2027-02-25,2026-02-25,351.64,351.64,,0,Upfront
198322,2026-01-14,2027-01-14,2026-01-14,351.64,351.64,,0,Upfront
200118,2026-01-15,2027-01-15,2026-01-15,345.53,345.53,,0,Upfront
205839,2026-01-27,2027-01-27,2026-01-27,351.64,351.64,,0,Upfront
196865,2026-01-09,2027-01-09,2026-01-09,345.53,345.53,,0,Upfront
200092,2026-01-15,2027-01-15,2026-01-15,351.64,351.64,,0,Upfront
198342,2026-01-11,2027-01-11,2026-01-11,427.5,427.5,,0,Upfront
210778,2026-02-08,2027-02-08,2026-02-08,345.53,345.53,,0,Upfront
196848,2026-01-09,2027-01-09,2026-01-09,351.64,351.64,,0,Upfront
210663,2026-02-13,2027-02-13,2026-02-13,351.64,351.64,,0,Upfront
200796,2026-01-16,2027-01-16,2026-01-16,351.64,351.64,,0,Upfront
211600,2026-02-11,2027-02-11,2026-02-11,345.53,345.53,,0,Upfront
203353,2026-01-22,2027-01-22,2026-01-22,427.5,427.5,,0,Upfront
198330,2026-01-11,2027-01-11,2026-01-11,351.64,351.64,,0,Upfront
198305,2026-01-11,2027-01-11,2026-01-11,351.64,351.64,,0,Upfront
197627,2026-01-10,2027-01-10,2026-01-10,351.64,351.64,,0,Upfront
204991,2026-01-25,2027-01-25,2026-01-25,351.64,351.64,,0,Upfront
198303,2026-01-11,2027-01-11,2026-01-11,433.61,433.61,,0,Upfront
200789,2026-01-16,2027-01-16,2026-01-16,269.67,269.67,,0,Upfront
196883,2026-01-09,2027-01-09,2026-01-09,351.64,351.64,,0,Upfront
197587,2026-01-10,2027-01-10,2026-01-10,351.64,351.64,,0,Upfront
201393,2026-01-18,2027-01-18,2026-01-18,351.64,351.64,,0,Upfront
198302,2026-01-11,2027-01-11,2026-01-11,433.61,433.61,,0,Upfront
197578,2026-01-10,2027-01-10,2026-01-10,269.67,269.67,,0,Upfront
206472,2026-01-29,2027-01-29,2026-01-29,269.67,269.67,,0,Upfront
201399,2026-01-17,2027-01-17,2026-01-17,351.64,351.64,,0,Upfront
200757,2026-01-16,2027-01-16,2026-01-16,292.05,292.05,,0,Upfront
203288,2026-01-24,2027-01-24,2026-01-24,263.57,263.57,,0,Upfront
198331,2026-01-11,2027-01-11,2026-01-11,269.67,269.67,,0,Upfront
201137,2026-01-16,2027-01-16,2026-01-16,310.66,310.66,,0,Upfront
204435,2026-01-26,2027-01-26,2026-01-26,433.61,433.61,,0,Upfront
196860,2026-01-09,2027-01-09,2026-01-09,351.64,351.64,,0,Upfront
205257,2026-01-27,2027-01-27,2026-01-27,345.53,345.53,,0,Upfront
204977,2026-02-19,2027-02-19,2026-02-19,351.64,351.64,,0,Upfront
197588,2026-01-10,2027-01-10,2026-01-10,345.53,345.53,,0,Upfront
196857,2026-01-10,2027-01-10,2026-01-10,351.64,351.64,,0,Upfront
199087,2026-01-13,2027-01-13,2026-01-13,433.61,433.61,,0,Upfront
200113,2026-01-15,2027-01-15,2026-01-15,351.64,351.64,,0,Upfront
201382,2026-01-17,2027-01-17,2026-01-17,351.64,351.64,,0,Upfront
198917,2026-01-12,2027-01-12,2026-01-12,351.64,351.64,,0,Upfront
197595,2026-01-10,2027-01-10,2026-01-10,263.57,263.57,,0,Upfront
200773,2026-01-16,2027-01-16,2026-01-16,351.64,351.64,,0,Upfront
196879,2026-01-09,2027-01-09,2026-01-09,269.67,269.67,,0,Upfront
206669,2026-01-29,2027-01-29,2026-01-29,433.61,433.61,,0,Upfront
206420,2026-01-29,2027-01-29,2026-01-29,345.53,345.53,,0,Upfront
201407,2026-01-17,2027-01-17,2026-01-17,433.61,433.61,,0,Upfront
200765,2026-01-16,2027-01-16,2026-01-16,427.5,427.5,,0,Upfront
203356,2026-01-22,2027-01-22,2026-01-22,433.61,433.61,,0,Upfront
199642,2026-01-14,2027-01-14,2026-01-14,351.64,351.64,,0,Upfront
206488,2026-01-29,2027-01-29,2026-01-29,263.57,263.57,,0,Upfront
207119,2026-01-30,2027-01-30,2026-01-30,351.64,351.64,,0,Upfront
211848,2026-02-12,2027-02-12,2026-02-12,351.64,351.64,,0,Upfront
199089,2026-01-13,2027-01-13,2026-01-13,427.5,427.5,,0,Upfront
202923,2026-01-21,2027-01-21,2026-01-21,433.61,433.61,,0,Upfront
207111,2026-01-30,2027-01-30,2026-01-30,433.61,433.61,2026-02-10,433.61,Upfront
202809,2026-01-20,2027-01-21,2026-01-20,435.57,435.57,,0,Upfront
197584,2026-01-10,2027-01-10,2026-01-10,345.53,345.53,,0,Upfront
205382,2026-01-26,2027-01-26,2026-01-26,263.57,263.57,,0,Upfront
198320,2026-01-11,2027-01-11,2026-01-11,351.64,351.64,,0,Upfront
197760,2026-01-13,2027-01-13,2026-01-13,351.64,351.64,,0,Upfront
212621,2026-02-14,2027-02-14,2026-02-14,351.64,351.64,,0,Upfront
200767,2026-01-16,2027-01-16,2026-01-16,339.02,339.02,,0,Upfront
198146,2026-01-11,2027-01-11,2026-01-11,345.53,345.53,,0,Upfront
200039,2026-01-15,2027-01-15,2026-01-15,263.57,263.57,,0,Upfront
198332,2026-01-11,2027-01-11,2026-01-11,345.53,345.53,,0,Upfront
198901,2026-01-12,2027-01-12,2026-01-12,427.5,427.5,,0,Upfront
209524,2026-02-05,2027-02-05,2026-02-05,427.5,427.5,,0,Upfront
198326,2026-01-11,2027-01-11,2026-01-11,351.64,351.64,,0,Upfront
199647,2026-01-14,2027-01-14,2026-01-14,269.67,269.67,,0,Upfront
206480,2026-01-29,2027-01-29,2026-01-29,263.57,263.57,,0,Upfront
215392,2026-02-23,2027-02-23,2026-02-23,351.64,351.64,,0,Upfront
201403,2026-01-17,2027-01-17,2026-01-17,351.64,351.64,,0,Upfront
200648,2026-01-16,2027-01-16,2026-01-16,351.64,351.64,,0,Upfront
200746,2026-01-16,2027-01-16,2026-01-16,345.53,345.53,,0,Upfront
202399,2026-01-19,2027-01-19,2026-01-19,433.61,433.61,,0,Upfront
198313,2026-01-11,2027-01-11,2026-01-11,292.05,292.05,,0,Upfront
198916,2026-01-12,2027-01-12,2026-01-12,345.53,345.53,,0,Upfront
198339,2026-01-11,2027-01-11,2026-01-11,351.64,351.64,,0,Upfront
198308,2026-01-11,2027-01-11,2026-01-11,351.64,351.64,,0,Upfront
198744,2026-01-12,2027-01-12,2026-01-12,351.64,351.64,,0,Upfront
201982,2026-01-18,2027-01-18,2026-01-18,351.64,351.64,,0,Upfront
201794,2026-01-28,2027-01-28,2026-01-28,351.64,351.64,,0,Upfront
192152,2026-01-02,2027-01-02,2026-01-02,433.61,433.61,,0,Upfront
201166,2026-01-17,2027-01-17,2026-01-17,374.02,374.02,,0,Upfront
209914,2026-02-06,2027-02-06,2026-02-06,345.53,345.53,,0,Upfront
198319,2026-01-11,2027-01-11,2026-01-11,345.53,345.53,,0,Upfront
200140,2026-01-15,2027-01-15,2026-01-15,374.02,374.02,,0,Upfront
198907,2026-01-12,2027-01-12,2026-01-12,351.64,351.64,,0,Upfront
201385,2026-01-17,2027-01-17,2026-01-17,345.53,345.53,,0,Upfront
210777,2026-02-08,2027-02-08,2026-02-08,351.64,351.64,,0,Upfront
212986,2026-02-16,2027-02-16,2026-02-16,433.61,433.61,,0,Upfront
206055,2026-01-28,2027-01-28,2026-01-28,433.61,433.61,,0,Upfront
204992,2026-01-25,2027-01-25,2026-01-25,433.61,433.61,,0,Upfront
198903,2026-01-12,2027-01-12,2026-01-12,351.64,351.64,,0,Upfront
200106,2026-01-15,2027-01-15,2026-01-15,269.67,269.67,,0,Upfront
207098,2026-01-30,2027-01-30,2026-01-30,345.53,345.53,,0,Upfront
200116,2026-01-15,2027-01-15,2026-01-15,351.64,351.64,,0,Upfront
200748,2026-01-16,2027-01-16,2026-01-16,351.64,351.64,,0,Upfront
215101,2026-02-22,2027-02-22,2026-02-22,269.67,269.67,,0,Upfront
210879,2026-02-08,2027-02-08,2026-02-08,351.64,351.64,,0,Upfront
200772,2026-01-16,2027-01-16,2026-01-16,433.61,433.61,,0,Upfront
209727,2026-02-05,2027-02-05,2026-02-05,351.64,351.64,,0,Upfront
201396,2026-01-17,2027-01-17,2026-01-17,269.67,269.67,,0,Upfront
209910,2026-02-07,2027-02-07,2026-02-07,351.64,351.64,,0,Upfront
205920,2026-01-27,2027-01-27,2026-01-27,269.67,269.67,,0,Upfront
199543,2026-01-14,2027-01-14,2026-01-14,374.02,374.02,,0,Upfront
201797,2026-01-21,2027-01-21,2026-01-21,374.02,374.02,,0,Upfront
201813,2026-01-18,2027-01-18,2026-01-18,351.64,351.64,,0,Upfront
202402,2026-01-19,2027-01-19,2026-01-19,351.64,351.64,,0,Upfront
201969,2026-01-18,2027-01-18,2026-01-18,351.64,351.64,,0,Upfront
200138,2026-01-15,2027-01-15,2026-01-15,351.64,351.64,,0,Upfront
198340,2026-01-11,2027-01-11,2026-01-11,351.64,351.64,,0,Upfront
211530,2026-02-11,2027-02-11,2026-02-11,351.64,351.64,,0,Upfront
200112,2026-01-15,2027-01-15,2026-01-15,269.67,269.67,,0,Upfront
198913,2026-01-12,2027-01-12,2026-01-12,263.57,263.57,,0,Upfront
202847,2026-01-21,2027-01-21,2026-01-21,351.64,351.64,,0,Upfront
207830,2026-01-31,2027-01-31,2026-01-31,427.5,427.5,,0,Upfront
202240,2026-01-19,2027-01-19,2026-01-19,433.61,433.61,,0,Upfront
198338,2026-01-11,2027-01-11,2026-01-11,345.53,345.53,,0,Upfront
214294,2026-02-20,2027-02-20,2026-02-20,433.61,433.61,,0,Upfront
207143,2026-01-30,2027-01-30,2026-01-30,269.67,269.67,,0,Upfront
205243,2026-01-26,2027-01-26,2026-01-26,351.64,351.64,,0,Upfront
203348,2026-01-22,2027-01-22,2026-01-22,427.5,427.5,,0,Upfront
200142,2026-01-15,2027-01-15,2026-01-15,455.98,455.98,,0,Upfront
201976,2026-01-18,2027-01-18,2026-01-18,433.61,433.61,,0,Upfront
198905,2026-01-12,2027-01-12,2026-01-12,345.53,345.53,,0,Upfront
207831,2026-01-31,2027-01-31,2026-01-31,263.57,263.57,,0,Upfront
214265,2026-02-20,2027-02-20,2026-02-20,339.02,339.02,,0,Upfront
204411,2026-01-24,2027-01-24,2026-01-24,351.64,351.64,,0,Upfront
199638,2026-01-14,2027-01-14,2026-01-14,351.64,351.64,,0,Upfront
200108,2026-01-15,2027-01-15,2026-01-15,351.64,351.64,,0,Upfront
201967,2026-01-18,2027-01-18,2026-01-18,420.98,420.98,,0,Upfront
200042,2026-01-15,2027-01-15,2026-01-15,351.64,351.64,,0,Upfront
200647,2026-01-16,2027-01-16,2026-01-16,427.5,427.5,,0,Upfront
207107,2026-01-31,2027-01-31,2026-01-31,351.64,351.64,,0,Upfront
208393,2026-02-01,2027-02-01,2026-02-01,351.64,351.64,,0,Upfront
198909,2026-01-12,2027-01-12,2026-01-12,351.64,351.64,,0,Upfront
200747,2026-01-16,2027-01-16,2026-01-16,433.61,433.61,,0,Upfront
200779,2026-01-16,2027-01-16,2026-01-16,351.64,351.64,,0,Upfront
202852,2026-02-19,2027-02-19,2026-02-19,351.64,351.64,,0,Upfront
199252,2026-01-13,2027-01-13,2026-01-13,351.64,351.64,,0,Upfront
200093,2026-01-15,2027-01-15,2026-01-15,374.02,374.02,,0,Upfront
205980,2026-01-28,2027-01-28,2026-01-28,351.64,351.64,,0,Upfront
195221,2026-01-07,2027-01-07,2026-01-07,351.64,351.64,,0,Upfront
201962,2026-01-18,2027-01-18,2026-01-18,427.5,427.5,,0,Upfront
200755,2026-01-16,2027-01-16,2026-01-16,351.64,351.64,,0,Upfront
201402,2026-01-17,2027-01-17,2026-01-17,351.64,351.64,,0,Upfront
203341,2026-01-22,2027-01-22,2026-01-22,351.64,351.64,2026-01-27,351.64,Upfront
211844,2026-02-12,2027-02-12,2026-02-12,351.64,351.64,,0,Upfront
199249,2026-01-13,2027-01-13,2026-01-13,351.64,351.64,,0,Upfront
199640,2026-01-14,2027-01-14,2026-01-14,263.57,263.57,,0,Upfront
199261,2026-01-13,2027-01-13,2026-01-13,292.05,292.05,,0,Upfront
200096,2026-01-15,2027-01-15,2026-01-15,269.67,269.67,,0,Upfront
200129,2026-01-15,2027-01-15,2026-01-15,351.64,351.64,,0,Upfront
211126,2026-02-11,2027-02-11,2026-02-11,339.02,339.02,,0,Upfront
214361,2026-02-20,2027-02-20,2026-02-20,351.64,351.64,,0,Upfront
202854,2026-01-21,2027-01-21,2026-01-21,351.64,351.64,,0,Upfront
200134,2026-01-15,2027-01-15,2026-01-15,433.61,433.61,,0,Upfront
203360,2026-01-22,2027-01-22,2026-01-22,374.02,374.02,,0,Upfront
200136,2026-01-15,2027-01-15,2026-01-15,345.53,345.53,,0,Upfront
209509,2026-02-05,2027-02-05,2026-02-05,345.53,345.53,,0,Upfront
207828,2026-01-31,2027-01-31,2026-01-31,345.53,345.53,,0,Upfront
200107,2026-01-15,2027-01-15,2026-01-15,351.64,351.64,,0,Upfront
204405,2026-01-24,2027-01-24,2026-01-24,269.67,269.67,,0,Upfront
204986,2026-01-26,2027-01-26,2026-01-26,263.57,263.57,,0,Upfront
205402,2026-01-26,2027-01-26,2026-01-26,433.61,433.61,,0,Upfront
208410,2026-02-01,2027-02-01,2026-02-01,351.64,351.64,,0,Upfront
200781,2026-01-16,2027-01-16,2026-01-16,433.61,433.61,,0,Upfront
201806,2026-01-18,2027-01-18,2026-01-18,269.67,269.67,,0,Upfront
210894,2026-02-08,2027-02-08,2026-02-08,351.64,351.64,,0,Upfront
201558,2026-01-17,2027-01-17,2026-01-17,433.61,433.61,,0,Upfront
209913,2026-02-06,2027-02-06,2026-02-06,269.67,269.67,,0,Upfront
200137,2026-01-15,2027-01-15,2026-01-15,351.64,351.64,,0,Upfront
202919,2026-01-21,2027-01-21,2026-01-21,351.64,351.64,,0,Upfront
202920,2026-01-21,2027-01-21,2026-01-21,420.98,420.98,,0,Upfront
200652,2026-01-16,2027-01-16,2026-01-16,351.64,351.64,,0,Upfront
204263,2026-01-25,2027-01-25,2026-01-25,351.64,351.64,,0,Upfront
203287,2026-01-22,2027-01-22,2026-01-22,339.02,339.02,,0,Upfront
200101,2026-01-15,2027-01-15,2026-01-15,263.57,263.57,,0,Upfront
200110,2026-01-15,2027-01-15,2026-01-15,351.64,351.64,,0,Upfront
217094,2026-02-28,2027-02-28,2026-02-28,351.64,351.64,,0,Upfront
201375,2026-01-17,2027-01-17,2026-01-17,427.5,427.5,,0,Upfront
212289,2026-02-13,2027-02-13,2026-02-13,351.64,351.64,,0,Upfront
200766,2026-01-16,2027-01-16,2026-01-16,292.05,292.05,,0,Upfront
204434,2026-02-06,2027-02-06,2026-02-06,351.64,351.64,,0,Upfront
212882,2026-02-15,2027-02-15,2026-02-15,433.61,433.61,2026-02-21,433.61,Upfront
200762,2026-01-16,2027-01-16,2026-01-16,374.02,374.02,,0,Upfront
201977,2026-01-18,2027-01-18,2026-01-18,374.02,374.02,,0,Upfront
201964,2026-01-18,2027-01-18,2026-01-18,345.53,345.53,,0,Upfront
204433,2026-01-24,2027-01-24,2026-01-24,351.64,351.64,,0,Upfront
200788,2026-01-16,2027-01-16,2026-01-16,345.53,345.53,,0,Upfront
210890,2026-02-08,2027-02-08,2026-02-08,433.61,433.61,,0,Upfront
200760,2026-01-16,2027-01-16,2026-01-16,269.67,269.67,,0,Upfront
200758,2026-01-16,2027-01-16,2026-01-16,345.53,345.53,,0,Upfront
202395,2026-01-19,2027-01-19,2026-01-19,351.64,351.64,,0,Upfront
200753,2026-01-17,2027-01-17,2026-01-17,263.57,263.57,,0,Upfront
200102,2026-01-15,2027-01-15,2026-01-15,351.64,351.64,,0,Upfront
204432,2026-01-24,2027-01-24,2026-01-24,427.5,427.5,,0,Upfront
205977,2026-01-28,2027-01-28,2026-01-28,351.64,351.64,,0,Upfront
206495,2026-01-29,2027-01-29,2026-01-29,351.64,351.64,,0,Upfront
207153,2026-01-30,2027-01-30,2026-01-30,345.53,345.53,,0,Upfront
202392,2026-01-19,2027-01-19,2026-01-19,433.61,433.61,,0,Upfront
205701,2026-01-27,2027-01-27,2026-01-27,269.67,269.67,,0,Upfront
202388,2026-01-19,2027-01-19,2026-01-19,351.64,351.64,,0,Upfront
209521,2026-02-05,2027-02-05,2026-02-05,351.64,351.64,,0,Upfront
201371,2026-01-17,2027-01-17,2026-01-17,351.64,351.64,,0,Upfront
201800,2026-01-18,2027-01-18,2026-01-18,345.53,345.53,,0,Upfront
205405,2026-01-26,2027-01-26,2026-01-26,433.61,433.61,,0,Upfront
200774,2026-02-05,2027-02-05,2026-02-05,420.98,420.98,,0,Upfront
202640,2026-01-20,2027-01-20,2026-01-20,269.67,269.67,,0,Upfront
216489,2026-02-27,2027-02-27,2026-02-27,351.64,351.64,,0,Upfront
203335,2026-01-22,2027-01-22,2026-01-22,269.67,269.67,,0,Upfront
208408,2026-02-01,2027-02-01,2026-02-01,269.67,269.67,,0,Upfront
201983,2026-01-18,2027-01-18,2026-01-18,351.64,351.64,,0,Upfront
205252,2026-01-26,2027-01-26,2026-01-26,269.67,269.67,,0,Upfront
204441,2026-01-24,2027-01-24,2026-01-24,433.61,433.61,,0,Upfront
201241,2026-01-17,2027-01-17,2026-01-17,351.64,351.64,,0,Upfront
204975,2026-01-25,2027-01-25,2026-01-25,345.53,345.53,,0,Upfront
208769,2026-02-02,2027-02-02,2026-02-02,351.64,351.64,,0,Upfront
200752,2026-01-16,2027-01-16,2026-01-16,351.64,351.64,,0,Upfront
203855,2026-01-23,2027-01-23,2026-01-23,351.64,351.64,,0,Upfront
203352,2026-01-23,2027-01-23,2026-01-23,374.02,374.02,,0,Upfront
212272,2026-02-13,2027-02-13,2026-02-13,351.64,351.64,,0,Upfront
208773,2026-02-03,2027-02-03,2026-02-03,351.64,351.64,,0,Upfront
201386,2026-01-17,2027-01-17,2026-01-17,345.53,345.53,,0,Upfront
201363,2026-01-17,2027-01-17,2026-01-17,351.64,351.64,,0,Upfront
203327,2026-01-22,2027-01-22,2026-01-22,992.38,992.38,,0,Upfront
209830,2026-02-06,2027-02-06,2026-02-06,263.57,263.57,,0,Upfront
205978,2026-01-28,2027-01-28,2026-01-28,345.53,345.53,,0,Upfront
209909,2026-02-06,2027-02-06,2026-02-06,427.5,427.5,,0,Upfront
201972,2026-01-23,2027-01-23,2026-01-23,292.05,292.05,,0,Upfront
215389,2026-02-23,2027-02-23,2026-02-23,351.64,351.64,,0,Upfront
207827,2026-01-31,2027-01-31,2026-01-31,351.64,351.64,,0,Upfront
212284,2026-02-13,2027-02-13,2026-02-13,351.64,351.64,,0,Upfront
207122,2026-01-30,2027-01-30,2026-01-30,345.53,345.53,,0,Upfront
207848,2026-01-31,2027-01-31,2026-01-31,351.64,351.64,,0,Upfront
204974,2026-01-25,2027-01-25,2026-01-25,345.53,345.53,,0,Upfront
204438,2026-01-24,2027-01-24,2026-01-24,263.57,263.57,,0,Upfront
201392,2026-01-18,2027-01-18,2026-01-18,345.53,345.53,,0,Upfront
201380,2026-01-17,2027-01-17,2026-01-17,345.53,345.53,,0,Upfront
203722,2026-02-10,2027-02-10,2026-02-10,427.5,427.5,,0,Upfront
209907,2026-02-06,2027-02-06,2026-02-06,345.53,345.53,,0,Upfront
202236,2026-01-19,2027-01-19,2026-01-19,433.61,433.61,,0,Upfront
202524,2026-01-21,2027-01-21,2026-01-21,269.67,269.67,,0,Upfront
204258,2026-01-26,2027-01-26,2026-01-26,345.53,345.53,,0,Upfront
202396,2026-01-19,2027-01-19,2026-01-19,351.64,351.64,,0,Upfront
205397,2026-01-26,2027-01-26,2026-01-26,269.67,269.67,,0,Upfront
201963,2026-01-18,2027-01-18,2026-01-18,351.64,351.64,,0,Upfront
210589,2026-02-07,2027-02-07,2026-02-07,351.64,351.64,,0,Upfront
213785,2026-02-18,2027-02-18,2026-02-18,339.02,339.02,,0,Upfront
210647,2026-02-25,2027-02-25,2026-02-25,374.02,374.02,,0,Upfront
201381,2026-01-28,2027-01-28,2026-01-28,433.61,433.61,,0,Upfront
201405,2026-01-17,2027-01-17,2026-01-17,269.67,269.67,,0,Upfront
213498,2026-02-17,2027-02-17,2026-02-17,351.64,351.64,,0,Upfront
201365,2026-01-17,2027-01-17,2026-01-17,351.64,351.64,,0,Upfront
201954,2026-01-18,2027-01-18,2026-01-18,351.64,351.64,,0,Upfront
201955,2026-01-20,2027-01-20,2026-01-20,351.64,351.64,,0,Upfront
204976,2026-01-25,2027-01-25,2026-01-25,345.53,345.53,,0,Upfront
206423,2026-01-29,2027-01-29,2026-01-29,345.53,345.53,,0,Upfront
211912,2026-02-12,2027-02-12,2026-02-12,351.64,351.64,,0,Upfront
201406,2026-01-17,2027-01-17,2026-01-17,269.67,269.67,,0,Upfront
212192,2026-02-18,2027-02-18,2026-02-18,345.53,345.53,,0,Upfront
216136,2026-02-26,2027-02-26,2026-02-26,269.67,269.67,,0,Upfront
215500,2026-02-24,2027-02-24,2026-02-24,351.64,351.64,,0,Upfront
211143,2026-02-09,2027-02-09,2026-02-09,433.61,433.61,,0,Upfront
207133,2026-01-30,2027-01-30,2026-01-30,263.57,263.57,,0,Upfront
196349,2026-01-08,2027-01-08,2026-01-08,351.64,351.64,,0,Upfront
202379,2026-01-19,2027-01-19,2026-01-19,351.64,351.64,,0,Upfront
201973,2026-01-18,2027-01-18,2026-01-18,269.67,269.67,,0,Upfront
204409,2026-01-24,2027-01-24,2026-01-24,433.61,433.61,,0,Upfront
203344,2026-01-22,2027-01-22,2026-01-22,345.53,345.53,,0,Upfront
209515,2026-02-05,2027-02-05,2026-02-05,345.53,345.53,,0,Upfront
201965,2026-01-18,2027-01-18,2026-01-18,269.67,269.67,,0,Upfront
205386,2026-01-29,2027-01-29,2026-01-29,351.64,351.64,,0,Upfront
202385,2026-01-19,2027-01-19,2026-01-19,433.61,433.61,,0,Upfront
203830,2026-01-23,2027-01-23,2026-01-23,433.61,433.61,,0,Upfront
216939,2026-02-28,2027-02-28,2026-02-28,351.64,351.64,,0,Upfront
207825,2026-01-31,2027-01-31,2026-01-31,351.64,351.64,,0,Upfront
205380,2026-01-26,2027-01-26,2026-01-26,433.61,433.61,,0,Upfront
203293,2026-01-22,2027-01-22,2026-01-22,427.5,427.5,,0,Upfront
214597,2026-02-21,2027-02-21,2026-02-21,433.61,433.61,,0,Upfront
204429,2026-01-27,2027-01-27,2026-01-27,351.64,351.64,,0,Upfront
203340,2026-01-22,2027-01-22,2026-01-22,345.53,345.53,,0,Upfront
202639,2026-01-20,2027-01-20,2026-01-20,345.53,345.53,,0,Upfront
213651,2026-02-18,2027-02-18,2026-02-18,345.53,345.53,,0,Upfront
203835,2026-01-23,2027-01-23,2026-01-23,351.64,351.64,,0,Upfront
203336,2026-01-22,2027-01-22,2026-01-22,427.5,427.5,,0,Upfront
201970,2026-01-24,2027-01-24,2026-01-24,345.53,345.53,,0,Upfront
204424,2026-01-24,2027-01-24,2026-01-24,351.64,351.64,,0,Upfront
202389,2026-01-19,2027-01-19,2026-01-19,351.64,351.64,,0,Upfront
209919,2026-02-06,2027-02-06,2026-02-06,345.53,345.53,2026-02-28,345.53,Upfront
205993,2026-01-28,2027-01-28,2026-01-28,427.5,427.5,,0,Upfront
204422,2026-01-24,2027-01-24,2026-01-24,269.67,269.67,,0,Upfront
205390,2026-01-26,2027-01-26,2026-01-26,351.64,351.64,,0,Upfront
202398,2026-01-19,2027-01-19,2026-01-19,351.64,351.64,,0,Upfront
215118,2026-02-22,2027-02-22,2026-02-22,351.64,351.64,,0,Upfront
207085,2026-01-30,2027-01-30,2026-01-30,351.64,351.64,,0,Upfront
206485,2026-01-29,2027-01-29,2026-01-29,345.53,345.53,,0,Upfront
206511,2026-01-29,2027-01-29,2026-01-29,427.5,427.5,,0,Upfront
216937,2026-02-28,2027-02-28,2026-02-28,351.64,351.64,,0,Upfront
208407,2026-02-01,2027-02-01,2026-02-01,427.5,427.5,,0,Upfront
212988,2026-02-15,2027-02-15,2026-02-15,351.64,351.64,,0,Upfront
205411,2026-01-26,2027-01-26,2026-01-26,351.64,351.64,,0,Upfront
210779,2026-02-08,2027-02-08,2026-02-08,433.61,433.61,,0,Upfront
203325,2026-01-22,2027-01-22,2026-01-22,351.64,351.64,,0,Upfront
204978,2026-01-26,2027-01-26,2026-01-26,351.64,351.64,,0,Upfront
216512,2026-02-27,2027-02-27,2026-02-27,351.64,351.64,,0,Upfront
206492,2026-01-29,2027-01-29,2026-01-29,263.57,263.57,,0,Upfront
202922,2026-01-21,2027-01-21,2026-01-21,263.57,263.57,,0,Upfront
196340,2026-01-08,2027-01-08,2026-01-08,433.61,433.61,,0,Upfront
204423,2026-01-24,2027-01-24,2026-01-24,345.53,345.53,,0,Upfront
211921,2026-02-12,2027-02-12,2026-02-12,351.64,351.64,,0,Upfront
210237,2026-02-24,2027-02-24,2026-02-24,345.53,345.53,,0,Upfront
203350,2026-01-22,2027-01-22,2026-01-22,351.64,351.64,,0,Upfront
209511,2026-02-05,2027-02-05,2026-02-05,345.53,345.53,,0,Upfront
212288,2026-02-13,2027-02-13,2026-02-13,427.5,427.5,,0,Upfront
205987,2026-01-28,2027-01-28,2026-01-28,345.53,345.53,,0,Upfront
209146,2026-02-04,2027-02-04,2026-02-04,433.61,433.61,,0,Upfront
209904,2026-02-24,2027-02-24,2026-02-24,345.53,345.53,,0,Upfront
202397,2026-01-20,2027-01-20,2026-01-20,345.53,345.53,,0,Upfront
210363,2026-02-07,2027-02-07,2026-02-07,269.67,269.67,,0,Upfront
216499,2026-02-27,2027-02-27,2026-02-27,345.53,345.53,,0,Upfront
206482,2026-01-29,2027-01-29,2026-01-29,345.53,345.53,,0,Upfront
203843,2026-01-23,2027-01-23,2026-01-23,427.5,427.5,,0,Upfront
204259,2026-01-24,2027-01-24,2026-01-24,345.53,345.53,,0,Upfront
216131,2026-02-26,2027-02-26,2026-02-26,433.61,433.61,,0,Upfront
202855,2026-01-21,2027-01-21,2026-01-21,345.53,345.53,,0,Upfront
207562,2026-01-30,2027-01-30,2026-01-30,310.66,310.66,,0,Upfront
204969,2026-01-25,2027-01-25,2026-01-25,345.53,345.53,,0,Upfront
205249,2026-01-29,2027-01-29,2026-01-29,351.64,351.64,,0,Upfront
215123,2026-02-22,2027-02-22,2026-02-22,833.36,833.36,,0,Upfront
207109,2026-01-30,2027-01-30,2026-01-30,351.64,351.64,,0,Upfront
205695,2026-01-27,2027-01-27,2026-01-27,351.64,351.64,,0,Upfront
203337,2026-01-22,2027-01-22,2026-01-22,433.61,433.61,,0,Upfront
197803,2026-01-10,2027-01-10,2026-01-10,433.61,433.61,,0,Upfront
208416,2026-02-01,2027-02-01,2026-02-01,427.5,427.5,,0,Upfront
204800,2026-01-25,2027-01-25,2026-01-25,351.64,351.64,,0,Upfront
204436,2026-01-24,2027-01-24,2026-01-24,427.5,427.5,,0,Upfront
204417,2026-01-24,2027-01-24,2026-01-24,351.64,351.64,,0,Upfront
207855,2026-01-31,2027-01-31,2026-01-31,433.61,433.61,,0,Upfront
212625,2026-02-14,2027-02-14,2026-02-14,433.61,433.61,,0,Upfront
208397,2026-02-01,2027-02-01,2026-02-01,292.05,292.05,,0,Upfront
211131,2026-02-09,2027-02-09,2026-02-09,427.5,427.5,,0,Upfront
203845,2026-01-23,2027-01-23,2026-01-23,351.64,351.64,,0,Upfront
207100,2026-01-30,2027-01-30,2026-01-30,433.61,433.61,,0,Upfront
214293,2026-02-20,2027-02-20,2026-02-20,351.64,351.64,,0,Upfront
203850,2026-01-23,2027-01-23,2026-01-23,345.53,345.53,,0,Upfront
203841,2026-01-23,2027-01-23,2026-01-23,351.64,351.64,,0,Upfront
203837,2026-01-23,2027-01-23,2026-01-23,351.64,351.64,,0,Upfront
215198,2026-02-22,2027-02-22,2026-02-22,351.64,351.64,,0,Upfront
203849,2026-01-23,2027-01-23,2026-01-23,257.05,257.05,,0,Upfront
207092,2026-01-31,2027-01-31,2026-01-31,427.5,427.5,,0,Upfront
204807,2026-01-27,2027-01-27,2026-01-27,345.53,345.53,,0,Upfront
204428,2026-01-27,2027-01-27,2026-01-27,269.67,269.67,,0,Upfront
207156,2026-01-30,2027-01-30,2026-01-30,351.64,351.64,,0,Upfront
207849,2026-01-31,2027-01-31,2026-01-31,345.53,345.53,,0,Upfront
210166,2026-02-08,2027-02-08,2026-02-08,427.5,427.5,,0,Upfront
203332,2026-01-22,2027-01-22,2026-01-22,345.53,345.53,,0,Upfront
204983,2026-01-25,2027-01-25,2026-01-25,269.67,269.67,,0,Upfront
211855,2026-02-12,2027-02-12,2026-02-12,433.61,433.61,,0,Upfront
209608,2026-02-05,2027-02-05,2026-02-05,351.64,351.64,,0,Upfront
207541,2026-01-30,2027-01-30,2026-01-30,392.62,392.62,,0,Upfront
211852,2026-02-12,2027-02-12,2026-02-12,433.61,433.61,,0,Upfront
216965,2026-02-28,2027-02-28,2026-02-28,339.02,339.02,,0,Upfront
210240,2026-02-07,2027-02-07,2026-02-07,351.64,351.64,,0,Upfront
207147,2026-01-30,2027-01-30,2026-01-30,427.5,427.5,,0,Upfront
203856,2026-01-23,2027-01-23,2026-01-23,345.53,345.53,,0,Upfront
211016,2026-02-09,2027-02-09,2026-02-09,427.5,427.5,,0,Upfront
214194,2026-02-21,2027-02-21,2026-02-21,351.64,351.64,,0,Upfront
196304,2026-01-08,2027-01-08,2026-01-08,351.64,351.64,,0,Upfront
211850,2026-02-12,2027-02-12,2026-02-12,351.64,351.64,,0,Upfront
203362,2026-01-22,2027-01-22,2026-01-22,374.02,374.02,,0,Upfront
210587,2026-02-10,2027-02-10,2026-02-10,351.64,351.64,,0,Upfront
203852,2026-01-23,2027-01-23,2026-01-23,345.53,345.53,,0,Upfront
208421,2026-02-01,2027-02-01,2026-02-01,345.53,345.53,,0,Upfront
203469,2026-01-22,2027-01-22,2026-01-22,351.64,351.64,,0,Upfront
207845,2026-01-31,2027-01-31,2026-01-31,351.64,351.64,,0,Upfront
206502,2026-01-29,2027-01-29,2026-01-29,351.64,351.64,,0,Upfront
204427,2026-01-24,2027-01-24,2026-01-24,351.64,351.64,,0,Upfront
203351,2026-01-22,2027-01-22,2026-01-22,374.02,374.02,,0,Upfront
207155,2026-01-30,2027-01-30,2026-01-30,269.67,269.67,,0,Upfront
209399,2026-02-06,2027-02-06,2026-02-06,427.5,427.5,,0,Upfront
203857,2026-01-23,2027-01-23,2026-01-23,269.67,269.67,,0,Upfront
203839,2026-01-23,2027-01-23,2026-01-23,351.64,351.64,,0,Upfront
207081,2026-01-30,2027-01-30,2026-01-30,269.67,269.67,,0,Upfront
203361,2026-01-22,2027-01-22,2026-01-22,345.53,345.53,,0,Upfront
204806,2026-01-25,2027-01-25,2026-01-25,269.67,269.67,,0,Upfront
206064,2026-01-28,2027-01-28,2026-01-28,269.67,269.67,,0,Upfront
207110,2026-01-30,2027-01-30,2026-01-30,427.5,427.5,,0,Upfront
214823,2026-02-21,2027-02-21,2026-02-21,433.61,433.61,,0,Upfront
209518,2026-02-12,2027-02-12,2026-02-12,427.5,427.5,,0,Upfront
205697,2026-01-27,2027-01-27,2026-01-27,269.67,269.67,,0,Upfront
203831,2026-01-24,2027-01-24,2026-01-24,269.67,269.67,,0,Upfront
212994,2026-02-15,2027-02-15,2026-02-15,433.61,433.61,,0,Upfront
203832,2026-01-23,2027-01-23,2026-01-23,351.64,351.64,,0,Upfront
206476,2026-01-29,2027-01-29,2026-01-29,433.61,433.61,,0,Upfront
206422,2026-01-29,2027-01-29,2026-01-29,351.64,351.64,,0,Upfront
205388,2026-01-26,2027-01-26,2026-01-26,427.5,427.5,,0,Upfront
216970,2026-02-28,2027-02-28,2026-02-28,351.64,351.64,,0,Upfront
207078,2026-01-30,2027-01-30,2026-01-30,351.64,351.64,,0,Upfront
207384,2026-01-30,2027-01-30,2026-01-30,351.64,351.64,,0,Upfront
203844,2026-01-23,2027-01-23,2026-01-23,263.57,263.57,,0,Upfront
207102,2026-01-30,2027-01-30,2026-01-30,351.64,351.64,,0,Upfront
204442,2026-01-24,2027-01-24,2026-01-24,351.64,351.64,,0,Upfront
211598,2026-02-11,2027-02-11,2026-02-11,351.64,351.64,,0,Upfront
212268,2026-02-13,2027-02-13,2026-02-13,351.64,351.64,,0,Upfront
207084,2026-01-30,2027-01-30,2026-01-30,351.64,351.64,,0,Upfront
204406,2026-01-24,2027-01-24,2026-01-24,351.64,351.64,,0,Upfront
212995,2026-02-15,2027-02-15,2026-02-15,351.64,351.64,,0,Upfront
205696,2026-01-27,2027-01-27,2026-01-27,263.57,263.57,,0,Upfront
206063,2026-01-28,2027-01-28,2026-01-28,351.64,351.64,,0,Upfront
204988,2026-01-25,2027-01-25,2026-01-25,345.53,345.53,,0,Upfront
207846,2026-01-31,2027-01-31,2026-01-31,345.53,345.53,,0,Upfront
204418,2026-01-24,2027-01-24,2026-01-24,269.67,269.67,,0,Upfront
210787,2026-02-08,2027-02-08,2026-02-08,269.67,269.67,,0,Upfront
203860,2026-01-23,2027-01-23,2026-01-23,345.53,345.53,,0,Upfront
208392,2026-02-01,2027-02-01,2026-02-01,433.61,433.61,,0,Upfront
204420,2026-01-24,2027-01-24,2026-01-24,351.64,351.64,,0,Upfront
204431,2026-01-24,2027-01-24,2026-01-24,351.64,351.64,,0,Upfront
211382,2026-02-10,2027-02-10,2026-02-10,345.53,345.53,,0,Upfront
205705,2026-01-27,2027-01-27,2026-01-27,351.64,351.64,,0,Upfront
205387,2026-01-26,2027-01-26,2026-01-26,345.53,345.53,,0,Upfront
203859,2026-01-23,2027-01-23,2026-01-23,433.61,433.61,,0,Upfront
204413,2026-01-24,2027-01-24,2026-01-24,345.53,345.53,,0,Upfront
205410,2026-01-26,2027-01-26,2026-01-26,345.53,345.53,,0,Upfront
204407,2026-01-24,2027-01-24,2026-01-24,351.64,351.64,,0,Upfront
205381,2026-01-26,2027-01-26,2026-01-26,433.61,433.61,,0,Upfront
196270,2026-01-08,2027-01-08,2026-01-08,269.67,269.67,,0,Upfront
208409,2026-02-01,2027-02-01,2026-02-01,433.61,433.61,,0,Upfront
205984,2026-01-28,2027-01-28,2026-01-28,351.64,351.64,,0,Upfront
204439,2026-01-24,2027-01-24,2026-01-24,433.61,433.61,,0,Upfront
208256,2026-02-05,2027-02-05,2026-02-05,351.64,351.64,,0,Upfront
215399,2026-02-23,2027-02-23,2026-02-23,351.64,351.64,,0,Upfront
207852,2026-01-31,2027-01-31,2026-01-31,263.57,263.57,,0,Upfront
205094,2026-01-25,2027-01-25,2026-01-25,351.64,351.64,,0,Upfront
204972,2026-01-25,2027-01-25,2026-01-25,433.61,433.61,,0,Upfront
209519,2026-02-05,2027-02-05,2026-02-05,345.53,345.53,,0,Upfront
204979,2026-01-25,2027-01-25,2026-01-25,351.64,351.64,,0,Upfront
208412,2026-02-01,2027-02-01,2026-02-01,351.64,351.64,,0,Upfront
207101,2026-02-12,2027-02-12,2026-02-12,345.53,345.53,,0,Upfront
212522,2026-02-14,2027-02-14,2026-02-14,269.67,269.67,,0,Upfront
204419,2026-02-12,2027-02-12,2026-02-12,433.61,433.61,,0,Upfront
206058,2026-01-28,2027-01-28,2026-01-28,351.64,351.64,,0,Upfront
209927,2026-02-06,2027-02-06,2026-02-06,339.02,339.02,,0,Upfront
205406,2026-01-27,2027-01-27,2026-01-27,269.67,269.67,,0,Upfront
205242,2026-01-29,2027-01-29,2026-01-29,269.67,269.67,,0,Upfront
211904,2026-02-12,2027-02-12,2026-02-12,351.64,351.64,,0,Upfront
207127,2026-01-30,2027-01-30,2026-01-30,351.64,351.64,,0,Upfront
204425,2026-01-24,2027-01-24,2026-01-24,351.64,351.64,,0,Upfront
216117,2026-02-26,2027-02-26,2026-02-26,433.61,433.61,,0,Upfront
204985,2026-01-25,2027-01-25,2026-01-25,433.61,433.61,,0,Upfront
206060,2026-01-30,2027-01-30,2026-01-30,351.64,351.64,,0,Upfront
192178,2026-01-02,2027-01-02,2026-01-02,351.64,351.64,,0,Upfront
206493,2026-01-29,2027-01-29,2026-01-29,351.64,351.64,,0,Upfront
209522,2026-02-05,2027-02-05,2026-02-05,263.57,263.57,,0,Upfront
206066,2026-02-03,2027-02-03,2026-02-03,351.64,351.64,,0,Upfront
205988,2026-01-29,2027-01-29,2026-01-29,433.61,433.61,,0,Upfront
209785,2026-02-05,2027-02-05,2026-02-05,263.57,263.57,,0,Upfront
214733,2026-02-21,2027-02-21,2026-02-21,427.5,427.5,,0,Upfront
206500,2026-01-29,2027-01-29,2026-01-29,257.05,257.05,,0,Upfront
204995,2026-01-25,2027-01-25,2026-01-25,351.64,351.64,,0,Upfront
211534,2026-02-12,2027-02-12,2026-02-12,345.53,345.53,,0,Upfront
206483,2026-01-29,2027-01-29,2026-01-29,433.61,433.61,,0,Upfront
206470,2026-01-29,2027-01-29,2026-01-29,351.64,351.64,,0,Upfront
204982,2026-01-25,2027-01-25,2026-01-25,269.67,269.67,,0,Upfront
204980,2026-01-25,2027-01-25,2026-01-25,351.64,351.64,,0,Upfront
205383,2026-01-26,2027-01-26,2026-01-26,345.53,345.53,,0,Upfront
205395,2026-01-26,2027-01-26,2026-01-26,427.5,427.5,,0,Upfront
207839,2026-01-31,2027-01-31,2026-01-31,345.53,345.53,,0,Upfront
210374,2026-02-07,2027-02-07,2026-02-07,351.64,351.64,,0,Upfront
206479,2026-01-29,2027-01-29,2026-01-29,351.64,351.64,,0,Upfront
205408,2026-01-28,2027-01-28,2026-01-28,351.64,351.64,,0,Upfront
207080,2026-01-30,2027-01-30,2026-01-30,433.61,433.61,,0,Upfront
204993,2026-01-25,2027-01-25,2026-01-25,433.61,433.61,,0,Upfront
206947,2026-01-30,2027-01-30,2026-01-30,351.64,351.64,,0,Upfront
206490,2026-01-29,2027-01-29,2026-01-29,433.61,433.61,,0,Upfront
205398,2026-01-26,2027-01-26,2026-01-26,345.53,345.53,,0,Upfront
206054,2026-01-28,2027-01-28,2026-01-28,427.5,427.5,,0,Upfront
207120,2026-01-30,2027-01-30,2026-01-30,427.5,427.5,,0,Upfront
209906,2026-02-06,2027-02-06,2026-02-06,351.64,351.64,,0,Upfront
207105,2026-01-31,2027-01-31,2026-01-31,263.57,263.57,,0,Upfront
206475,2026-01-29,2027-01-29,2026-01-29,345.53,345.53,,0,Upfront
206512,2026-01-29,2027-01-29,2026-01-29,345.53,345.53,,0,Upfront
193318,2026-01-03,2027-01-03,2026-01-03,269.67,269.67,,0,Upfront
209506,2026-02-05,2027-02-05,2026-02-05,351.64,351.64,,0,Upfront
214720,2026-02-21,2027-02-21,2026-02-21,351.64,351.64,,0,Upfront
209512,2026-02-05,2027-02-05,2026-02-05,345.53,345.53,,0,Upfront
208391,2026-02-01,2027-02-01,2026-02-01,269.67,269.67,,0,Upfront
205392,2026-01-26,2027-01-26,2026-01-26,433.61,433.61,,0,Upfront
205992,2026-01-28,2027-01-28,2026-01-28,345.53,345.53,,0,Upfront
205391,2026-01-26,2027-01-26,2026-01-26,351.64,351.64,,0,Upfront
207673,2026-01-31,2027-01-31,2026-01-31,351.64,351.64,,0,Upfront
205389,2026-01-26,2027-01-26,2026-01-26,263.57,263.57,,0,Upfront
207096,2026-01-30,2027-01-30,2026-01-30,345.53,345.53,,0,Upfront
208419,2026-02-01,2027-02-01,2026-02-01,351.64,351.64,,0,Upfront
207837,2026-01-31,2027-01-31,2026-01-31,269.67,269.67,,0,Upfront
211013,2026-02-10,2027-02-10,2026-02-10,345.53,345.53,,0,Upfront
208395,2026-02-01,2027-02-01,2026-02-01,269.67,269.67,,0,Upfront
209905,2026-02-06,2027-02-06,2026-02-06,433.61,433.61,,0,Upfront
216510,2026-02-27,2027-02-27,2026-02-27,339.02,339.02,,0,Upfront
205702,2026-01-27,2027-01-27,2026-01-27,345.53,345.53,,0,Upfront
205703,2026-01-27,2027-01-27,2026-01-27,351.64,351.64,,0,Upfront
206478,2026-01-29,2027-01-29,2026-01-29,269.67,269.67,,0,Upfront
206498,2026-01-31,2027-01-31,2026-01-31,269.67,269.67,,0,Upfront
210361,2026-02-07,2027-02-07,2026-02-07,339.02,339.02,,0,Upfront
207154,2026-01-30,2027-01-30,2026-01-30,263.57,263.57,,0,Upfront
214288,2026-02-20,2027-02-20,2026-02-20,351.64,351.64,,0,Upfront
206059,2026-01-28,2027-01-28,2026-01-28,351.64,351.64,,0,Upfront
201510,2026-01-17,2027-01-17,2026-01-17,351.64,351.64,,0,Upfront
211909,2026-02-12,2027-02-12,2026-02-12,263.57,263.57,,0,Upfront
216128,2026-02-26,2027-02-26,2026-02-26,433.61,433.61,,0,Upfront
188225,2026-01-10,2027-01-10,2026-01-10,351.64,351.64,,0,Upfront
208394,2026-02-01,2027-02-01,2026-02-01,345.53,345.53,,0,Upfront
206471,2026-01-29,2027-01-29,2026-01-29,351.64,351.64,,0,Upfront
197761,2026-01-14,2027-01-14,2026-01-14,433.61,433.61,,0,Upfront
208970,2026-02-03,2027-02-03,2026-02-03,351.64,351.64,,0,Upfront
212512,2026-02-13,2027-02-13,2026-02-13,351.64,351.64,,0,Upfront
210771,2026-02-09,2027-02-09,2026-02-09,351.64,351.64,,0,Upfront
211134,2026-02-09,2027-02-09,2026-02-09,351.64,351.64,,0,Upfront
206497,2026-01-30,2027-01-30,2026-01-30,351.64,351.64,,0,Upfront
211849,2026-02-21,2027-02-21,2026-02-21,345.53,345.53,,0,Upfront
208880,2026-02-03,2027-02-03,2026-02-03,345.53,345.53,,0,Upfront
210377,2026-02-07,2027-02-07,2026-02-07,345.53,345.53,,0,Upfront
206477,2026-01-29,2027-01-29,2026-01-29,345.53,345.53,,0,Upfront
207123,2026-01-31,2027-01-31,2026-01-31,351.64,351.64,,0,Upfront
207675,2026-01-31,2027-01-31,2026-01-31,263.57,263.57,,0,Upfront
206508,2026-01-29,2027-01-29,2026-01-29,269.67,269.67,,0,Upfront
206514,2026-02-22,2027-02-22,2026-02-22,351.64,351.64,,0,Upfront
211144,2026-02-10,2027-02-10,2026-02-10,345.53,345.53,,0,Upfront
206473,2026-01-29,2027-01-29,2026-01-29,263.57,263.57,,0,Upfront
207836,2026-01-31,2027-01-31,2026-01-31,269.67,269.67,,0,Upfront
207108,2026-01-30,2027-01-30,2026-01-30,351.64,351.64,,0,Upfront
215100,2026-02-22,2027-02-22,2026-02-22,345.53,345.53,,0,Upfront
188405,2026-01-09,2027-01-09,2026-01-09,351.64,351.64,,0,Upfront
207130,2026-01-30,2027-01-30,2026-01-30,269.67,269.67,,0,Upfront
208403,2026-02-02,2027-02-02,2026-02-02,345.53,345.53,,0,Upfront
208777,2026-02-02,2027-02-02,2026-02-02,263.57,263.57,,0,Upfront
207854,2026-01-31,2027-01-31,2026-01-31,345.53,345.53,,0,Upfront
208639,2026-02-02,2027-02-02,2026-02-02,433.61,433.61,,0,Upfront
214281,2026-02-20,2027-02-20,2026-02-20,351.64,351.64,,0,Upfront
206481,2026-01-29,2027-01-29,2026-01-29,345.53,345.53,,0,Upfront
207087,2026-01-30,2027-01-30,2026-01-30,269.67,269.67,,0,Upfront
208257,2026-02-01,2027-02-01,2026-02-01,833.36,833.36,,0,Upfront
216982,2026-02-28,2027-02-28,2026-02-28,351.64,351.64,,0,Upfront
207091,2026-01-31,2027-01-31,2026-01-31,345.53,345.53,,0,Upfront
207824,2026-01-31,2027-01-31,2026-01-31,345.53,345.53,,0,Upfront
195413,2026-01-07,2027-01-07,2026-01-07,433.61,433.61,,0,Upfront
206949,2026-01-30,2027-01-30,2026-01-30,351.64,351.64,,0,Upfront
208406,2026-02-01,2027-02-01,2026-02-01,263.57,263.57,,0,Upfront
207131,2026-01-30,2027-01-30,2026-01-30,345.53,345.53,,0,Upfront
207671,2026-02-01,2027-02-01,2026-02-01,351.64,351.64,,0,Upfront
209926,2026-02-06,2027-02-06,2026-02-06,433.61,433.61,,0,Upfront
208399,2026-02-01,2027-02-01,2026-02-01,269.67,269.67,,0,Upfront
207151,2026-01-30,2027-01-30,2026-01-30,269.67,269.67,,0,Upfront
207115,2026-01-31,2027-01-31,2026-01-31,345.53,345.53,,0,Upfront
209504,2026-02-05,2027-02-05,2026-02-05,351.64,351.64,,0,Upfront
207117,2026-01-30,2027-01-30,2026-01-30,345.53,345.53,,0,Upfront
216500,2026-02-27,2027-02-27,2026-02-27,351.64,351.64,,0,Upfront
208762,2026-02-02,2027-02-02,2026-02-02,433.61,433.61,2026-02-06,81.97,Upfront
207125,2026-01-30,2027-01-30,2026-01-30,345.53,345.53,,0,Upfront
215290,2026-02-24,2027-02-24,2026-02-24,345.53,345.53,,0,Upfront
210655,2026-02-08,2027-02-08,2026-02-08,351.64,351.64,,0,Upfront
207088,2026-01-30,2027-01-30,2026-01-30,345.53,345.53,,0,Upfront
213803,2026-02-18,2027-02-18,2026-02-18,351.64,351.64,,0,Upfront
207118,2026-01-30,2027-01-30,2026-01-30,269.67,269.67,,0,Upfront
207106,2026-01-30,2027-01-30,2026-01-30,351.64,351.64,,0,Upfront
214731,2026-02-21,2027-02-21,2026-02-21,339.02,339.02,,0,Upfront
207840,2026-01-31,2027-01-31,2026-01-31,351.64,351.64,,0,Upfront
215105,2026-02-22,2027-02-22,2026-02-22,351.64,351.64,,0,Upfront
208258,2026-02-10,2027-02-10,2026-02-10,351.64,351.64,,0,Upfront
207142,2026-01-30,2027-01-30,2026-01-30,351.64,351.64,,0,Upfront
211135,2026-02-09,2027-02-09,2026-02-09,351.64,351.64,,0,Upfront
207116,2026-01-30,2027-01-30,2026-01-30,345.53,345.53,,0,Upfront
207826,2026-01-31,2027-01-31,2026-01-31,351.64,351.64,,0,Upfront
208417,2026-02-02,2027-02-02,2026-02-02,433.61,433.61,,0,Upfront
195218,2026-01-07,2027-01-07,2026-01-07,269.67,269.67,,0,Upfront
209508,2026-02-05,2027-02-05,2026-02-05,351.64,351.64,,0,Upfront
211495,2026-02-10,2027-02-10,2026-02-10,351.64,351.64,,0,Upfront
210367,2026-02-07,2027-02-07,2026-02-07,433.61,433.61,,0,Upfront
208402,2026-02-01,2027-02-01,2026-02-01,433.61,433.61,2026-02-03,433.61,Upfront
208971,2026-02-03,2027-02-03,2026-02-03,351.64,351.64,,0,Upfront
211922,2026-02-12,2027-02-12,2026-02-12,269.67,269.67,,0,Upfront
211599,2026-02-11,2027-02-11,2026-02-11,263.57,263.57,,0,Upfront
207137,2026-01-30,2027-01-30,2026-01-30,345.53,345.53,,0,Upfront
208422,2026-02-03,2027-02-03,2026-02-03,263.57,263.57,,0,Upfront
212984,2026-02-15,2027-02-15,2026-02-15,351.64,351.64,,0,Upfront
207851,2026-01-31,2027-01-31,2026-01-31,351.64,351.64,,0,Upfront
216980,2026-02-28,2027-02-28,2026-02-28,351.64,351.64,,0,Upfront
207829,2026-01-31,2027-01-31,2026-01-31,345.53,345.53,,0,Upfront
216497,2026-02-27,2027-02-27,2026-02-27,345.53,345.53,,0,Upfront
207823,2026-01-31,2027-01-31,2026-01-31,433.61,433.61,,0,Upfront
211132,2026-02-09,2027-02-09,2026-02-09,269.67,269.67,,0,Upfront
207857,2026-01-31,2027-01-31,2026-01-31,351.64,351.64,,0,Upfront
208420,2026-02-01,2027-02-01,2026-02-01,433.61,433.61,,0,Upfront
208772,2026-02-02,2027-02-02,2026-02-02,345.53,345.53,,0,Upfront
208401,2026-02-01,2027-02-01,2026-02-01,269.67,269.67,,0,Upfront
207844,2026-01-31,2027-01-31,2026-01-31,351.64,351.64,,0,Upfront
207853,2026-01-31,2027-01-31,2026-01-31,351.64,351.64,,0,Upfront
211381,2026-02-10,2027-02-10,2026-02-10,351.64,351.64,,0,Upfront
208775,2026-02-02,2027-02-02,2026-02-02,345.53,345.53,,0,Upfront
208972,2026-02-04,2027-02-04,2026-02-04,345.53,345.53,,0,Upfront
215391,2026-02-23,2027-02-23,2026-02-23,351.64,351.64,,0,Upfront
208874,2026-02-03,2027-02-03,2026-02-03,310.66,310.66,,0,Upfront
207859,2026-01-31,2027-01-31,2026-01-31,269.67,269.67,,0,Upfront
208782,2026-02-02,2027-02-02,2026-02-02,351.64,351.64,,0,Upfront
212273,2026-02-13,2027-02-13,2026-02-13,345.53,345.53,,0,Upfront
210653,2026-02-08,2027-02-08,2026-02-08,427.5,427.5,,0,Upfront
212996,2026-02-15,2027-02-15,2026-02-15,351.64,351.64,,0,Upfront
208404,2026-02-01,2027-02-01,2026-02-01,351.64,351.64,,0,Upfront
210794,2026-02-08,2027-02-08,2026-02-08,351.64,351.64,,0,Upfront
209903,2026-02-06,2027-02-06,2026-02-06,345.53,345.53,,0,Upfront
209523,2026-02-05,2027-02-05,2026-02-05,269.67,269.67,,0,Upfront
209517,2026-02-05,2027-02-05,2026-02-05,345.53,345.53,,0,Upfront
216404,2026-02-27,2027-02-27,2026-02-27,427.5,427.5,,0,Upfront
210770,2026-02-08,2027-02-08,2026-02-08,351.64,351.64,,0,Upfront
208779,2026-02-02,2027-02-02,2026-02-02,345.53,345.53,,0,Upfront
208766,2026-02-02,2027-02-02,2026-02-02,351.64,351.64,,0,Upfront
211011,2026-02-09,2027-02-09,2026-02-09,345.53,345.53,,0,Upfront
209463,2026-02-05,2027-02-05,2026-02-05,351.64,351.64,,0,Upfront
211137,2026-02-09,2027-02-09,2026-02-09,263.57,263.57,,0,Upfront
209520,2026-02-05,2027-02-05,2026-02-05,345.53,345.53,,0,Upfront
209829,2026-02-09,2027-02-09,2026-02-09,269.67,269.67,,0,Upfront
213247,2026-02-16,2027-02-16,2026-02-16,427.5,427.5,,0,Upfront
216835,2026-02-28,2027-02-28,2026-02-28,433.61,433.61,,0,Upfront
210364,2026-02-07,2027-02-07,2026-02-07,263.57,263.57,,0,Upfront
210366,2026-02-07,2027-02-07,2026-02-07,351.64,351.64,,0,Upfront
209917,2026-02-07,2027-02-07,2026-02-07,433.61,433.61,,0,Upfront
211916,2026-02-12,2027-02-12,2026-02-12,351.64,351.64,,0,Upfront
211854,2026-02-12,2027-02-12,2026-02-12,351.64,351.64,,0,Upfront
203950,2026-01-23,2027-01-23,2026-01-23,351.64,351.64,,0,Upfront
208774,2026-02-02,2027-02-02,2026-02-02,433.61,433.61,,0,Upfront
208973,2026-02-03,2027-02-03,2026-02-03,263.57,263.57,,0,Upfront
211140,2026-02-13,2027-02-13,2026-02-13,427.5,427.5,,0,Upfront
216504,2026-02-27,2027-02-27,2026-02-27,351.64,351.64,,0,Upfront
209507,2026-02-05,2027-02-05,2026-02-05,351.64,351.64,,0,Upfront
216129,2026-02-26,2027-02-26,2026-02-26,351.64,351.64,,0,Upfront
209514,2026-02-05,2027-02-05,2026-02-05,345.53,345.53,,0,Upfront
209726,2026-02-05,2027-02-05,2026-02-05,310.66,310.66,,0,Upfront
209916,2026-02-06,2027-02-06,2026-02-06,351.64,351.64,,0,Upfront
211537,2026-02-11,2027-02-11,2026-02-11,345.53,345.53,,0,Upfront
208770,2026-02-02,2027-02-02,2026-02-02,345.53,345.53,,0,Upfront
209527,2026-02-05,2027-02-05,2026-02-05,345.53,345.53,,0,Upfront
208783,2026-02-13,2027-02-13,2026-02-13,351.64,351.64,,0,Upfront
211261,2026-02-10,2027-02-10,2026-02-10,345.53,345.53,,0,Upfront
209928,2026-02-06,2027-02-06,2026-02-06,351.64,351.64,,0,Upfront
210362,2026-02-07,2027-02-07,2026-02-07,345.53,345.53,,0,Upfront
211138,2026-02-09,2027-02-09,2026-02-09,263.57,263.57,,0,Upfront
216402,2026-02-27,2027-02-27,2026-02-27,427.5,427.5,,0,Upfront
211601,2026-02-11,2027-02-11,2026-02-11,427.5,427.5,,0,Upfront
211915,2026-02-12,2027-02-12,2026-02-12,351.64,351.64,,0,Upfront
209510,2026-02-05,2027-02-05,2026-02-05,263.57,263.57,,0,Upfront
207325,2026-01-30,2027-01-30,2026-01-30,433.61,433.61,,0,Upfront
210654,2026-02-08,2027-02-08,2026-02-08,433.61,433.61,,0,Upfront
210791,2026-02-08,2027-02-08,2026-02-08,263.57,263.57,,0,Upfront
213426,2026-02-17,2027-02-17,2026-02-17,427.5,427.5,,0,Upfront
209908,2026-02-06,2027-02-06,2026-02-06,351.64,351.64,,0,Upfront
209923,2026-02-06,2027-02-06,2026-02-06,420.98,420.98,,0,Upfront
209929,2026-02-06,2027-02-06,2026-02-06,351.64,351.64,,0,Upfront
212618,2026-02-14,2027-02-14,2026-02-14,345.53,345.53,,0,Upfront
210381,2026-02-07,2027-02-07,2026-02-07,345.53,345.53,,0,Upfront
188425,2026-01-02,2027-01-02,2026-01-02,351.64,351.64,,0,Upfront
210792,2026-02-08,2027-02-08,2026-02-08,427.5,427.5,2026-02-18,427.5,Upfront
209912,2026-02-06,2027-02-06,2026-02-06,339.02,339.02,,0,Upfront
208240,2026-01-31,2027-01-31,2026-01-31,351.64,351.64,,0,Upfront
215193,2026-02-22,2027-02-22,2026-02-22,351.64,351.64,,0,Upfront
197790,2026-01-10,2027-01-10,2026-01-10,351.64,351.64,,0,Upfront
211127,2026-02-10,2027-02-10,2026-02-10,345.53,345.53,,0,Upfront
209911,2026-02-06,2027-02-06,2026-02-06,351.64,351.64,,0,Upfront
209921,2026-02-06,2027-02-06,2026-02-06,351.64,351.64,,0,Upfront
209516,2026-02-10,2027-02-10,2026-02-10,351.64,351.64,,0,Upfront
211146,2026-02-09,2027-02-09,2026-02-09,351.64,351.64,,0,Upfront
210782,2026-02-08,2027-02-08,2026-02-08,351.64,351.64,,0,Upfront
210369,2026-02-07,2027-02-07,2026-02-07,351.64,351.64,,0,Upfront
211608,2026-02-11,2027-02-11,2026-02-11,351.64,351.64,,0,Upfront
211133,2026-02-09,2027-02-09,2026-02-09,345.53,345.53,,0,Upfront
211906,2026-02-12,2027-02-12,2026-02-12,345.53,345.53,,0,Upfront
215122,2026-02-25,2027-02-25,2026-02-25,433.61,433.61,,0,Upfront
210243,2026-02-07,2027-02-07,2026-02-07,351.64,351.64,,0,Upfront
211141,2026-02-09,2027-02-09,2026-02-09,433.61,433.61,,0,Upfront
210380,2026-02-07,2027-02-07,2026-02-07,339.02,339.02,,0,Upfront
210796,2026-02-08,2027-02-08,2026-02-08,345.53,345.53,,0,Upfront
211907,2026-02-12,2027-02-12,2026-02-12,433.61,433.61,,0,Upfront
212267,2026-02-13,2027-02-13,2026-02-13,427.5,427.5,,0,Upfront
214280,2026-02-20,2027-02-20,2026-02-20,345.53,345.53,,0,Upfront
196272,2026-01-08,2027-01-08,2026-01-08,345.53,345.53,,0,Upfront
210365,2026-02-08,2027-02-08,2026-02-08,269.67,269.67,,0,Upfront
210382,2026-02-07,2027-02-07,2026-02-07,345.53,345.53,,0,Upfront
211536,2026-02-11,2027-02-11,2026-02-11,345.53,345.53,,0,Upfront
212274,2026-02-13,2027-02-13,2026-02-13,351.64,351.64,,0,Upfront
210249,2026-02-08,2027-02-08,2026-02-08,351.64,351.64,,0,Upfront
210652,2026-02-08,2027-02-08,2026-02-08,433.61,433.61,,0,Upfront
210368,2026-02-07,2027-02-07,2026-02-07,263.57,263.57,,0,Upfront
216138,2026-02-26,2027-02-26,2026-02-26,351.64,351.64,,0,Upfront
213919,2026-02-19,2027-02-19,2026-02-19,351.64,351.64,,0,Upfront
216135,2026-02-26,2027-02-26,2026-02-26,345.53,345.53,,0,Upfront
214497,2026-02-20,2027-02-20,2026-02-20,310.66,310.66,,0,Upfront
215110,2026-02-22,2027-02-22,2026-02-22,269.67,269.67,,0,Upfront
211136,2026-02-09,2027-02-09,2026-02-09,433.61,433.61,,0,Upfront
213876,2026-02-19,2027-02-19,2026-02-19,1233.36,1233.36,,0,Upfront
213245,2026-02-16,2027-02-16,2026-02-16,351.64,351.64,,0,Upfront
210785,2026-02-08,2027-02-08,2026-02-08,427.5,427.5,,0,Upfront
216495,2026-02-27,2027-02-27,2026-02-27,351.64,351.64,,0,Upfront
211383,2026-02-25,2027-02-25,2026-02-25,351.64,351.64,,0,Upfront
215098,2026-02-23,2027-02-23,2026-02-23,351.64,351.64,,0,Upfront
210775,2026-02-08,2027-02-08,2026-02-08,351.64,351.64,,0,Upfront
213474,2026-02-17,2027-02-17,2026-02-17,269.67,269.67,,0,Upfront
210793,2026-02-08,2027-02-08,2026-02-08,269.67,269.67,,0,Upfront
216940,2026-02-28,2027-02-28,2026-02-28,351.64,351.64,,0,Upfront
212627,2026-02-14,2027-02-14,2026-02-14,345.53,345.53,,0,Upfront
211919,2026-02-12,2027-02-12,2026-02-12,269.67,269.67,,0,Upfront
213156,2026-02-16,2027-02-16,2026-02-16,351.64,351.64,,0,Upfront
212634,2026-02-14,2027-02-14,2026-02-14,351.64,351.64,,0,Upfront
210375,2026-02-07,2027-02-07,2026-02-07,427.5,427.5,,0,Upfront
210789,2026-02-08,2027-02-08,2026-02-08,345.53,345.53,,0,Upfront
210790,2026-02-08,2027-02-08,2026-02-08,351.64,351.64,,0,Upfront
216118,2026-02-26,2027-02-26,2026-02-26,351.64,351.64,,0,Upfront
211139,2026-02-09,2027-02-09,2026-02-09,345.53,345.53,,0,Upfront
215097,2026-02-25,2027-02-25,2026-02-25,433.61,433.61,,0,Upfront
210784,2026-02-08,2027-02-08,2026-02-08,433.61,433.61,,0,Upfront
213935,2026-02-19,2027-02-19,2026-02-19,433.61,433.61,,0,Upfront
213922,2026-02-19,2027-02-19,2026-02-19,351.64,351.64,,0,Upfront
213343,2026-02-17,2027-02-17,2026-02-17,427.5,427.5,,0,Upfront
214714,2026-02-21,2027-02-21,2026-02-21,351.64,351.64,,0,Upfront
210772,2026-02-08,2027-02-08,2026-02-08,351.64,351.64,,0,Upfront
210774,2026-02-08,2027-02-08,2026-02-08,351.64,351.64,,0,Upfront
213923,2026-02-19,2027-02-19,2026-02-19,351.64,351.64,,0,Upfront
210781,2026-02-08,2027-02-08,2026-02-08,345.53,345.53,,0,Upfront
211145,2026-02-09,2027-02-09,2026-02-09,433.61,433.61,,0,Upfront
215774,2026-02-25,2027-02-25,2026-02-25,345.53,345.53,,0,Upfront
215832,2026-02-25,2027-02-25,2026-02-25,351.64,351.64,,0,Upfront
211908,2026-02-12,2027-02-12,2026-02-12,345.53,345.53,,0,Upfront
213332,2026-02-17,2027-02-18,2026-02-17,351.64,351.64,,0,Upfront
211147,2026-02-09,2027-02-09,2026-02-09,427.5,427.5,,0,Upfront
211142,2026-02-09,2027-02-09,2026-02-09,351.64,351.64,,0,Upfront
211914,2026-02-12,2027-02-12,2026-02-12,351.64,351.64,,0,Upfront
215834,2026-02-25,2027-02-25,2026-02-25,339.02,339.02,,0,Upfront
212266,2026-02-13,2027-02-13,2026-02-13,339.02,339.02,,0,Upfront
212287,2026-02-13,2027-02-13,2026-02-13,345.53,345.53,,0,Upfront
212990,2026-02-15,2027-02-15,2026-02-15,351.64,351.64,,0,Upfront
213243,2026-02-16,2027-02-16,2026-02-16,351.64,351.64,,0,Upfront
211130,2026-02-09,2027-02-09,2026-02-09,263.57,263.57,,0,Upfront
212623,2026-02-14,2027-02-14,2026-02-14,345.53,345.53,,0,Upfront
188048,2026-01-02,2027-01-02,2026-01-02,351.64,351.64,,0,Upfront
211905,2026-02-12,2027-02-12,2026-02-12,345.53,345.53,,0,Upfront
215106,2026-02-22,2027-02-22,2026-02-22,345.53,345.53,,0,Upfront
212993,2026-02-15,2027-02-15,2026-02-15,345.53,345.53,,0,Upfront
213241,2026-02-17,2027-02-17,2026-02-17,351.64,351.64,,0,Upfront
213239,2026-02-16,2027-02-16,2026-02-16,433.61,433.61,,0,Upfront
211910,2026-02-12,2027-02-12,2026-02-12,351.64,351.64,,0,Upfront
213652,2026-02-18,2027-02-18,2026-02-18,351.64,351.64,,0,Upfront
212281,2026-02-13,2027-02-13,2026-02-13,433.61,433.61,,0,Upfront
188853,2026-01-02,2027-01-02,2026-01-02,433.61,433.61,,0,Upfront
212270,2026-02-13,2027-02-13,2026-02-13,345.53,345.53,,0,Upfront
216967,2026-02-28,2027-02-28,2026-02-28,345.53,345.53,,0,Upfront
194130,2026-01-04,2027-01-04,2026-01-04,433.61,433.61,,0,Upfront
215509,2026-02-24,2027-02-24,2026-02-24,345.53,345.53,,0,Upfront
212286,2026-02-13,2027-02-13,2026-02-13,345.53,345.53,,0,Upfront
212637,2026-02-14,2027-02-14,2026-02-14,351.64,351.64,,0,Upfront
212983,2026-02-15,2027-02-15,2026-02-15,351.64,351.64,,0,Upfront
212991,2026-02-15,2027-02-15,2026-02-15,351.64,351.64,,0,Upfront
211917,2026-02-12,2027-02-12,2026-02-12,351.64,351.64,,0,Upfront
212282,2026-02-13,2027-02-13,2026-02-13,351.64,351.64,,0,Upfront
215010,2026-02-22,2027-02-22,2026-02-22,351.64,351.64,,0,Upfront
212624,2026-02-14,2027-02-14,2026-02-14,351.64,351.64,,0,Upfront
212279,2026-02-13,2027-02-13,2026-02-13,351.64,351.64,,0,Upfront
213427,2026-02-17,2027-02-17,2026-02-17,351.64,351.64,,0,Upfront
214289,2026-02-20,2027-02-20,2026-02-20,345.53,345.53,,0,Upfront
213928,2026-02-20,2027-02-20,2026-02-20,351.64,351.64,,0,Upfront
214711,2026-02-21,2027-02-21,2026-02-21,427.5,427.5,,0,Upfront
214291,2026-02-20,2027-02-20,2026-02-20,351.64,351.64,,0,Upfront
216130,2026-02-26,2027-02-26,2026-02-26,351.64,351.64,,0,Upfront
213930,2026-02-19,2027-02-19,2026-02-19,345.53,345.53,,0,Upfront
212620,2026-02-14,2027-02-14,2026-02-14,345.53,345.53,,0,Upfront
213236,2026-02-16,2027-02-16,2026-02-16,351.64,351.64,,0,Upfront
213932,2026-02-20,2027-02-20,2026-02-20,351.64,351.64,,0,Upfront
211920,2026-02-12,2027-02-12,2026-02-12,351.64,351.64,,0,Upfront
212278,2026-02-13,2027-02-13,2026-02-13,351.64,351.64,,0,Upfront
215396,2026-02-23,2027-02-23,2026-02-23,345.53,345.53,,0,Upfront
205077,2026-01-25,2027-01-25,2026-01-25,351.64,351.64,,0,Upfront
213231,2026-02-16,2027-02-16,2026-02-16,345.53,345.53,,0,Upfront
194594,2026-01-05,2027-01-05,2026-01-05,351.64,351.64,,0,Upfront
214150,2026-02-26,2027-02-27,2026-02-26,269.67,269.67,,0,Upfront
212982,2026-02-15,2027-02-15,2026-02-15,351.64,351.64,,0,Upfront
212989,2026-02-15,2027-02-15,2026-02-15,351.64,351.64,,0,Upfront
213429,2026-02-17,2027-02-17,2026-02-17,269.67,269.67,,0,Upfront
216132,2026-02-26,2027-02-26,2026-02-26,433.61,433.61,,0,Upfront
213872,2026-02-19,2027-02-19,2026-02-19,351.64,351.64,,0,Upfront
215613,2026-02-24,2027-02-24,2026-02-24,351.64,351.64,,0,Upfront
214729,2026-02-21,2027-02-21,2026-02-21,345.53,345.53,,0,Upfront
212985,2026-02-15,2027-02-15,2026-02-15,351.64,351.64,,0,Upfront
212630,2026-02-14,2027-02-14,2026-02-14,427.5,427.5,,0,Upfront
215124,2026-02-22,2027-02-22,2026-02-22,351.64,351.64,,0,Upfront
213927,2026-02-19,2027-02-19,2026-02-19,351.64,351.64,,0,Upfront
213238,2026-02-16,2027-02-16,2026-02-16,351.64,351.64,,0,Upfront
215611,2026-02-24,2027-02-24,2026-02-24,351.64,351.64,,0,Upfront
213924,2026-02-19,2027-02-19,2026-02-19,427.5,427.5,,0,Upfront
213425,2026-02-17,2027-02-17,2026-02-17,351.64,351.64,,0,Upfront
215107,2026-02-22,2027-02-22,2026-02-22,351.64,351.64,,0,Upfront
216938,2026-02-28,2027-02-28,2026-02-28,263.57,263.57,,0,Upfront
213920,2026-02-19,2027-02-19,2026-02-19,345.53,345.53,,0,Upfront
216406,2026-02-27,2027-02-27,2026-02-27,1033.36,1033.36,,0,Upfront
216490,2026-02-27,2027-02-27,2026-02-27,427.5,427.5,,0,Upfront
215111,2026-02-23,2027-02-23,2026-02-23,427.5,427.5,,0,Upfront
213925,2026-02-19,2027-02-19,2026-02-19,345.53,345.53,,0,Upfront
216126,2026-02-26,2027-02-26,2026-02-26,351.64,351.64,,0,Upfront
212987,2026-02-15,2027-02-15,2026-02-15,351.64,351.64,,0,Upfront
216121,2026-02-26,2027-02-26,2026-02-26,433.61,433.61,,0,Upfront
217088,2026-02-28,2027-02-28,2026-02-28,433.61,433.61,,0,Upfront
215386,2026-02-23,2027-02-23,2026-02-23,433.61,433.61,,0,Upfront
213592,2026-02-18,2027-02-18,2026-02-18,351.64,351.64,,0,Upfront
215780,2026-02-27,2027-02-27,2026-02-27,263.57,263.57,,0,Upfront
213237,2026-02-16,2027-02-16,2026-02-16,345.53,345.53,,0,Upfront
213246,2026-02-17,2027-02-17,2026-02-17,427.5,427.5,,0,Upfront
213235,2026-02-16,2027-02-16,2026-02-16,351.64,351.64,,0,Upfront
213653,2026-02-18,2027-02-18,2026-02-18,351.64,351.64,,0,Upfront
213244,2026-02-17,2027-02-17,2026-02-17,351.64,351.64,,0,Upfront
214726,2026-02-21,2027-02-21,2026-02-21,427.5,427.5,,0,Upfront
214727,2026-02-21,2027-02-21,2026-02-21,351.64,351.64,,0,Upfront
213242,2026-02-16,2027-02-16,2026-02-16,351.64,351.64,,0,Upfront
216958,2026-02-28,2027-02-28,2026-02-28,351.64,351.64,,0,Upfront
216408,2026-02-27,2027-02-27,2026-02-27,269.67,269.67,,0,Upfront
215395,2026-02-23,2027-02-23,2026-02-23,345.53,345.53,,0,Upfront
214713,2026-02-21,2027-02-21,2026-02-21,433.61,433.61,,0,Upfront
216960,2026-02-28,2027-02-28,2026-02-28,351.64,351.64,,0,Upfront
215012,2026-02-22,2027-02-22,2026-02-22,351.64,351.64,,0,Upfront
214712,2026-02-21,2027-02-21,2026-02-21,351.64,351.64,,0,Upfront
214292,2026-02-20,2027-02-20,2026-02-20,351.64,351.64,,0,Upfront
173374,2026-01-23,2027-01-23,2026-01-23,269.67,269.67,,0,Upfront
197088,2026-01-09,2027-01-09,2026-01-09,420.98,420.98,,0,Upfront
214735,2026-02-21,2027-02-21,2026-02-21,351.64,351.64,,0,Upfront
196333,2026-01-08,2027-01-08,2026-01-08,433.61,433.61,,0,Upfront
214717,2026-02-21,2027-02-21,2026-02-21,345.53,345.53,,0,Upfront
213918,2026-02-19,2027-02-19,2026-02-19,351.64,351.64,,0,Upfront
215104,2026-02-22,2027-02-22,2026-02-22,351.64,351.64,,0,Upfront
216137,2026-02-26,2027-02-26,2026-02-26,351.64,351.64,,0,Upfront
215102,2026-02-23,2027-02-23,2026-02-23,433.61,433.61,,0,Upfront
216511,2026-02-27,2027-02-27,2026-02-27,351.64,351.64,,0,Upfront
214598,2026-02-21,2027-02-21,2026-02-21,351.64,351.64,,0,Upfront
213929,2026-02-19,2027-02-19,2026-02-19,351.64,351.64,,0,Upfront
214718,2026-02-21,2027-02-21,2026-02-21,351.64,351.64,,0,Upfront
213926,2026-02-19,2027-02-19,2026-02-19,351.64,351.64,,0,Upfront
213931,2026-02-19,2027-02-19,2026-02-19,351.64,351.64,2026-02-27,351.64,Upfront
214200,2026-02-20,2027-02-20,2026-02-20,345.53,345.53,,0,Upfront
214710,2026-02-21,2027-02-21,2026-02-21,351.64,351.64,,0,Upfront
201530,2026-01-17,2027-01-17,2026-01-17,1233.36,1233.36,,0,Upfront
214716,2026-02-21,2027-02-21,2026-02-21,351.64,351.64,,0,Upfront
202968,2026-01-21,2027-01-21,2026-01-21,351.64,351.64,,0,Upfront
213934,2026-02-19,2027-02-19,2026-02-19,351.64,351.64,,0,Upfront
215114,2026-02-22,2027-02-22,2026-02-22,351.64,351.64,,0,Upfront
216502,2026-02-27,2027-02-27,2026-02-27,269.67,269.67,,0,Upfront
214290,2026-02-21,2027-02-21,2026-02-21,269.67,269.67,,0,Upfront
216949,2026-02-28,2027-02-28,2026-02-28,345.53,345.53,,0,Upfront
213684,2026-02-18,2027-02-18,2026-02-18,433.61,433.61,,0,Upfront
215612,2026-02-24,2027-02-24,2026-02-24,351.64,351.64,,0,Upfront
216973,2026-02-28,2027-02-28,2026-02-28,0,0,,0,Upfront
214730,2026-02-21,2027-02-21,2026-02-21,269.67,269.67,,0,Upfront
214295,2026-02-20,2027-02-20,2026-02-20,345.53,345.53,,0,Upfront
215388,2026-02-23,2027-02-23,2026-02-23,351.64,351.64,,0,Upfront
214282,2026-02-20,2027-02-20,2026-02-20,351.64,351.64,,0,Upfront
209464,2026-02-05,2027-02-05,2026-02-05,999,999,2026-02-13,999,Upfront
212503,2026-02-13,2027-02-13,2026-02-13,339.02,339.02,,0,Upfront
216493,2026-02-27,2027-02-27,2026-02-27,345.53,345.53,,0,Upfront
216936,2026-02-28,2027-02-28,2026-02-28,420.98,420.98,,0,Upfront
216845,2026-02-28,2027-02-28,2026-02-28,351.64,351.64,,0,Upfront
215397,2026-02-23,2027-02-23,2026-02-23,351.64,351.64,,0,Upfront
215120,2026-02-22,2027-02-22,2026-02-22,351.64,351.64,,0,Upfront
216969,2026-02-28,2027-02-28,2026-02-28,269.67,269.67,,0,Upfront
210465,2026-02-09,2027-02-09,2026-02-09,351.64,351.64,2026-02-10,351.64,Upfront
214719,2026-02-24,2027-02-24,2026-02-24,345.53,345.53,,0,Upfront
214725,2026-02-21,2027-02-21,2026-02-21,427.5,427.5,,0,Upfront
197364,2026-01-09,2027-01-09,2026-01-09,160.66,160.66,,0,Upfront
203994,2026-01-23,2027-01-23,2026-01-23,339.02,339.02,,0,Upfront
215289,2026-02-23,2027-02-23,2026-02-23,351.64,351.64,,0,Upfront
216951,2026-02-28,2027-02-28,2026-02-28,345.53,345.53,,0,Upfront
216116,2026-02-26,2027-02-26,2026-02-26,351.64,351.64,,0,Upfront
214715,2026-02-21,2027-02-21,2026-02-21,433.61,433.61,,0,Upfront
207624,2026-01-30,2027-01-30,2026-01-30,310.66,310.66,,0,Upfront
216981,2026-02-28,2027-02-28,2026-02-28,345.53,345.53,,0,Upfront
214724,2026-02-21,2027-02-21,2026-02-21,345.53,345.53,,0,Upfront
214728,2026-02-21,2027-02-21,2026-02-21,345.53,345.53,,0,Upfront
215108,2026-02-24,2027-02-24,2026-02-24,433.61,433.61,,0,Upfront
216075,2026-02-28,2027-02-28,2026-02-28,433.61,433.61,,0,Upfront
216122,2026-02-26,2027-02-26,2026-02-26,433.61,433.61,,0,Upfront
216850,2026-02-28,2027-02-28,2026-02-28,0,0,,0,Upfront
215833,2026-02-25,2027-02-25,2026-02-25,351.64,351.64,,0,Upfront
215401,2026-02-24,2027-02-24,2026-02-24,345.53,345.53,,0,Upfront
216503,2026-02-27,2027-02-27,2026-02-27,339.02,339.02,,0,Upfront
215781,2026-02-26,2027-02-26,2026-02-26,351.64,351.64,,0,Upfront
215390,2026-02-23,2027-02-23,2026-02-23,339.02,339.02,,0,Upfront
204759,2026-01-24,2027-01-24,2026-01-24,351.64,351.64,,0,Upfront
202079,2026-01-18,2027-01-18,2026-01-18,351.64,351.64,,0,Upfront
215109,2026-02-22,2027-02-22,2026-02-22,351.64,351.64,,0,Upfront
215614,2026-02-24,2027-02-24,2026-02-24,345.53,345.53,,0,Upfront
216964,2026-02-28,2027-02-28,2026-02-28,351.64,351.64,,0,Upfront
215113,2026-02-22,2027-02-22,2026-02-22,339.02,339.02,,0,Upfront
215116,2026-02-22,2027-02-22,2026-02-22,351.64,351.64,,0,Upfront
215400,2026-02-23,2027-02-23,2026-02-23,351.64,351.64,,0,Upfront
197290,2026-01-11,2027-01-12,2026-01-11,269.67,269.67,,0,Upfront
215115,2026-02-22,2027-02-22,2026-02-22,269.67,269.67,,0,Upfront
216494,2026-02-27,2027-02-27,2026-02-27,351.64,351.64,,0,Upfront
216501,2026-02-27,2027-02-27,2026-02-27,351.64,351.64,,0,Upfront
215394,2026-02-23,2027-02-23,2026-02-23,351.64,351.64,,0,Upfront
216134,2026-02-26,2027-02-26,2026-02-26,351.64,351.64,,0,Upfront
215398,2026-02-24,2027-02-24,2026-02-24,345.53,345.53,,0,Upfront
215393,2026-02-23,2027-02-23,2026-02-23,433.61,433.61,,0,Upfront
216074,2026-02-26,2027-02-26,2026-02-26,269.67,269.67,,0,Upfront
216851,2026-02-28,2027-02-28,2026-02-28,351.64,351.64,,0,Upfront
215505,2026-02-25,2027-02-25,2026-02-25,269.67,269.67,,0,Upfront
216127,2026-02-27,2027-02-27,2026-02-27,351.64,351.64,,0,Upfront
216947,2026-02-28,2027-02-28,2026-02-28,339.02,339.02,,0,Upfront
216966,2026-02-28,2027-02-28,2026-02-28,351.64,351.64,,0,Upfront
216491,2026-02-27,2027-02-27,2026-02-27,433.61,433.61,,0,Upfront
216979,2026-02-28,2027-02-28,2026-02-28,351.64,351.64,,0,Upfront
216506,2026-02-27,2027-02-27,2026-02-27,351.64,351.64,,0,Upfront
216852,2026-02-28,2027-02-28,2026-02-28,351.64,351.64,,0,Upfront
216508,2026-02-28,2027-02-28,2026-02-28,339.02,339.02,,0,Upfront
216977,2026-02-28,2027-02-28,2026-02-28,351.64,351.64,,0,Upfront
216123,2026-02-26,2027-02-26,2026-02-26,1033.36,1033.36,,0,Upfront
216496,2026-02-27,2027-02-27,2026-02-27,345.53,345.53,,0,Upfront
216124,2026-02-26,2027-02-26,2026-02-26,433.61,433.61,,0,Upfront
204197,2026-01-23,2027-01-23,2026-01-23,374.02,374.02,,0,Upfront
216514,2026-02-27,2027-02-27,2026-02-27,351.64,351.64,,0,Upfront
216959,2026-02-28,2027-02-28,2026-02-28,351.64,351.64,,0,Upfront
196355,2026-01-10,2027-01-10,2026-01-10,351.64,351.64,,0,Upfront
216944,2026-02-28,2027-02-28,2026-02-28,433.61,433.61,,0,Upfront
216505,2026-02-27,2027-02-27,2026-02-27,427.5,427.5,,0,Upfront
216498,2026-02-27,2027-02-27,2026-02-27,351.64,351.64,,0,Upfront
216492,2026-02-27,2027-02-27,2026-02-27,351.64,351.64,,0,Upfront
209632,2026-02-05,2027-02-05,2026-02-05,351.64,351.64,,0,Upfront
201511,2026-01-17,2027-01-17,2026-01-17,433.61,433.61,,0,Upfront
216975,2026-02-28,2027-02-28,2026-02-28,351.64,351.64,,0,Upfront
212736,2026-02-14,2027-02-14,2026-02-14,351.64,351.64,,0,Upfront
216942,2026-02-28,2027-02-28,2026-02-28,433.61,433.61,,0,Upfront
216968,2026-02-28,2027-02-28,2026-02-28,433.61,433.61,,0,Upfront
216963,2026-02-28,2027-02-28,2026-02-28,263.57,263.57,,0,Upfront
200278,2026-01-15,2027-01-15,2026-01-15,433.61,433.61,,0,Upfront
203212,2026-01-21,2027-01-21,2026-01-21,351.64,351.64,,0,Upfront
187936,2026-01-30,2027-01-30,2026-01-30,269.67,269.67,,0,Upfront
192161,2026-01-02,2027-01-02,2026-01-02,269.67,269.67,,0,Upfront
192625,2026-01-02,2027-01-02,2026-01-13,310.66,310.66,,0,Upfront
210889,2026-02-08,2027-02-08,2026-02-08,351.64,351.64,,0,Upfront
206680,2026-01-30,2027-01-30,2026-01-30,351.64,351.64,,0,Upfront
196309,2026-01-08,2027-01-08,2026-01-08,351.64,351.64,,0,Upfront
210870,2026-02-08,2027-02-08,2026-02-08,351.64,351.64,,0,Upfront
203502,2026-01-23,2027-01-23,2026-01-23,433.61,433.61,,0,Upfront
216209,2026-02-26,2027-02-26,2026-02-26,433.61,433.61,,0,Upfront
192145,2026-01-02,2027-01-02,2026-01-02,351.64,351.64,,0,Upfront
200317,2026-01-15,2027-01-15,2026-01-15,433.61,433.61,2026-02-26,433.61,Upfront
202117,2026-01-18,2027-01-18,2026-01-18,351.64,351.64,,0,Upfront
205810,2026-01-27,2027-01-27,2026-01-27,310.66,310.66,,0,Upfront
212741,2026-02-14,2027-02-14,2026-02-14,433.61,433.61,,0,Upfront
212012,2026-02-12,2027-02-12,2026-02-12,351.64,351.64,,0,Upfront
209131,2026-02-03,2027-02-03,2026-02-03,269.67,269.67,,0,Upfront
188480,2026-01-02,2027-01-02,2026-01-02,269.67,269.67,,0,Upfront
197763,2026-01-10,2027-01-10,2026-01-10,351.64,351.64,,0,Upfront
199432,2026-01-13,2027-01-13,2026-01-13,310.66,310.66,,0,Upfront
197792,2026-01-10,2027-01-10,2026-01-10,351.64,351.64,,0,Upfront
201576,2026-01-17,2027-01-17,2026-01-17,339.02,339.02,,0,Upfront
213072,2026-02-15,2027-02-15,2026-02-15,269.67,269.67,,0,Upfront
206828,2026-01-29,2027-01-29,2026-01-29,433.61,433.61,,0,Upfront
190044,2026-01-03,2027-01-03,2026-01-03,351.64,351.64,,0,Upfront
194170,2026-01-04,2027-01-04,2026-01-04,351.64,351.64,,0,Upfront
208161,2026-01-31,2027-01-31,2026-01-31,392.62,392.62,,0,Upfront
213335,2026-02-17,2027-02-17,2026-02-17,1192.38,1192.38,2026-02-28,1192.38,Upfront
197093,2026-01-09,2027-01-09,2026-01-09,351.64,351.64,,0,Upfront
213672,2026-02-18,2027-02-18,2026-02-18,433.61,433.61,,0,Upfront
200313,2026-01-15,2027-01-15,2026-01-15,433.61,433.61,,0,Upfront
199964,2026-01-14,2027-01-14,2026-01-14,134.1,134.1,,0,Upfront
216637,2026-02-27,2027-02-27,2026-02-27,433.61,433.61,,0,Upfront
199966,2026-01-14,2027-01-14,2026-01-14,392.62,392.62,,0,Upfront
198114,2026-01-10,2027-01-10,2026-01-10,310.66,310.66,,0,Upfront
214176,2026-02-19,2027-02-19,2026-02-19,310.66,310.66,,0,Upfront
188664,2026-01-02,2027-01-02,2026-01-02,433.61,433.61,,0,Upfront
200315,2026-01-15,2027-01-15,2026-01-15,269.67,269.67,,0,Upfront
192703,2026-01-04,2027-01-04,2026-01-04,345.53,345.53,,0,Upfront
212152,2026-02-12,2027-02-12,2026-02-12,351.64,351.64,,0,Upfront
193527,2026-01-03,2027-01-03,2026-01-03,882.54,882.54,,0,Upfront
201564,2026-01-17,2027-01-17,2026-01-17,420.98,420.98,,0,Upfront
205582,2026-01-27,2027-01-27,2026-01-27,351.64,351.64,,0,Upfront
216847,2026-02-28,2027-02-28,2026-02-28,0,0,,0,Upfront
207607,2026-01-30,2027-01-30,2026-01-30,310.66,310.66,,0,Upfront
211454,2026-02-10,2027-02-10,2026-02-10,269.67,269.67,,0,Upfront
213686,2026-02-18,2027-02-18,2026-02-18,351.64,351.64,,0,Upfront
203708,2026-01-22,2027-01-22,2026-01-22,310.66,310.66,,0,Upfront
200912,2026-01-16,2027-01-16,2026-01-16,1199,1199,,0,Upfront
201171,2026-01-16,2027-01-16,2026-01-16,392.62,392.62,,0,Upfront
192091,2026-01-01,2027-01-01,2026-01-28,228.69,228.69,,0,Upfront
197054,2026-01-09,2027-01-09,2026-01-09,433.61,433.61,,0,Upfront
204580,2026-01-24,2027-01-24,2026-01-24,351.64,351.64,,0,Upfront
211653,2026-02-11,2027-02-11,2026-02-11,351.64,351.64,,0,Upfront
198507,2026-01-11,2027-01-11,2026-01-11,351.64,351.64,,0,Upfront
192762,2026-01-03,2027-01-03,2026-01-03,269.67,269.67,,0,Upfront
188971,2026-02-10,2027-02-10,2026-02-10,351.64,351.64,,0,Upfront
215885,2026-02-25,2027-02-25,2026-02-25,351.64,351.64,,0,Upfront
216356,2026-02-26,2027-02-26,2026-02-26,268.85,268.85,,0,Upfront
181790,2026-01-20,2027-01-20,2026-01-20,433.61,433.61,,0,Upfront
145734,2026-01-11,2027-01-11,2026-01-11,269.67,269.67,,0,Upfront
199685,2026-01-14,2027-01-14,2026-01-14,433.61,433.61,,0,Upfront
201553,2026-01-18,2027-01-18,2026-01-18,351.64,351.64,,0,Upfront
188521,2026-01-02,2027-01-02,2026-01-02,433.61,433.61,,0,Upfront
195905,2026-01-07,2027-01-07,2026-01-07,310.66,310.66,,0,Upfront
187102,2026-02-25,2027-02-25,2026-02-25,269.67,269.67,,0,Upfront
188197,2026-01-05,2027-01-05,2026-01-05,351.64,351.64,,0,Upfront
206310,2026-01-28,2027-01-28,2026-01-28,351.64,351.64,,0,Upfront
216615,2026-02-27,2027-02-27,2026-02-27,351.64,351.64,,0,Upfront
213307,2026-02-16,2027-02-16,2026-02-16,433.61,433.61,,0,Upfront
210876,2026-02-08,2027-02-08,2026-02-08,433.61,433.61,,0,Upfront
188518,2026-01-02,2027-01-02,2026-01-02,351.64,351.64,,0,Upfront
196346,2026-01-08,2027-01-08,2026-01-08,351.64,351.64,,0,Upfront
206395,2026-01-28,2027-01-28,2026-01-28,298.03,298.03,,0,Upfront
192622,2026-01-02,2027-01-02,2026-01-02,1282.54,1282.54,,0,Upfront
192720,2026-01-02,2027-01-02,2026-01-02,351.64,351.64,,0,Upfront
212717,2026-02-14,2027-02-14,2026-02-14,339.02,339.02,2026-02-21,40.98,Upfront
202121,2026-01-18,2027-01-18,2026-01-18,351.64,351.64,,0,Upfront
193324,2026-01-03,2027-01-03,2026-01-03,351.64,351.64,,0,Upfront
199684,2026-01-14,2027-01-14,2026-01-14,433.61,433.61,,0,Upfront
187798,2026-01-02,2027-01-02,2026-01-02,351.64,351.64,,0,Upfront
195784,2026-01-07,2027-01-07,2026-01-07,310.66,310.66,,0,Upfront
216836,2026-02-27,2027-02-27,2026-02-27,310.66,310.66,,0,Upfront
204005,2026-01-23,2027-01-23,2026-01-23,257.05,257.05,,0,Upfront
187961,2026-01-02,2027-01-02,2026-01-02,257.05,257.05,,0,Upfront
145460,2026-01-07,2027-01-07,2026-01-07,269.67,269.67,,0,Upfront
195873,2026-01-07,2027-01-07,2026-01-07,298.03,298.03,,0,Upfront
199532,2026-01-13,2027-01-13,2026-01-13,298.03,298.03,,0,Upfront
206621,2026-02-12,2027-02-12,2026-02-12,433.61,433.61,,0,Upfront
215206,2026-02-22,2027-02-22,2026-02-22,351.64,351.64,,0,Upfront
202966,2026-01-22,2027-01-22,2026-01-22,351.64,351.64,,0,Upfront
188031,2026-01-02,2027-01-02,2026-01-02,433.61,433.61,,0,Upfront
201547,2026-01-17,2027-01-17,2026-01-17,269.67,269.67,,0,Upfront
199908,2024-12-04,2026-12-04,2026-01-14,433.61,433.61,2026-01-15,433.61,Upfront
169071,2024-09-19,2026-09-19,2026-01-10,269.67,269.67,,0,Upfront
216345,2026-02-26,2027-02-26,2026-02-26,310.66,310.66,,0,Upfront
214834,2026-02-21,2027-02-21,2026-02-21,433.61,433.61,,0,Upfront
197059,2026-01-09,2027-01-09,2026-01-09,351.64,351.64,,0,Upfront
197077,2026-01-09,2027-01-09,2026-01-09,351.64,351.64,,0,Upfront
197102,2026-01-09,2027-01-09,2026-01-09,351.64,351.64,,0,Upfront
188982,2026-01-05,2027-01-05,2026-01-05,351.64,351.64,,0,Upfront
208513,2026-02-01,2027-02-01,2026-02-01,351.64,351.64,,0,Upfront
203454,2026-01-22,2027-01-22,2026-01-22,345.53,345.53,,0,Upfront
213070,2026-02-15,2027-02-15,2026-02-15,351.64,351.64,,0,Upfront
198062,2026-01-14,2027-01-14,2026-01-14,351.64,351.64,,0,Upfront
196509,2026-01-08,2027-01-08,2026-01-08,269.67,269.67,,0,Upfront
215190,2026-02-22,2027-02-22,2026-02-22,351.64,351.64,,0,Upfront
207350,2026-02-02,2027-02-02,2026-02-02,351.64,351.64,,0,Upfront
188110,2026-01-02,2027-01-02,2026-01-02,345.53,345.53,,0,Upfront
199752,2026-01-14,2027-01-14,2026-01-14,351.64,351.64,2026-01-21,351.64,Upfront
199083,2026-01-12,2027-01-12,2026-01-12,1132.36,1132.36,,0,Upfront
212366,2026-02-14,2027-02-14,2026-02-14,433.61,433.61,,0,Upfront
201516,2026-01-17,2027-01-17,2026-01-17,351.64,351.64,,0,Upfront
214815,2026-02-21,2027-02-21,2026-02-21,351.64,351.64,,0,Upfront
205739,2026-01-27,2027-01-27,2026-01-27,351.64,351.64,,0,Upfront
197782,2026-01-10,2027-01-10,2026-01-10,351.64,351.64,,0,Upfront
209628,2026-02-06,2027-02-06,2026-02-06,351.64,351.64,,0,Upfront
197759,2026-01-29,2027-01-29,2026-01-29,433.61,433.61,,0,Upfront
207358,2026-01-30,2027-01-30,2026-01-30,1033.36,1033.36,,0,Upfront
193328,2026-01-03,2027-01-03,2026-01-03,433.61,433.61,,0,Upfront
204009,2026-01-23,2027-01-23,2026-01-23,433.61,433.61,,0,Upfront
213444,2026-02-17,2027-02-17,2026-02-17,420.98,420.98,,0,Upfront
197057,2026-02-21,2027-02-21,2026-02-21,351.64,351.64,,0,Upfront
202969,2026-01-21,2027-01-21,2026-01-21,351.64,351.64,,0,Upfront
211988,2026-02-12,2027-02-12,2026-02-12,345.53,345.53,,0,Upfront
152544,2026-02-06,2027-02-06,2026-02-06,269.67,269.67,,0,Upfront
198494,2026-01-11,2027-01-11,2026-01-11,351.64,351.64,,0,Upfront
200578,2026-01-15,2027-01-15,2026-01-15,310.66,310.66,,0,Upfront
212347,2026-02-13,2027-02-13,2026-02-13,339.02,339.02,,0,Upfront
188728,2026-01-02,2027-01-02,2026-01-02,351.64,351.64,,0,Upfront
204004,2026-01-23,2027-01-23,2026-01-23,345.53,345.53,,0,Upfront
211991,2026-02-12,2027-02-12,2026-02-12,351.64,351.64,,0,Upfront
200005,2026-01-14,2027-01-14,2026-01-14,392.62,392.62,,0,Upfront
197107,2026-01-09,2027-01-09,2026-01-09,269.67,269.67,,0,Upfront
200971,2026-01-16,2027-01-16,2026-01-16,351.64,351.64,,0,Upfront
203991,2026-01-23,2027-01-23,2026-01-23,433.61,433.61,,0,Upfront
204001,2026-01-23,2027-01-23,2026-01-23,263.57,263.57,,0,Upfront
209612,2026-02-05,2027-02-05,2026-02-05,351.64,351.64,,0,Upfront
205780,2026-01-28,2027-01-28,2026-01-28,351.64,351.64,,0,Upfront
193291,2026-01-03,2027-01-03,2026-01-03,433.61,433.61,,0,Upfront
188684,2026-01-02,2027-01-02,2026-01-02,433.61,433.61,,0,Upfront
193322,2026-01-04,2027-01-04,2026-01-04,351.64,351.64,,0,Upfront
188966,2026-01-02,2027-01-02,2026-01-02,351.64,351.64,,0,Upfront
208871,2026-02-05,2027-02-06,2026-02-05,1192.38,1192.38,,0,Upfront
217089,2026-02-28,2027-02-28,2026-02-28,351.64,351.64,,0,Upfront
211679,2026-02-11,2027-02-11,2026-02-11,433.61,433.61,,0,Upfront
192137,2026-01-02,2027-01-02,2026-01-02,263.57,263.57,,0,Upfront
171353,2026-01-13,2027-01-13,2026-01-13,269.67,269.67,,0,Upfront
201531,2026-01-17,2027-01-17,2026-01-17,351.64,351.64,,0,Upfront
199709,2026-01-14,2027-01-14,2026-01-14,433.61,433.61,,0,Upfront
194169,2026-01-04,2027-01-04,2026-01-04,351.64,351.64,,0,Upfront
200014,2026-01-14,2027-01-14,2026-01-14,298.03,298.03,,0,Upfront
199024,2026-01-13,2027-01-13,2026-01-13,351.64,351.64,,0,Upfront
209609,2026-02-05,2027-02-05,2026-02-05,351.64,351.64,,0,Upfront
208525,2026-02-01,2027-02-01,2026-02-01,351.64,351.64,,0,Upfront
213068,2026-02-15,2027-02-15,2026-02-15,433.61,433.61,,0,Upfront
216775,2026-02-27,2027-02-27,2026-02-27,351.64,351.64,,0,Upfront
216630,2026-02-28,2027-02-28,2026-02-28,351.64,351.64,,0,Upfront
195427,2026-01-07,2027-01-07,2026-01-07,1033.36,1033.36,,0,Upfront
197797,2026-01-10,2027-01-10,2026-01-10,351.64,351.64,,0,Upfront
204554,2026-01-24,2027-01-24,2026-01-24,351.64,351.64,,0,Upfront
210602,2026-02-07,2027-02-07,2026-02-07,310.66,310.66,,0,Upfront
206117,2026-01-28,2027-01-28,2026-01-28,351.64,351.64,,0,Upfront
211217,2026-02-09,2027-02-09,2026-02-09,351.64,351.64,,0,Upfront
216746,2026-02-27,2027-02-27,2026-02-27,0,0,,0,Upfront
197758,2026-01-10,2027-01-10,2026-01-10,433.61,433.61,,0,Upfront
156423,2026-02-23,2027-02-23,2026-02-23,269.67,269.67,,0,Upfront
214352,2026-02-20,2027-02-20,2026-02-20,351.64,351.64,,0,Upfront
200953,2026-01-16,2027-01-16,2026-01-16,339.02,339.02,,0,Upfront
206920,2026-01-29,2027-01-29,2026-01-29,105.74,105.74,,0,Upfront
199689,2026-01-16,2027-01-16,2026-01-16,269.67,269.67,,0,Upfront
208500,2026-02-01,2027-02-01,2026-02-01,269.67,269.67,,0,Upfront
202964,2026-01-21,2027-01-21,2026-01-21,433.61,433.61,,0,Upfront
194162,2026-01-04,2027-01-04,2026-01-04,433.61,433.61,,0,Upfront
193316,2026-01-03,2027-01-03,2026-01-03,351.64,351.64,,0,Upfront
200921,2026-01-16,2027-01-16,2026-01-16,351.64,351.64,,0,Upfront
199744,2026-01-14,2027-01-14,2026-01-14,345.53,345.53,,0,Upfront
216624,2026-02-27,2027-02-27,2026-02-27,351.64,351.64,2026-03-05,351.64,Upfront
209818,2026-02-05,2027-02-05,2026-02-05,228.69,228.69,,0,Upfront
188616,2026-02-02,2027-02-02,2026-02-02,351.64,351.64,,0,Upfront
188828,2026-01-02,2027-01-02,2026-01-02,351.64,351.64,,0,Upfront
207961,2026-01-31,2027-01-31,2026-01-31,420.98,420.98,,0,Upfront
195446,2026-01-07,2027-01-07,2026-01-07,351.64,351.64,,0,Upfront
210445,2026-02-07,2027-02-07,2026-02-07,351.64,351.64,,0,Upfront
205244,2026-01-30,2027-01-30,2026-01-30,351.64,351.64,,0,Upfront
215854,2026-02-25,2027-02-25,2026-02-25,351.64,351.64,,0,Upfront
200961,2026-01-16,2027-01-16,2026-01-16,269.67,269.67,,0,Upfront
214922,2026-02-21,2027-02-21,2026-02-21,228.69,228.69,,0,Upfront
197817,2026-01-10,2027-01-10,2026-01-10,1199,1199,,0,Upfront
207977,2026-01-31,2027-01-31,2026-01-31,420.98,420.98,,0,Upfront
198469,2026-01-11,2027-01-11,2026-01-11,351.64,351.64,,0,Upfront
197115,2026-01-09,2027-01-09,2026-01-09,351.64,351.64,,0,Upfront
197068,2026-01-09,2027-01-09,2026-01-09,269.67,269.67,,0,Upfront
210168,2026-02-07,2027-02-07,2026-02-07,433.61,433.61,,0,Upfront
205081,2026-01-25,2027-01-25,2026-01-25,351.64,351.64,,0,Upfront
202087,2026-01-18,2027-01-18,2026-01-18,351.64,351.64,,0,Upfront
209251,2026-02-04,2027-02-04,2026-02-04,269.67,269.67,,0,Upfront
188205,2026-01-02,2027-01-02,2026-01-02,351.64,351.64,,0,Upfront
202111,2026-01-18,2027-01-18,2026-01-18,269.67,269.67,,0,Upfront
188640,2026-01-02,2027-01-02,2026-01-02,351.64,351.64,,0,Upfront
204236,2026-01-23,2027-01-23,2026-01-23,433.61,433.61,,0,Upfront
209219,2026-02-04,2027-02-04,2026-02-04,269.67,269.67,,0,Upfront
203471,2026-01-22,2027-01-22,2026-01-22,351.64,351.64,,0,Upfront
214947,2026-02-22,2027-02-22,2026-02-22,1364,1364,,0,Upfront
214202,2026-02-20,2027-02-20,2026-02-20,351.64,351.64,,0,Upfront
188734,2026-01-03,2027-01-03,2026-01-03,351.64,351.64,,0,Upfront
173025,2026-01-22,2027-01-22,2026-01-22,433.61,433.61,,0,Upfront
188869,2026-01-02,2027-01-02,2026-01-02,351.64,351.64,,0,Upfront
213670,2026-02-18,2027-02-18,2026-02-18,351.64,351.64,,0,Upfront
200643,2026-01-16,2027-01-16,2026-01-16,1033.36,1033.36,,0,Upfront
193293,2026-01-03,2027-01-03,2026-01-03,351.64,351.64,,0,Upfront
197095,2026-01-09,2027-01-09,2026-01-09,351.64,351.64,,0,Upfront
195204,2026-01-07,2027-01-07,2026-01-07,351.64,351.64,,0,Upfront
169916,2026-01-24,2027-01-24,2026-01-24,269.67,269.67,,0,Upfront
201087,2026-01-16,2027-01-16,2026-01-16,799,799,,0,Upfront
203681,2026-01-22,2027-01-22,2026-01-22,351.64,351.64,,0,Upfront
204546,2026-01-24,2027-01-24,2026-01-24,351.64,351.64,,0,Upfront
195207,2026-01-07,2027-01-07,2026-01-07,351.64,351.64,,0,Upfront
199456,2026-01-13,2027-01-13,2026-01-13,228.69,228.69,,0,Upfront
198110,2026-01-10,2027-01-10,2026-01-10,269.67,269.67,,0,Upfront
196655,2026-01-08,2027-01-08,2026-01-08,310.66,310.66,,0,Upfront
210902,2026-02-08,2027-02-08,2026-02-08,269.67,269.67,,0,Upfront
193336,2026-01-03,2027-01-03,2026-01-03,351.64,351.64,,0,Upfront
188880,2026-01-02,2027-01-02,2026-01-02,351.64,351.64,,0,Upfront
202996,2026-01-21,2027-01-21,2026-01-21,351.64,351.64,,0,Upfront
195424,2026-01-07,2027-01-07,2026-01-07,1033.36,1033.36,,0,Upfront
184557,2026-01-18,2027-01-18,2026-01-18,269.67,269.67,,0,Upfront
198534,2026-02-05,2027-02-05,2026-02-05,433.61,433.61,,0,Upfront
192172,2026-01-02,2027-01-02,2026-01-02,351.64,351.64,,0,Upfront
214355,2026-02-20,2027-02-20,2026-02-20,351.64,351.64,,0,Upfront
189099,2026-02-03,2027-02-03,2026-02-03,351.64,351.64,,0,Upfront
194152,2026-01-04,2027-01-04,2026-01-04,351.64,351.64,,0,Upfront
198522,2026-01-11,2027-01-11,2026-01-11,433.61,433.61,,0,Upfront
215633,2026-02-24,2027-02-24,2026-02-24,351.64,351.64,,0,Upfront
202993,2026-01-21,2027-01-21,2026-01-21,269.67,269.67,,0,Upfront
196328,2026-01-08,2027-01-08,2026-01-08,351.64,351.64,,0,Upfront
196335,2026-01-08,2027-01-08,2026-01-08,351.64,351.64,,0,Upfront
190045,2026-01-09,2027-01-09,2026-01-09,433.61,433.61,,0,Upfront
196339,2026-01-08,2027-01-08,2026-01-08,351.64,351.64,,0,Upfront
165128,2026-01-31,2027-01-31,2026-01-31,269.67,269.67,,0,Upfront
203969,2026-01-23,2027-01-23,2026-01-23,351.64,351.64,,0,Upfront
211663,2026-02-11,2027-02-11,2026-02-11,351.64,351.64,,0,Upfront
207340,2026-02-03,2027-02-03,2026-02-03,351.64,351.64,,0,Upfront
209212,2026-02-04,2027-02-04,2026-02-04,269.67,269.67,,0,Upfront
206677,2026-01-29,2027-01-29,2026-01-29,339.02,339.02,,0,Upfront
211636,2026-02-11,2027-02-11,2026-02-11,351.64,351.64,,0,Upfront
195437,2026-01-07,2027-01-07,2026-01-07,351.64,351.64,,0,Upfront
196298,2026-01-08,2027-01-08,2026-01-08,351.64,351.64,,0,Upfront
188681,2026-01-03,2027-01-03,2026-01-03,339.02,339.02,,0,Upfront
203474,2026-01-22,2027-01-22,2026-01-22,351.64,351.64,,0,Upfront
215856,2026-02-25,2027-02-25,2026-02-25,433.61,433.61,2026-02-28,433.61,Upfront
211983,2026-02-12,2027-02-12,2026-02-12,339.02,339.02,,0,Upfront
195202,2026-01-07,2027-01-07,2026-01-07,351.64,351.64,,0,Upfront
197772,2026-01-10,2027-01-10,2026-01-10,433.61,433.61,,0,Upfront
188364,2026-01-02,2027-01-02,2026-01-02,351.64,351.64,,0,Upfront
213827,2026-02-18,2027-02-18,2026-02-18,351.64,351.64,,0,Upfront
199756,2026-01-14,2027-01-14,2026-01-14,1233.36,1233.36,,0,Upfront
165392,2026-02-12,2027-02-12,2026-02-12,269.67,269.67,,0,Upfront
209995,2026-02-08,2027-02-08,2026-02-08,351.64,351.64,,0,Upfront
195957,2026-01-08,2027-01-08,2026-01-08,351.64,351.64,,0,Upfront
188138,2026-01-02,2027-01-02,2026-01-02,351.64,351.64,,0,Upfront
168254,2026-01-15,2027-01-15,2026-01-15,257.05,257.05,,0,Upfront
188273,2026-01-03,2027-01-03,2026-01-03,351.64,351.64,,0,Upfront
205903,2026-01-27,2027-01-27,2026-01-27,351.64,351.64,,0,Upfront
217111,2026-02-28,2027-02-28,2026-02-28,351.64,351.64,,0,Upfront
196279,2026-01-08,2027-01-08,2026-01-08,433.61,433.61,,0,Upfront
195430,2026-01-07,2027-01-07,2026-01-07,257.05,257.05,,0,Upfront
203006,2026-01-21,2027-01-21,2026-01-21,351.64,351.64,,0,Upfront
202675,2026-01-20,2027-01-20,2026-01-20,351.64,351.64,,0,Upfront
212733,2026-02-14,2027-02-14,2026-02-14,433.61,433.61,,0,Upfront
207372,2026-01-30,2027-01-30,2026-01-30,420.98,420.98,,0,Upfront
210000,2026-02-06,2027-02-06,2026-02-06,433.61,433.61,,0,Upfront
200321,2026-01-15,2027-01-15,2026-01-15,1033.36,1033.36,,0,Upfront
197781,2026-01-10,2027-01-10,2026-01-10,269.67,269.67,,0,Upfront
197431,2026-01-10,2027-01-10,2026-01-10,433.61,433.61,,0,Upfront
198462,2026-01-14,2027-01-14,2026-01-14,345.53,345.53,,0,Upfront
196521,2026-01-08,2027-01-08,2026-01-08,392.62,392.62,,0,Upfront
200941,2026-01-16,2027-01-16,2026-01-16,351.64,351.64,,0,Upfront
203232,2026-01-22,2027-01-22,2026-01-22,351.64,351.64,,0,Upfront
210866,2026-02-08,2027-02-08,2026-02-08,351.64,351.64,,0,Upfront
194372,2026-01-05,2027-01-05,2026-01-05,269.67,269.67,,0,Upfront
209835,2026-02-06,2027-02-06,2026-02-06,339.02,339.02,,0,Upfront
206392,2026-01-28,2027-01-28,2026-01-28,105.74,105.74,,0,Upfront
194901,2026-01-06,2027-01-06,2026-01-06,351.64,351.64,,0,Upfront
201552,2026-01-17,2027-01-17,2026-01-17,351.64,351.64,,0,Upfront
206164,2026-01-28,2027-01-28,2026-01-28,433.61,433.61,,0,Upfront
187703,2026-01-02,2027-01-02,2026-01-02,351.64,351.64,,0,Upfront
207341,2026-01-30,2027-01-30,2026-01-30,351.64,351.64,,0,Upfront
199332,2026-01-13,2027-01-13,2026-01-13,351.64,351.64,,0,Upfront
212343,2026-02-13,2027-02-13,2026-02-13,351.64,351.64,,0,Upfront
213698,2026-02-18,2027-02-18,2026-02-18,433.61,433.61,,0,Upfront
186651,2026-01-08,2027-01-08,2026-01-08,351.64,351.64,,0,Upfront
198523,2026-01-13,2027-01-13,2026-01-13,433.61,433.61,,0,Upfront
208495,2026-02-01,2027-02-01,2026-02-01,351.64,351.64,,0,Upfront
205074,2026-01-25,2027-01-25,2026-01-25,351.64,351.64,,0,Upfront
195421,2026-01-07,2027-01-07,2026-01-07,351.64,351.64,,0,Upfront
201512,2026-01-17,2027-01-17,2026-01-17,351.64,351.64,,0,Upfront
196330,2026-01-08,2027-01-08,2026-01-08,433.61,433.61,,0,Upfront
197072,2026-01-09,2027-01-09,2026-01-09,1033.36,1033.36,,0,Upfront
205743,2026-01-27,2027-01-27,2026-01-27,351.64,351.64,,0,Upfront
200333,2026-01-15,2027-01-15,2026-01-15,433.61,433.61,,0,Upfront
192144,2026-01-02,2027-01-02,2026-01-02,433.61,433.61,,0,Upfront
188569,2026-01-04,2027-01-04,2026-01-04,351.64,351.64,,0,Upfront
202702,2026-01-21,2027-01-21,2026-01-21,351.64,351.64,,0,Upfront
209258,2026-02-04,2027-02-04,2026-02-04,351.64,351.64,,0,Upfront
188449,2026-01-04,2027-01-04,2026-01-04,351.64,351.64,,0,Upfront
188991,2026-02-27,2027-02-27,2026-02-27,351.64,351.64,,0,Upfront
192759,2026-01-03,2027-01-03,2026-01-03,1033.36,1033.36,,0,Upfront
200322,2026-01-15,2027-01-15,2026-01-15,269.67,269.67,,0,Upfront
215005,2026-02-21,2027-02-21,2026-02-21,392.62,392.62,,0,Upfront
197060,2026-01-09,2027-01-09,2026-01-09,351.64,351.64,,0,Upfront
169399,2026-01-31,2027-01-31,2026-01-31,269.67,269.67,,0,Upfront
194897,2026-01-07,2027-01-07,2026-01-07,351.64,351.64,,0,Upfront
197264,2026-01-09,2027-01-09,2026-01-09,310.66,310.66,,0,Upfront
172542,2026-01-13,2027-01-13,2026-01-13,269.67,269.67,,0,Upfront
197279,2026-01-10,2027-01-11,2026-01-10,433.61,433.61,,0,Upfront
207955,2026-01-31,2027-01-31,2026-01-31,351.64,351.64,,0,Upfront
188630,2026-01-30,2027-01-30,2026-01-30,351.64,351.64,,0,Upfront
193340,2026-01-04,2027-01-04,2026-01-04,257.05,257.05,,0,Upfront
188806,2026-01-02,2027-01-02,2026-01-02,351.64,351.64,,0,Upfront
174372,2026-02-10,2027-02-10,2026-02-10,351.64,351.64,,0,Upfront
212724,2026-02-14,2027-02-14,2026-02-14,269.67,269.67,,0,Upfront
203208,2026-01-23,2027-01-23,2026-01-23,269.67,269.67,,0,Upfront
202088,2026-01-18,2027-01-18,2026-01-18,351.64,351.64,,0,Upfront
208998,2026-02-03,2027-02-03,2026-02-03,351.64,351.64,,0,Upfront
197773,2026-01-13,2027-01-13,2026-01-13,351.64,351.64,,0,Upfront
208098,2026-01-31,2027-01-31,2026-01-31,228.69,228.69,,0,Upfront
203985,2026-01-23,2027-01-23,2026-01-23,351.64,351.64,,0,Upfront
216596,2026-02-27,2027-02-27,2026-02-27,351.64,351.64,,0,Upfront
197795,2026-01-10,2027-01-10,2026-01-10,351.64,351.64,,0,Upfront
211675,2026-02-11,2027-02-11,2026-02-11,339.02,339.02,,0,Upfront
205784,2026-01-29,2027-01-29,2026-01-29,269.67,269.67,,0,Upfront
189048,2026-01-07,2027-01-07,2026-01-07,351.64,351.64,,0,Upfront
204185,2026-01-25,2027-01-25,2026-01-25,433.61,433.61,,0,Upfront
205787,2026-01-28,2027-01-30,2026-01-28,427.5,427.5,,0,Upfront
195909,2026-01-07,2027-01-08,2026-01-07,351.64,351.64,,0,Upfront
187688,2026-01-21,2027-01-21,2026-01-21,269.67,269.67,,0,Upfront
210210,2026-02-06,2027-02-06,2026-02-06,269.67,269.67,,0,Upfront
194654,2026-01-06,2027-01-06,2026-01-06,1233.36,1233.36,,0,Upfront
210472,2026-02-07,2027-02-07,2026-02-07,351.64,351.64,,0,Upfront
187705,2026-01-04,2027-01-04,2026-01-04,351.64,351.64,,0,Upfront
196312,2026-01-08,2027-01-08,2026-01-08,351.64,351.64,,0,Upfront
217072,2026-02-28,2027-02-28,2026-02-28,351.64,351.64,,0,Upfront
203456,2026-01-22,2027-01-22,2026-01-22,351.64,351.64,,0,Upfront
207965,2026-01-31,2027-01-31,2026-01-31,351.64,351.64,,0,Upfront
196706,2026-01-09,2027-01-09,2026-01-09,351.64,351.64,,0,Upfront
209621,2026-02-05,2027-02-05,2026-02-05,351.64,351.64,,0,Upfront
194131,2026-01-04,2027-01-04,2026-01-04,351.64,351.64,,0,Upfront
188470,2026-01-04,2027-01-04,2026-01-04,433.61,433.61,,0,Upfront
203951,2026-01-23,2027-01-23,2026-01-23,351.64,351.64,,0,Upfront
214801,2026-02-21,2027-02-21,2026-02-21,433.61,433.61,,0,Upfront
193325,2026-01-03,2027-01-03,2026-01-03,351.64,351.64,,0,Upfront
205740,2026-01-27,2027-01-27,2026-01-27,351.64,351.64,,0,Upfront
206688,2026-01-29,2027-01-29,2026-01-29,351.64,351.64,2026-01-30,351.64,Upfront
199750,2026-01-14,2027-01-14,2026-01-14,339.02,339.02,,0,Upfront
198515,2026-01-12,2027-01-12,2026-01-12,351.64,351.64,2026-01-15,163.93,Upfront
201545,2026-01-17,2027-01-17,2026-01-17,1033.36,1033.36,,0,Upfront
213069,2026-02-15,2027-02-15,2026-02-15,351.64,351.64,,0,Upfront
187859,2026-01-03,2027-01-03,2026-01-03,345.53,345.53,,0,Upfront
205924,2024-12-27,2026-12-27,2026-01-28,351.64,351.64,,0,Upfront
188209,2026-01-02,2027-01-02,2026-01-02,351.64,351.64,,0,Upfront
193367,2026-01-03,2027-01-03,2026-01-03,433.61,433.61,,0,Upfront
187704,2026-01-04,2027-01-04,2026-01-04,351.64,351.64,,0,Upfront
196580,2026-01-08,2027-01-08,2026-01-08,310.66,310.66,,0,Upfront
212473,2026-02-13,2027-02-13,2026-02-13,310.66,310.66,,0,Upfront
187715,2026-01-06,2027-01-06,2026-01-06,351.64,351.64,,0,Upfront
193369,2026-01-03,2027-01-03,2026-01-03,339.02,339.02,,0,Upfront
217101,2026-02-28,2027-02-28,2026-02-28,433.61,433.61,,0,Upfront
208534,2026-02-01,2027-02-01,2026-02-01,351.64,351.64,,0,Upfront
187818,2026-01-03,2027-01-03,2026-01-03,351.64,351.64,,0,Upfront
210880,2026-02-08,2027-02-08,2026-02-08,351.64,351.64,,0,Upfront
197065,2026-01-09,2027-01-09,2026-01-09,351.64,351.64,,0,Upfront
197777,2026-01-10,2027-01-10,2026-01-10,433.61,433.61,,0,Upfront
203963,2026-01-23,2027-01-23,2026-01-23,351.64,351.64,,0,Upfront
211220,2026-02-09,2027-02-09,2026-02-09,433.61,433.61,,0,Upfront
211647,2026-02-11,2027-02-11,2026-02-11,351.64,351.64,,0,Upfront
188222,2026-01-02,2027-01-02,2026-01-02,269.67,269.67,,0,Upfront
201563,2026-01-17,2027-01-17,2026-01-17,351.64,351.64,,0,Upfront
215191,2026-02-22,2027-02-22,2026-02-22,351.64,351.64,,0,Upfront
199708,2026-01-14,2027-01-14,2026-01-14,433.61,433.61,,0,Upfront
202982,2026-01-21,2027-01-21,2026-01-21,351.64,351.64,,0,Upfront
199691,2026-01-14,2027-01-14,2026-01-14,269.67,269.67,,0,Upfront
202989,2026-01-21,2027-01-21,2026-01-21,269.67,269.67,,0,Upfront
209613,2026-02-05,2027-02-05,2026-02-05,351.64,351.64,,0,Upfront
204706,2026-01-24,2027-01-24,2026-01-24,351.64,351.64,,0,Upfront
208532,2026-02-01,2027-02-01,2026-02-01,351.64,351.64,,0,Upfront
192163,2026-01-02,2027-01-02,2026-01-02,351.64,351.64,,0,Upfront
188238,2026-01-02,2027-01-02,2026-01-02,351.64,351.64,,0,Upfront
192114,2026-01-02,2027-01-02,2026-01-02,1233.36,1233.36,,0,Upfront
193346,2026-01-03,2027-01-03,2026-01-03,351.64,351.64,,0,Upfront
187881,2026-02-05,2027-02-05,2026-02-05,427.5,427.5,,0,Upfront
213154,2026-02-16,2027-02-16,2026-02-16,351.64,351.64,,0,Upfront
217096,2026-02-28,2027-02-28,2026-02-28,0,0,,0,Upfront
202105,2026-01-18,2027-01-18,2026-01-18,351.64,351.64,,0,Upfront
188362,2026-01-02,2027-01-02,2026-01-02,351.64,351.64,,0,Upfront
187760,2026-01-03,2027-01-03,2026-01-03,345.53,345.53,,0,Upfront
187748,2026-01-02,2027-01-02,2026-01-02,345.53,345.53,,0,Upfront
209249,2026-02-06,2027-02-06,2026-02-06,351.64,351.64,,0,Upfront
197780,2026-01-12,2027-01-12,2026-01-12,433.61,433.61,,0,Upfront
193358,2026-01-03,2027-01-03,2026-01-03,351.64,351.64,,0,Upfront
203213,2026-01-21,2027-01-22,2026-01-21,433.61,433.61,,0,Upfront
192669,2026-01-02,2027-01-02,2026-01-02,310.66,310.66,,0,Upfront
196336,2026-01-08,2027-01-08,2026-01-08,433.61,433.61,,0,Upfront
195447,2026-01-07,2027-01-07,2026-01-07,1233.36,1233.36,,0,Upfront
211986,2026-02-12,2027-02-12,2026-02-12,351.64,351.64,,0,Upfront
211660,2026-02-11,2027-02-11,2026-02-11,351.64,351.64,,0,Upfront
200267,2026-01-15,2027-01-15,2026-01-15,433.61,433.61,,0,Upfront
199682,2026-01-14,2027-01-14,2026-01-14,433.61,433.61,,0,Upfront
210456,2026-02-07,2027-02-07,2026-02-07,339.02,339.02,,0,Upfront
214167,2026-02-19,2027-02-19,2026-02-19,433.61,433.61,,0,Upfront
201533,2026-01-17,2027-01-17,2026-01-17,351.64,351.64,,0,Upfront
206638,2026-01-29,2027-01-29,2026-01-29,351.64,351.64,,0,Upfront
194591,2026-01-05,2027-01-05,2026-01-05,433.61,433.61,,0,Upfront
196296,2026-02-11,2027-02-11,2026-02-11,1033.36,1033.36,,0,Upfront
214820,2026-02-21,2027-02-21,2026-02-21,351.64,351.64,,0,Upfront
205071,2026-01-25,2027-01-25,2026-01-25,351.64,351.64,,0,Upfront
193518,2026-01-08,2027-01-09,2026-01-08,263.57,263.57,,0,Upfront
193292,2026-01-03,2027-01-03,2026-01-03,269.67,269.67,,0,Upfront
188443,2026-01-02,2027-01-02,2026-01-02,433.61,433.61,,0,Upfront
202116,2026-01-18,2027-01-18,2026-01-18,433.61,433.61,,0,Upfront
207975,2026-01-31,2027-01-31,2026-01-31,339.02,339.02,,0,Upfront
205864,2026-01-27,2027-01-27,2026-01-27,310.66,310.66,,0,Upfront
198506,2026-01-11,2027-01-11,2026-01-11,339.02,339.02,,0,Upfront
205119,2026-01-27,2027-01-27,2026-01-27,351.64,351.64,,0,Upfront
197818,2026-01-10,2027-01-10,2026-01-10,351.64,351.64,,0,Upfront
203959,2026-01-23,2027-01-23,2026-01-23,351.64,351.64,,0,Upfront
187762,2026-01-05,2027-01-05,2026-01-05,345.53,345.53,,0,Upfront
192129,2026-01-02,2027-01-02,2026-01-02,351.64,351.64,,0,Upfront
195231,2026-02-26,2027-02-26,2026-02-26,351.64,351.64,,0,Upfront
207958,2026-01-31,2027-01-31,2026-01-31,351.64,351.64,,0,Upfront
210014,2026-02-06,2027-02-06,2026-02-06,269.67,269.67,,0,Upfront
195442,2026-01-07,2027-01-07,2026-01-07,351.64,351.64,,0,Upfront
213078,2026-02-15,2027-02-15,2026-02-15,269.67,269.67,,0,Upfront
193350,2026-01-03,2027-01-03,2026-01-03,433.61,433.61,,0,Upfront
203473,2026-01-22,2027-01-22,2026-01-22,351.64,351.64,,0,Upfront
197056,2026-01-09,2027-01-09,2026-01-09,1233.36,1233.36,,0,Upfront
205781,2026-01-27,2027-01-27,2026-01-27,455.98,455.98,,0,Upfront
187790,2026-01-02,2027-01-02,2026-01-02,433.61,433.61,,0,Upfront
188619,2026-01-14,2027-01-14,2026-01-14,433.61,433.61,,0,Upfront
209834,2026-02-06,2027-02-06,2026-02-06,351.64,351.64,,0,Upfront
187767,2026-01-02,2027-01-02,2026-01-02,420.98,420.98,,0,Upfront
197039,2026-01-09,2027-01-09,2026-01-09,351.64,351.64,,0,Upfront
206168,2026-01-28,2027-01-28,2026-01-28,339.02,339.02,,0,Upfront
183211,2026-02-14,2027-02-14,2026-02-14,351.64,351.64,,0,Upfront
201712,2026-01-17,2027-01-17,2026-01-17,310.66,310.66,,0,Upfront
187837,2026-01-03,2027-01-03,2026-01-03,345.53,345.53,,0,Upfront
178298,2026-02-18,2027-02-18,2026-02-18,351.64,351.64,,0,Upfront
216593,2026-02-27,2027-02-27,2026-02-27,351.64,351.64,,0,Upfront
188040,2026-01-02,2027-01-02,2026-01-02,351.64,351.64,,0,Upfront
188171,2026-01-02,2027-01-02,2026-01-02,351.64,351.64,2026-01-28,351.64,Upfront
202973,2026-01-21,2027-01-21,2026-01-21,1233.36,1233.36,,0,Upfront
194150,2026-01-04,2027-01-04,2026-01-04,339.02,339.02,,0,Upfront
197827,2026-01-10,2027-01-10,2026-01-10,351.64,351.64,,0,Upfront
201544,2026-01-21,2027-01-21,2026-01-21,351.64,351.64,,0,Upfront
187853,2026-01-03,2027-01-03,2026-01-03,345.53,345.53,,0,Upfront
213674,2026-02-18,2027-02-18,2026-02-18,351.64,351.64,,0,Upfront
199321,2026-01-13,2027-01-13,2026-01-13,351.64,351.64,,0,Upfront
200339,2026-01-15,2027-01-15,2026-01-15,351.64,351.64,,0,Upfront
199325,2026-01-15,2027-01-15,2026-01-15,351.64,351.64,,0,Upfront
207969,2026-01-31,2027-01-31,2026-01-31,351.64,351.64,,0,Upfront
192175,2026-01-02,2027-01-02,2026-01-02,433.61,433.61,,0,Upfront
198496,2026-01-12,2027-01-12,2026-01-12,269.67,269.67,,0,Upfront
187802,2026-01-03,2027-01-03,2026-01-03,345.53,345.53,,0,Upfront
187980,2026-01-17,2027-01-17,2026-01-17,433.61,433.61,,0,Upfront
208539,2026-02-01,2027-02-01,2026-02-01,433.61,433.61,,0,Upfront
214112,2026-02-19,2027-02-19,2026-02-19,310.66,310.66,,0,Upfront
188365,2026-01-02,2027-01-02,2026-01-02,351.64,351.64,,0,Upfront
212104,2026-02-12,2027-02-12,2026-02-12,310.66,310.66,,0,Upfront
198468,2026-01-11,2027-01-11,2026-01-11,351.64,351.64,,0,Upfront
204128,2026-01-23,2027-01-23,2026-01-23,269.67,269.67,,0,Upfront
192670,2026-01-02,2027-01-03,2026-01-02,1199,1199,,0,Upfront
196350,2026-01-08,2027-01-08,2026-01-08,351.64,351.64,,0,Upfront
187953,2026-01-02,2027-01-02,2026-01-02,351.64,351.64,,0,Upfront
203970,2026-01-23,2027-01-23,2026-01-23,433.61,433.61,,0,Upfront
187823,2026-01-03,2027-01-03,2026-01-03,433.61,433.61,,0,Upfront
207323,2026-01-30,2027-01-30,2026-01-30,351.64,351.64,,0,Upfront
187822,2026-01-04,2027-01-04,2026-01-04,345.53,345.53,,0,Upfront
188942,2026-01-02,2027-01-02,2026-01-02,351.64,351.64,,0,Upfront
207329,2026-01-30,2027-01-30,2026-01-30,351.64,351.64,,0,Upfront
206675,2026-01-29,2027-01-29,2026-01-29,420.98,420.98,,0,Upfront
192155,2026-01-02,2027-01-02,2026-01-02,269.67,269.67,,0,Upfront
195213,2026-01-07,2027-01-07,2026-01-07,339.02,339.02,,0,Upfront
197089,2026-01-09,2027-01-09,2026-01-09,351.64,351.64,,0,Upfront
203477,2026-01-23,2027-01-23,2026-01-23,351.64,351.64,,0,Upfront
210016,2026-02-06,2027-02-06,2026-02-06,433.61,433.61,,0,Upfront
205083,2026-01-25,2027-01-25,2026-01-25,351.64,351.64,,0,Upfront
196602,2026-01-08,2027-01-09,2026-01-08,269.67,269.67,,0,Upfront
189018,2026-01-04,2027-01-04,2026-01-04,351.64,351.64,,0,Upfront
188308,2026-01-02,2027-01-02,2026-01-02,351.64,351.64,,0,Upfront
203277,2026-01-21,2027-01-21,2026-01-21,310.66,310.66,,0,Upfront
185058,2024-12-16,2026-12-16,2026-01-31,392.62,392.62,,0,Upfront
187942,2026-01-03,2027-01-03,2026-01-03,351.64,351.64,,0,Upfront
206917,2026-01-30,2027-01-30,2026-01-30,351.64,351.64,,0,Upfront
199390,2026-01-13,2027-01-13,2026-01-13,351.64,351.64,,0,Upfront
188220,2026-01-03,2027-01-03,2026-01-03,351.64,351.64,,0,Upfront
205089,2026-01-26,2027-01-26,2026-01-26,351.64,351.64,,0,Upfront
210043,2026-02-11,2027-02-11,2026-02-11,351.64,351.64,,0,Upfront
206295,2026-01-28,2027-01-28,2026-01-28,310.66,310.66,,0,Upfront
188478,2026-01-03,2027-01-03,2026-01-03,351.64,351.64,,0,Upfront
188320,2026-01-02,2027-01-02,2026-01-02,433.61,433.61,,0,Upfront
206126,2026-01-28,2027-01-28,2026-01-28,351.64,351.64,,0,Upfront
206873,2026-01-29,2027-01-29,2026-01-29,351.64,351.64,,0,Upfront
199327,2026-01-13,2027-01-13,2026-01-13,339.02,339.02,,0,Upfront
213445,2026-02-17,2027-02-17,2026-02-17,433.61,433.61,,0,Upfront
201554,2026-01-17,2027-01-17,2026-01-17,351.64,351.64,,0,Upfront
205515,2026-01-26,2027-01-26,2026-01-26,433.61,433.61,,0,Upfront
194171,2026-01-04,2027-01-04,2026-01-04,257.05,257.05,,0,Upfront
196303,2026-01-08,2027-01-08,2026-01-08,433.61,433.61,,0,Upfront
187950,2026-01-02,2027-01-02,2026-01-02,269.67,269.67,,0,Upfront
188167,2026-01-02,2027-01-02,2026-01-02,433.61,433.61,,0,Upfront
197083,2026-01-09,2027-01-09,2026-01-09,433.61,433.61,,0,Upfront
213047,2026-02-16,2027-02-16,2026-02-16,269.67,269.67,,0,Upfront
203668,2026-01-22,2027-01-22,2026-01-22,351.64,351.64,,0,Upfront
192138,2026-01-03,2027-01-03,2026-01-03,263.57,263.57,,0,Upfront
192115,2026-01-03,2027-01-03,2026-01-03,1033.36,1033.36,,0,Upfront
187917,2026-01-02,2027-01-02,2026-01-02,351.64,351.64,,0,Upfront
194900,2026-01-07,2027-01-07,2026-01-07,351.64,351.64,,0,Upfront
211993,2026-02-12,2027-02-12,2026-02-12,345.53,345.53,,0,Upfront
212000,2026-02-13,2027-02-13,2026-02-13,351.64,351.64,,0,Upfront
202991,2026-01-21,2027-01-21,2026-01-21,351.64,351.64,,0,Upfront
214580,2026-02-20,2027-02-20,2026-02-20,105.74,105.74,,0,Upfront
192142,2026-01-02,2027-01-02,2026-01-02,351.64,351.64,,0,Upfront
212002,2026-02-12,2027-02-12,2026-02-12,351.64,351.64,,0,Upfront
214396,2026-02-20,2027-02-20,2026-02-20,345.53,345.53,,0,Upfront
198465,2026-01-11,2027-01-11,2026-01-11,351.64,351.64,,0,Upfront
208496,2026-02-01,2027-02-01,2026-02-01,351.64,351.64,,0,Upfront
188070,2026-01-02,2027-01-02,2026-01-02,351.64,351.64,,0,Upfront
216585,2026-02-27,2027-02-27,2026-02-27,351.64,351.64,,0,Upfront
206105,2026-01-28,2027-01-28,2026-01-28,1233.36,1233.36,,0,Upfront
188042,2026-01-02,2027-01-02,2026-01-02,433.61,433.61,,0,Upfront
201780,2026-01-17,2027-01-17,2026-01-17,310.66,310.66,,0,Upfront
188032,2026-01-03,2027-01-03,2026-01-03,433.61,433.61,,0,Upfront
201536,2026-01-17,2027-01-17,2026-01-17,351.64,351.64,,0,Upfront
192133,2026-01-02,2027-01-02,2026-01-02,433.61,433.61,,0,Upfront
192174,2026-01-03,2027-01-03,2026-01-03,433.61,433.61,2026-01-28,433.61,Upfront
192611,2026-01-02,2027-01-02,2026-01-02,228.69,228.69,,0,Upfront
198513,2026-01-11,2027-01-11,2026-01-11,420.98,420.98,,0,Upfront
209216,2026-02-04,2027-02-04,2026-02-04,433.61,433.61,,0,Upfront
188004,2026-01-02,2027-01-02,2026-01-02,433.61,433.61,,0,Upfront
199680,2026-01-15,2027-01-15,2026-01-15,351.64,351.64,,0,Upfront
192128,2026-01-02,2027-01-02,2026-01-02,351.64,351.64,,0,Upfront
214930,2026-02-21,2027-02-21,2026-02-21,310.66,310.66,,0,Upfront
211992,2026-02-12,2027-02-12,2026-02-12,351.64,351.64,,0,Upfront
190092,2026-01-02,2027-01-02,2026-01-02,351.64,351.64,,0,Upfront
188079,2026-01-02,2027-01-02,2026-01-02,351.64,351.64,,0,Upfront
199019,2026-01-12,2027-01-12,2026-01-12,1033.36,1033.36,,0,Upfront
200311,2026-01-15,2027-01-15,2026-01-15,351.64,351.64,,0,Upfront
188005,2026-01-02,2027-01-02,2026-01-02,433.61,433.61,,0,Upfront
214351,2026-02-20,2027-02-20,2026-02-20,433.61,433.61,,0,Upfront
195419,2026-01-07,2027-01-07,2026-01-07,1199,1199,,0,Upfront
207349,2026-01-30,2027-01-30,2026-01-30,351.64,351.64,,0,Upfront
188558,2026-01-10,2027-01-10,2026-01-10,351.64,351.64,,0,Upfront
203494,2026-01-22,2027-01-22,2026-01-22,351.64,351.64,,0,Upfront
188038,2026-01-12,2027-01-12,2026-01-12,420.98,420.98,,0,Upfront
200924,2026-01-16,2027-01-16,2026-01-16,351.64,351.64,,0,Upfront
210040,2026-02-06,2027-02-06,2026-02-06,351.64,351.64,,0,Upfront
214826,2026-02-21,2027-02-21,2026-02-21,269.67,269.67,,0,Upfront
197046,2026-01-09,2027-01-09,2026-01-09,269.67,269.67,,0,Upfront
203481,2026-01-22,2027-01-22,2026-01-22,269.67,269.67,,0,Upfront
196347,2026-01-22,2027-01-22,2026-01-22,351.64,351.64,,0,Upfront
198503,2026-01-11,2027-01-11,2026-01-11,351.64,351.64,,0,Upfront
192103,2026-01-02,2027-01-02,2026-01-02,433.61,433.61,,0,Upfront
200294,2026-01-15,2027-01-15,2026-01-15,351.64,351.64,,0,Upfront
197815,2026-01-18,2027-01-18,2026-01-18,339.02,339.02,,0,Upfront
201514,2026-01-21,2027-01-21,2026-01-21,351.64,351.64,,0,Upfront
195230,2026-01-07,2027-01-07,2026-01-07,1233.36,1233.36,,0,Upfront
188129,2026-01-06,2027-01-06,2026-01-06,351.64,351.64,,0,Upfront
188989,2026-01-07,2027-01-07,2026-01-07,351.64,351.64,,0,Upfront
198477,2026-01-11,2027-01-11,2026-01-11,433.61,433.61,,0,Upfront
188147,2026-01-14,2027-01-14,2026-01-14,351.64,351.64,,0,Upfront
188675,2026-01-04,2027-01-04,2026-01-04,351.64,351.64,,0,Upfront
206894,2026-01-29,2027-01-29,2026-01-29,433.61,433.61,,0,Upfront
188136,2026-01-02,2027-01-02,2026-01-02,351.64,351.64,,0,Upfront
188093,2026-01-07,2027-01-07,2026-01-07,269.67,269.67,,0,Upfront
188299,2026-01-02,2027-01-02,2026-01-02,351.64,351.64,,0,Upfront
188210,2026-01-02,2027-01-02,2026-01-02,420.98,420.98,,0,Upfront
202090,2026-01-18,2027-01-18,2026-01-18,433.61,433.61,,0,Upfront
188192,2026-01-09,2027-01-09,2026-01-09,433.61,433.61,,0,Upfront
196278,2026-01-08,2027-01-08,2026-01-08,1233.36,1233.36,,0,Upfront
193305,2026-01-03,2027-01-03,2026-01-03,433.61,433.61,,0,Upfront
188233,2026-01-07,2027-01-07,2026-01-07,269.67,269.67,,0,Upfront
188859,2026-01-02,2027-01-02,2026-01-02,269.67,269.67,,0,Upfront
207968,2026-01-31,2027-01-31,2026-01-31,351.64,351.64,,0,Upfront
189031,2026-01-02,2027-01-02,2026-01-02,351.64,351.64,,0,Upfront
206667,2026-01-31,2027-01-31,2026-01-31,351.64,351.64,,0,Upfront
194109,2026-01-05,2027-01-05,2026-01-05,351.64,351.64,,0,Upfront
192168,2026-01-02,2027-01-02,2026-01-02,351.64,351.64,,0,Upfront
190078,2026-01-04,2027-01-04,2026-01-04,1233.36,1233.36,,0,Upfront
198498,2026-01-11,2027-01-11,2026-01-11,269.67,269.67,,0,Upfront
188486,2026-01-08,2027-01-08,2026-01-08,269.67,269.67,,0,Upfront
201546,2026-01-17,2027-01-17,2026-01-17,433.61,433.61,,0,Upfront
197796,2026-01-10,2027-01-10,2026-01-10,351.64,351.64,,0,Upfront
193634,2026-01-04,2027-01-04,2026-01-04,351.64,351.64,,0,Upfront
188544,2026-01-03,2027-01-03,2026-01-03,351.64,351.64,,0,Upfront
188313,2026-01-02,2027-01-02,2026-01-02,351.64,351.64,,0,Upfront
192104,2026-01-02,2027-01-02,2026-01-02,351.64,351.64,,0,Upfront
188456,2026-01-03,2027-01-03,2026-01-03,351.64,351.64,,0,Upfront
213062,2026-02-15,2027-02-15,2026-02-15,351.64,351.64,,0,Upfront
204008,2026-01-23,2027-01-23,2026-01-23,992.38,992.38,,0,Upfront
210471,2026-02-08,2027-02-08,2026-02-08,351.64,351.64,,0,Upfront
200284,2026-01-15,2027-01-15,2026-01-15,433.61,433.61,,0,Upfront
188276,2026-01-02,2027-01-02,2026-01-02,269.67,269.67,,0,Upfront
203487,2026-01-22,2027-01-22,2026-01-22,351.64,351.64,,0,Upfront
188507,2026-01-03,2027-01-03,2026-01-03,351.64,351.64,,0,Upfront
188627,2026-01-02,2027-01-02,2026-01-02,339.02,339.02,,0,Upfront
196327,2026-01-08,2027-01-08,2026-01-08,433.61,433.61,,0,Upfront
205750,2026-01-27,2027-01-27,2026-01-27,1033.36,1033.36,,0,Upfront
210893,2026-02-08,2027-02-08,2026-02-08,351.64,351.64,,0,Upfront
196316,2026-01-09,2027-01-09,2026-01-09,351.64,351.64,,0,Upfront
199705,2026-01-14,2027-01-14,2026-01-14,351.64,351.64,,0,Upfront
197296,2026-01-09,2027-01-09,2026-01-09,1282.54,1282.54,,0,Upfront
188335,2026-01-03,2027-01-03,2026-01-03,433.61,433.61,,0,Upfront
188662,2026-01-02,2027-01-02,2026-01-02,351.64,351.64,,0,Upfront
188439,2026-01-04,2027-01-04,2026-01-04,433.61,433.61,,0,Upfront
206856,2026-01-29,2027-01-29,2026-01-29,351.64,351.64,,0,Upfront
200933,2026-01-16,2027-01-16,2026-01-16,351.64,351.64,2026-01-17,351.64,Upfront
199740,2026-01-21,2027-01-21,2026-01-21,433.61,433.61,2026-02-28,81.97,Upfront
194898,2026-01-06,2027-01-06,2026-01-06,269.67,269.67,,0,Upfront
205898,2026-01-27,2027-01-27,2026-01-27,392.62,392.62,,0,Upfront
188574,2026-01-02,2027-01-02,2026-01-02,351.64,351.64,,0,Upfront
186821,2024-12-29,2026-12-29,2026-02-09,351.64,351.64,,0,Upfront
195200,2026-01-07,2027-01-07,2026-01-07,351.64,351.64,,0,Upfront
216625,2026-02-27,2027-02-27,2026-02-27,351.64,351.64,,0,Upfront
188343,2026-01-02,2027-01-02,2026-01-02,433.61,433.61,,0,Upfront
208537,2026-02-01,2027-02-01,2026-02-01,433.61,433.61,,0,Upfront
206151,2026-01-28,2027-01-28,2026-01-28,433.61,433.61,,0,Upfront
192127,2026-01-02,2027-01-02,2026-01-02,351.64,351.64,,0,Upfront
188702,2026-01-02,2027-01-02,2026-01-02,351.64,351.64,,0,Upfront
211260,2026-02-13,2027-02-13,2026-02-13,799,799,,0,Upfront
188318,2026-01-11,2027-01-11,2026-01-11,433.61,433.61,,0,Upfront
207948,2026-01-31,2027-01-31,2026-01-31,433.61,433.61,,0,Upfront
202965,2026-01-21,2027-01-21,2026-01-21,351.64,351.64,,0,Upfront
192177,2026-01-02,2027-01-02,2026-01-02,351.64,351.64,2026-01-24,351.64,Upfront
197105,2026-01-09,2027-01-09,2026-01-09,351.64,351.64,,0,Upfront
214375,2026-02-20,2027-02-20,2026-02-20,351.64,351.64,,0,Upfront
196306,2026-01-11,2027-01-11,2026-01-11,351.64,351.64,,0,Upfront
193337,2026-01-03,2027-01-03,2026-01-03,351.64,351.64,,0,Upfront
200323,2026-01-15,2027-01-15,2026-01-15,433.61,433.61,,0,Upfront
188632,2026-01-02,2027-01-02,2026-01-02,351.64,351.64,,0,Upfront
197110,2026-01-09,2027-01-09,2026-01-09,433.61,433.61,,0,Upfront
194135,2026-01-04,2027-01-04,2026-01-04,351.64,351.64,,0,Upfront
194596,2026-01-05,2027-01-05,2026-01-05,351.64,351.64,,0,Upfront
188303,2026-01-02,2027-01-02,2026-01-02,433.61,433.61,,0,Upfront
197067,2026-01-09,2027-01-09,2026-01-09,1233.36,1233.36,,0,Upfront
188396,2026-01-02,2027-01-02,2026-01-02,433.61,433.61,,0,Upfront
188748,2026-01-14,2027-01-14,2026-01-14,433.61,433.61,,0,Upfront
188604,2026-01-05,2027-01-05,2026-01-05,433.61,433.61,,0,Upfront
193313,2026-01-03,2027-01-03,2026-01-03,351.64,351.64,,0,Upfront
211641,2026-02-11,2027-02-11,2026-02-11,433.61,433.61,,0,Upfront
188644,2026-01-03,2027-01-03,2026-01-03,351.64,351.64,,0,Upfront
202815,2026-01-20,2027-01-21,2026-01-20,433.61,433.61,,0,Upfront
197074,2026-02-13,2027-02-13,2026-02-13,351.64,351.64,,0,Upfront
197052,2026-01-09,2027-01-09,2026-01-09,433.61,433.61,,0,Upfront
188540,2026-01-02,2027-01-02,2026-01-02,351.64,351.64,,0,Upfront
207967,2026-01-31,2027-01-31,2026-01-31,351.64,351.64,,0,Upfront
193361,2026-01-03,2027-01-03,2026-01-03,351.64,351.64,,0,Upfront